Time (s),Take sample,Powertrain 1 ESC throttle - target (μs)
0.0, ,1400.0
1.0, ,1400.0
2.0, ,1400.0
3.0, ,1400.0
4.0, ,1400.0
5.0, ,1400.0
6.0, ,1400.0
7.0, ,1400.0
8.0, ,1400.0
9.0, ,1400.0
10.0, ,1398.04
11.0, ,1382.352
12.0, ,1372.55
13.0, ,1349.02
14.0, ,1329.412
15.0, ,1313.726
16.0, ,1307.844
17.0, ,1307.844
18.0, ,1315.686
19.0, ,1327.45
20.0, ,1331.372
21.0, ,1337.254
22.0, ,1343.138
23.0, ,1339.216
24.0, ,1345.098
25.0, ,1350.98
26.0, ,1350.98
27.0, ,1343.138
28.0, ,1315.686
29.0, ,1311.764
30.0, ,1303.922
31.0, ,1303.922
32.0, ,1301.96
33.0, ,1300.0
34.0, ,1317.648
35.0, ,1325.49
36.0, ,1327.45
37.0, ,1333.334
38.0, ,1339.216
39.0, ,1354.902
40.0, ,1354.902
41.0, ,1350.98
42.0, ,1349.02
43.0, ,1343.138
44.0, ,1331.372
45.0, ,1323.53
46.0, ,1317.648
47.0, ,1315.686
48.0, ,1309.804
49.0, ,1303.922
50.0, ,1300.0
51.0, ,1292.156
52.0, ,1278.432
53.0, ,1278.432
54.0, ,1282.352
55.0, ,1282.352
56.0, ,1288.236
57.0, ,1298.04
58.0, ,1303.922
59.0, ,1305.882
60.0, ,1303.922
61.0, ,1309.804
62.0, ,1321.568
63.0, ,1335.294
64.0, ,1337.254
65.0, ,1343.138
66.0, ,1343.138
67.0, ,1343.138
68.0, ,1339.216
69.0, ,1333.334
70.0, ,1331.372
71.0, ,1327.45
72.0, ,1327.45
73.0, ,1327.45
74.0, ,1331.372
75.0, ,1335.294
76.0, ,1331.372
77.0, ,1335.294
78.0, ,1333.334
79.0, ,1327.45
80.0, ,1315.686
81.0, ,1313.726
82.0, ,1307.844
83.0, ,1315.686
84.0, ,1315.686
85.0, ,1323.53
86.0, ,1321.568
87.0, ,1319.608
88.0, ,1309.804
89.0, ,1303.922
90.0, ,1298.04
91.0, ,1298.04
92.0, ,1301.96
93.0, ,1315.686
94.0, ,1319.608
95.0, ,1321.568
96.0, ,1311.764
97.0, ,1305.882
98.0, ,1301.96
99.0, ,1290.196
100.0, ,1274.51
101.0, ,1258.824
102.0, ,1245.098
103.0, ,1229.412
104.0, ,1213.726
105.0, ,1203.922
106.0, ,1200.0
107.0, ,1200.0
108.0, ,1200.0
109.0, ,1200.0
110.0, ,1200.0
111.0, ,1209.804
112.0, ,1250.98
113.0, ,1282.352
114.0, ,1315.686
115.0, ,1337.254
116.0, ,1341.176
117.0, ,1339.216
118.0, ,1331.372
119.0, ,1325.49
120.0, ,1313.726
121.0, ,1305.882
122.0, ,1364.706
123.0, ,1313.726
124.0, ,1305.882
125.0, ,1296.078
126.0, ,1288.236
127.0, ,1296.078
128.0, ,1298.04
129.0, ,1296.078
130.0, ,1301.96
131.0, ,1309.804
132.0, ,1313.726
133.0, ,1309.804
134.0, ,1321.568
135.0, ,1292.156
136.0, ,1317.648
137.0, ,1325.49
138.0, ,1305.882
139.0, ,1301.96
140.0, ,1298.04
141.0, ,1307.844
142.0, ,1307.844
143.0, ,1303.922
144.0, ,1313.726
145.0, ,1290.196
146.0, ,1317.648
147.0, ,1317.648
148.0, ,1323.53
149.0, ,1329.412
150.0, ,1309.804
151.0, ,1301.96
152.0, ,1301.96
153.0, ,1309.804
154.0, ,1292.156
155.0, ,1313.726
156.0, ,1337.254
157.0, ,1356.862
158.0, ,1356.862
159.0, ,1356.862
160.0, ,1368.628
161.0, ,1368.628
162.0, ,1382.352
163.0, ,1325.49
164.0, ,1303.922
165.0, ,1307.844
166.0, ,1311.764
167.0, ,1276.47
168.0, ,1237.254
169.0, ,1200.0
170.0, ,1200.0
171.0, ,1200.0
172.0, ,1200.0
173.0, ,1200.0
174.0, ,1233.334
175.0, ,1274.51
176.0, ,1296.078
177.0, ,1301.96
178.0, ,1286.274
179.0, ,1303.922
180.0, ,1319.608
181.0, ,1331.372
182.0, ,1333.334
183.0, ,1333.334
184.0, ,1339.216
185.0, ,1327.45
186.0, ,1356.862
187.0, ,1400.0
188.0, ,1400.0
189.0, ,1396.078
190.0, ,1392.156
191.0, ,1400.0
192.0, ,1400.0
193.0, ,1400.0
194.0, ,1376.47
195.0, ,1343.138
196.0, ,1350.98
197.0, ,1349.02
198.0, ,1382.352
199.0, ,1398.04
200.0, ,1400.0
201.0, ,1400.0
202.0, ,1400.0
203.0, ,1347.058
204.0, ,1319.608
205.0, ,1329.412
206.0, ,1364.706
207.0, ,1364.706
208.0, ,1362.746
209.0, ,1364.706
210.0, ,1362.746
211.0, ,1364.706
212.0, ,1364.706
213.0, ,1364.706
214.0, ,1360.784
215.0, ,1360.784
216.0, ,1360.784
217.0, ,1360.784
218.0, ,1362.746
219.0, ,1362.746
220.0, ,1360.784
221.0, ,1360.784
222.0, ,1360.784
223.0, ,1362.746
224.0, ,1360.784
225.0, ,1360.784
226.0, ,1360.784
227.0, ,1360.784
228.0, ,1360.784
229.0, ,1362.746
230.0, ,1362.746
231.0, ,1360.784
232.0, ,1362.746
233.0, ,1362.746
234.0, ,1362.746
235.0, ,1362.746
236.0, ,1362.746
237.0, ,1362.746
238.0, ,1360.784
239.0, ,1362.746
240.0, ,1360.784
241.0, ,1360.784
242.0, ,1360.784
243.0, ,1360.784
244.0, ,1360.784
245.0, ,1360.784
246.0, ,1335.294
247.0, ,1335.294
248.0, ,1335.294
249.0, ,1335.294
250.0, ,1335.294
251.0, ,1335.294
252.0, ,1331.372
253.0, ,1331.372
254.0, ,1331.372
255.0, ,1331.372
256.0, ,1331.372
257.0, ,1331.372
258.0, ,1331.372
259.0, ,1331.372
260.0, ,1331.372
261.0, ,1331.372
262.0, ,1331.372
263.0, ,1333.334
264.0, ,1331.372
265.0, ,1331.372
266.0, ,1311.764
267.0, ,1311.764
268.0, ,1311.764
269.0, ,1311.764
270.0, ,1311.764
271.0, ,1337.254
272.0, ,1329.412
273.0, ,1329.412
274.0, ,1329.412
275.0, ,1329.412
276.0, ,1329.412
277.0, ,1329.412
278.0, ,1329.412
279.0, ,1329.412
280.0, ,1331.372
281.0, ,1329.412
282.0, ,1329.412
283.0, ,1329.412
284.0, ,1329.412
285.0, ,1329.412
286.0, ,1329.412
287.0, ,1329.412
288.0, ,1329.412
289.0, ,1329.412
290.0, ,1329.412
291.0, ,1329.412
292.0, ,1329.412
293.0, ,1329.412
294.0, ,1329.412
295.0, ,1329.412
296.0, ,1329.412
297.0, ,1329.412
298.0, ,1329.412
299.0, ,1329.412
300.0, ,1329.412
301.0, ,1329.412
302.0, ,1329.412
303.0, ,1329.412
304.0, ,1329.412
305.0, ,1329.412
306.0, ,1329.412
307.0, ,1329.412
308.0, ,1327.45
309.0, ,1329.412
310.0, ,1329.412
311.0, ,1329.412
312.0, ,1329.412
313.0, ,1329.412
314.0, ,1329.412
315.0, ,1329.412
316.0, ,1329.412
317.0, ,1329.412
318.0, ,1329.412
319.0, ,1329.412
320.0, ,1329.412
321.0, ,1329.412
322.0, ,1329.412
323.0, ,1329.412
324.0, ,1329.412
325.0, ,1329.412
326.0, ,1329.412
327.0, ,1329.412
328.0, ,1329.412
329.0, ,1329.412
330.0, ,1329.412
331.0, ,1329.412
332.0, ,1329.412
333.0, ,1329.412
334.0, ,1329.412
335.0, ,1329.412
336.0, ,1329.412
337.0, ,1329.412
338.0, ,1329.412
339.0, ,1329.412
340.0, ,1329.412
341.0, ,1329.412
342.0, ,1329.412
343.0, ,1329.412
344.0, ,1329.412
345.0, ,1329.412
346.0, ,1329.412
347.0, ,1329.412
348.0, ,1329.412
349.0, ,1329.412
350.0, ,1329.412
351.0, ,1329.412
352.0, ,1329.412
353.0, ,1329.412
354.0, ,1329.412
355.0, ,1331.372
356.0, ,1329.412
357.0, ,1329.412
358.0, ,1329.412
359.0, ,1329.412
360.0, ,1329.412
361.0, ,1329.412
362.0, ,1329.412
363.0, ,1329.412
364.0, ,1329.412
365.0, ,1329.412
366.0, ,1329.412
367.0, ,1329.412
368.0, ,1329.412
369.0, ,1329.412
370.0, ,1329.412
371.0, ,1329.412
372.0, ,1329.412
373.0, ,1329.412
374.0, ,1329.412
375.0, ,1329.412
376.0, ,1329.412
377.0, ,1327.45
378.0, ,1329.412
379.0, ,1329.412
380.0, ,1329.412
381.0, ,1329.412
382.0, ,1329.412
383.0, ,1329.412
384.0, ,1329.412
385.0, ,1327.45
386.0, ,1313.726
387.0, ,1313.726
388.0, ,1313.726
389.0, ,1313.726
390.0, ,1313.726
391.0, ,1313.726
392.0, ,1313.726
393.0, ,1313.726
394.0, ,1313.726
395.0, ,1313.726
396.0, ,1313.726
397.0, ,1313.726
398.0, ,1313.726
399.0, ,1313.726
400.0, ,1313.726
401.0, ,1313.726
402.0, ,1313.726
403.0, ,1313.726
404.0, ,1313.726
405.0, ,1335.294
406.0, ,1335.294
407.0, ,1335.294
408.0, ,1335.294
409.0, ,1335.294
410.0, ,1335.294
411.0, ,1335.294
412.0, ,1335.294
413.0, ,1335.294
414.0, ,1335.294
415.0, ,1335.294
416.0, ,1335.294
417.0, ,1335.294
418.0, ,1335.294
419.0, ,1335.294
420.0, ,1335.294
421.0, ,1335.294
422.0, ,1335.294
423.0, ,1335.294
424.0, ,1333.334
425.0, ,1335.294
426.0, ,1335.294
427.0, ,1335.294
428.0, ,1335.294
429.0, ,1335.294
430.0, ,1335.294
431.0, ,1335.294
432.0, ,1335.294
433.0, ,1335.294
434.0, ,1335.294
435.0, ,1335.294
436.0, ,1335.294
437.0, ,1335.294
438.0, ,1335.294
439.0, ,1335.294
440.0, ,1335.294
441.0, ,1333.334
442.0, ,1335.294
443.0, ,1335.294
444.0, ,1335.294
445.0, ,1335.294
446.0, ,1335.294
447.0, ,1335.294
448.0, ,1335.294
449.0, ,1335.294
450.0, ,1335.294
451.0, ,1335.294
452.0, ,1335.294
453.0, ,1335.294
454.0, ,1335.294
455.0, ,1335.294
456.0, ,1335.294
457.0, ,1335.294
458.0, ,1335.294
459.0, ,1335.294
460.0, ,1335.294
461.0, ,1335.294
462.0, ,1335.294
463.0, ,1333.334
464.0, ,1335.294
465.0, ,1335.294
466.0, ,1335.294
467.0, ,1335.294
468.0, ,1333.334
469.0, ,1335.294
470.0, ,1335.294
471.0, ,1311.764
472.0, ,1200.0
473.0, ,1200.0
474.0, ,1200.0
475.0, ,1200.0
476.0, ,1200.0
477.0, ,1200.0
478.0, ,1200.0
479.0, ,1200.0
480.0, ,1200.0
481.0, ,1200.0
482.0, ,1200.0
483.0, ,1200.0
484.0, ,1200.0
485.0, ,1200.0
486.0, ,1200.0
487.0, ,1200.0
488.0, ,1200.0
489.0, ,1200.0
490.0, ,1200.0
491.0, ,1200.0
492.0, ,1200.0
493.0, ,1200.0
494.0, ,1200.0
495.0, ,1200.0
496.0, ,1200.0
497.0, ,1200.0
498.0, ,1200.0
499.0, ,1200.0
500.0, ,1200.0
501.0, ,1223.53
502.0, ,1258.824
503.0, ,1296.078
504.0, ,1303.922
505.0, ,1303.922
506.0, ,1296.078
507.0, ,1280.392
508.0, ,1274.51
509.0, ,1272.55
510.0, ,1272.55
511.0, ,1274.51
512.0, ,1284.314
513.0, ,1296.078
514.0, ,1300.0
515.0, ,1305.882
516.0, ,1303.922
517.0, ,1300.0
518.0, ,1294.118
519.0, ,1288.236
520.0, ,1290.196
521.0, ,1301.96
522.0, ,1305.882
523.0, ,1307.844
524.0, ,1307.844
525.0, ,1317.648
526.0, ,1315.686
527.0, ,1282.352
528.0, ,1250.98
529.0, ,1227.45
530.0, ,1200.0
531.0, ,1200.0
532.0, ,1200.0
533.0, ,1200.0
534.0, ,1200.0
535.0, ,1200.0
536.0, ,1200.0
537.0, ,1200.0
538.0, ,1200.0
539.0, ,1200.0
540.0, ,1200.0
541.0, ,1400.0
542.0, ,1400.0
543.0, ,1400.0
544.0, ,1400.0
545.0, ,1400.0
546.0, ,1200.0
547.0, ,1200.0
548.0, ,1241.176
549.0, ,1296.078
550.0, ,1339.216
551.0, ,1360.784
552.0, ,1362.746
553.0, ,1352.942
554.0, ,1333.334
555.0, ,1327.45
556.0, ,1327.45
557.0, ,1327.45
558.0, ,1325.49
559.0, ,1331.372
560.0, ,1339.216
561.0, ,1335.294
562.0, ,1341.176
563.0, ,1333.334
564.0, ,1339.216
565.0, ,1339.216
566.0, ,1339.216
567.0, ,1347.058
568.0, ,1352.942
569.0, ,1350.98
570.0, ,1358.824
571.0, ,1366.666
572.0, ,1368.628
573.0, ,1364.706
574.0, ,1352.942
575.0, ,1343.138
576.0, ,1343.138
577.0, ,1333.334
578.0, ,1331.372
579.0, ,1339.216
580.0, ,1341.176
581.0, ,1343.138
582.0, ,1349.02
583.0, ,1356.862
584.0, ,1352.942
585.0, ,1352.942
586.0, ,1352.942
587.0, ,1352.942
588.0, ,1350.98
589.0, ,1349.02
590.0, ,1343.138
591.0, ,1343.138
592.0, ,1339.216
593.0, ,1341.176
594.0, ,1345.098
595.0, ,1341.176
596.0, ,1345.098
597.0, ,1315.686
598.0, ,1288.236
599.0, ,1280.392
600.0, ,1276.47
601.0, ,1282.352
602.0, ,1284.314
603.0, ,1288.236
604.0, ,1292.156
605.0, ,1290.196
606.0, ,1300.0
607.0, ,1301.96
608.0, ,1309.804
609.0, ,1313.726
610.0, ,1317.648
611.0, ,1325.49
612.0, ,1331.372
613.0, ,1327.45
614.0, ,1331.372
615.0, ,1333.334
616.0, ,1337.254
617.0, ,1331.372
618.0, ,1335.294
619.0, ,1333.334
620.0, ,1325.49
621.0, ,1311.764
622.0, ,1303.922
623.0, ,1288.236
624.0, ,1276.47
625.0, ,1288.236
626.0, ,1294.118
627.0, ,1301.96
628.0, ,1286.274
629.0, ,1249.02
630.0, ,1207.844
631.0, ,1200.0
632.0, ,1200.0
633.0, ,1200.0
634.0, ,1200.0
635.0, ,1200.0
636.0, ,1200.0
637.0, ,1400.0
638.0, ,1400.0
639.0, ,1200.0
