Time (s),Powertrain 1 ESC throttle - target (μs)
0.45,1400.0
1.45,1400.0
2.45,1400.0
3.45,1400.0
4.45,1400.0
5.45,1400.0
6.45,1400.0
7.45,1400.0
8.45,1389.8039999999999
9.45,1399.02
10.45,1393.1372
11.45,1377.2549999999999
12.45,1364.3142
13.45,1340.5882
14.45,1321.7652
15.45,1310.0002
16.45,1307.844
17.45,1311.7648000000002
18.45,1319.4119999999998
19.45,1330.3918
20.45,1333.725
21.45,1341.9612
22.45,1341.1763999999998
23.45,1339.8039999999999
24.45,1350.3922
25.45,1353.5298
26.45,1347.4506
27.45,1331.3726000000001
28.45,1316.0786
29.45,1307.451
30.45,1304.51
31.45,1303.3334
32.45,1300.98
33.45,1309.2158
34.45,1321.3726
35.45,1328.0388
36.45,1329.9998
37.45,1333.922
38.45,1347.6471999999999
39.45,1354.902
40.45,1353.922
41.45,1349.4119999999998
42.45,1347.2544
43.45,1338.039
44.45,1326.2746
45.45,1322.7451999999998
46.45,1316.4707999999998
47.45,1314.1178
48.45,1305.0984
49.45,1302.1568
50.45,1294.9016
51.45,1287.451
52.45,1280.5880000000002
53.45,1282.1568000000002
54.45,1283.333
55.45,1286.2746000000002
56.45,1291.7648
57.45,1297.647
58.45,1306.0786
59.45,1303.3332
60.45,1305.8822
61.45,1314.9018
62.45,1328.0392
63.45,1336.666
64.45,1339.4116
65.45,1341.7646
66.45,1345.2939999999999
67.45,1340.1961999999999
68.45,1336.8629999999998
69.45,1330.1961999999999
70.45,1329.6076
71.45,1328.2348
72.45,1325.882
73.45,1327.8424
74.45,1332.1568000000002
75.45,1332.7452
76.45,1333.3336000000002
77.45,1334.7060000000001
78.45,1329.8042
79.45,1320.9802
80.45,1315.49
81.45,1309.6082000000001
82.45,1310.1961999999999
83.45,1315.686
84.45,1319.8039999999999
85.45,1324.51
86.45,1321.568
87.45,1314.902
88.45,1307.059
89.45,1299.8042
90.45,1297.059
91.45,1298.236
92.45,1307.451
93.45,1317.059
94.45,1321.3719999999998
95.45,1318.0394000000001
96.45,1308.8234
97.45,1303.333
98.45,1298.0387999999998
99.45,1280.9802
100.45,1266.2748
101.45,1251.3724
102.45,1239.0196
103.45,1222.3529999999998
104.45,1210.3922
105.45,1200.5882
106.45,1200.0
107.45,1200.0
108.45,1200.0
109.45,1200.0
110.45,1200.196
111.45,1227.451
112.45,1264.902
113.45,1299.0198
114.45,1327.2549999999999
115.45,1339.4116
116.45,1341.176
117.45,1335.2944
118.45,1329.2152
119.45,1321.5688
120.45,1310.5884
121.45,1332.7448
122.45,1335.6861999999999
123.45,1313.3334
124.45,1307.0585999999998
125.45,1286.0782
126.45,1296.0783999999999
127.45,1291.7644
128.45,1302.549
129.45,1292.549
130.45,1305.4902
131.45,1314.5102
132.45,1306.6666
133.45,1318.2350000000001
134.45,1310.9804
135.45,1303.5296
136.45,1320.7842
137.45,1316.2748
138.45,1302.1568
139.45,1304.3134
140.45,1298.8236000000002
141.45,1308.2356
142.45,1304.9022
143.45,1310.196
144.45,1304.1176
145.45,1301.7649999999999
146.45,1319.608
147.45,1320.7846
148.45,1324.9022
149.45,1310.9802
150.45,1308.2348
151.45,1308.8234
152.45,1302.941
153.45,1302.5488
154.45,1298.2351999999998
155.45,1325.8824
156.45,1343.5294
157.45,1358.8234
158.45,1353.7254
159.45,1368.0392
160.45,1368.8236
161.45,1379.2158
162.45,1350.9804
163.45,1314.5098
164.45,1315.2944
165.45,1310.7844
166.45,1301.5682000000002
167.45,1257.6474
168.45,1217.843
169.45,1200.0
170.45,1200.0
171.45,1200.0
172.45,1200.0
173.45,1205.4902
174.45,1255.2941999999998
175.45,1283.5294
176.45,1301.7646
177.45,1305.882
178.45,1291.5688
179.45,1315.2944
180.45,1317.2548000000002
181.45,1319.0196
182.45,1330.1958
183.45,1337.8432
184.45,1322.5492
185.45,1345.6861999999999
186.45,1381.9608
187.45,1400.0
188.45,1396.4702
189.45,1393.7256
190.45,1398.6273999999999
191.45,1400.0
192.45,1400.0
193.45,1397.8432
194.45,1356.0782
195.45,1344.706
196.45,1365.2941999999998
197.45,1360.0002
198.45,1393.5296
199.45,1399.608
200.45,1400.0
201.45,1400.0
202.45,1376.8629999999998
203.45,1330.3922
204.45,1321.1770000000001
205.45,1358.0396
206.45,1363.922
207.45,1363.726
208.45,1363.726
209.45,1363.726
210.45,1363.922
211.45,1364.118
212.45,1363.53
213.45,1362.157
214.45,1361.3726000000001
215.45,1360.784
216.45,1360.9802000000002
217.45,1361.765
218.45,1362.3536
219.45,1361.9612000000002
220.45,1361.5688000000002
221.45,1361.765
222.45,1361.5688000000002
223.45,1361.9612000000002
224.45,1361.3726000000001
225.45,1361.765
226.45,1361.3726000000001
227.45,1361.5688000000002
228.45,1361.9612000000002
229.45,1362.1574
230.45,1361.5688000000002
231.45,1361.9612000000002
232.45,1362.1574
233.45,1362.3536
234.45,1362.5498000000002
235.45,1362.3536
236.45,1362.5498000000002
237.45,1362.1574
238.45,1361.5688000000002
239.45,1361.9612000000002
240.45,1361.5688000000002
241.45,1361.5688000000002
242.45,1361.765
243.45,1361.765
244.45,1362.1574
245.45,1353.3334
246.45,1335.294
247.45,1335.294
248.45,1335.294
249.45,1335.294
250.45,1335.294
251.45,1335.0980000000002
252.45,1331.372
253.45,1331.7644
254.45,1331.372
255.45,1331.372
256.45,1331.5684
257.45,1331.372
258.45,1331.9605999999999
259.45,1331.372
260.45,1331.372
261.45,1331.372
262.45,1331.5682000000002
263.45,1331.5684
264.45,1331.372
265.45,1321.7642
266.45,1311.764
267.45,1311.764
268.45,1311.764
269.45,1311.764
270.45,1318.0385999999999
271.45,1333.7252
272.45,1329.412
273.45,1329.2158
274.45,1329.412
275.45,1329.412
276.45,1329.412
277.45,1329.412
278.45,1329.412
279.45,1329.804
280.45,1330.1960000000001
281.45,1329.412
282.45,1329.412
283.45,1329.412
284.45,1329.412
285.45,1329.412
286.45,1329.2158
287.45,1329.412
288.45,1329.2158
289.45,1329.412
290.45,1329.412
291.45,1329.412
292.45,1329.412
293.45,1329.2158
294.45,1329.412
295.45,1329.412
296.45,1328.6272000000001
297.45,1329.412
298.45,1329.412
299.45,1329.412
300.45,1329.2158
301.45,1329.412
302.45,1329.412
303.45,1329.412
304.45,1329.2158
305.45,1329.412
306.45,1329.412
307.45,1329.412
308.45,1329.2158
309.45,1329.412
310.45,1329.412
311.45,1329.412
312.45,1329.2158
313.45,1329.412
314.45,1329.412
315.45,1329.412
316.45,1329.412
317.45,1329.412
318.45,1329.2158
319.45,1329.412
320.45,1329.412
321.45,1329.412
322.45,1329.412
323.45,1329.412
324.45,1329.412
325.45,1329.412
326.45,1329.412
327.45,1329.412
328.45,1329.412
329.45,1329.412
330.45,1329.412
331.45,1329.412
332.45,1329.412
333.45,1329.412
334.45,1329.412
335.45,1330.0
336.45,1329.412
337.45,1329.412
338.45,1329.412
339.45,1329.412
340.45,1329.412
341.45,1329.412
342.45,1329.412
343.45,1329.412
344.45,1329.412
345.45,1329.412
346.45,1329.412
347.45,1329.412
348.45,1329.412
349.45,1329.412
350.45,1329.412
351.45,1329.412
352.45,1329.412
353.45,1329.412
354.45,1329.412
355.45,1329.804
356.45,1330.1960000000001
357.45,1329.412
358.45,1329.412
359.45,1329.412
360.45,1329.412
361.45,1329.412
362.45,1329.2158
363.45,1329.412
364.45,1329.412
365.45,1329.412
366.45,1329.412
367.45,1329.412
368.45,1329.412
369.45,1329.2158
370.45,1329.412
371.45,1329.412
372.45,1329.412
373.45,1329.412
374.45,1330.1960000000001
375.45,1329.412
376.45,1329.412
377.45,1329.2158
378.45,1329.412
379.45,1329.412
380.45,1329.412
381.45,1329.412
382.45,1329.412
383.45,1329.412
384.45,1329.412
385.45,1315.8826000000001
386.45,1313.726
387.45,1313.726
388.45,1313.726
389.45,1313.726
390.45,1313.922
391.45,1313.922
392.45,1313.726
393.45,1313.726
394.45,1313.922
395.45,1313.726
396.45,1313.726
397.45,1313.726
398.45,1313.922
399.45,1313.726
400.45,1313.726
401.45,1313.726
402.45,1313.726
403.45,1313.726
404.45,1326.6668000000002
405.45,1335.294
406.45,1335.294
407.45,1335.294
408.45,1335.294
409.45,1335.294
410.45,1335.294
411.45,1335.294
412.45,1335.294
413.45,1335.294
414.45,1335.294
415.45,1335.294
416.45,1335.294
417.45,1335.294
418.45,1335.294
419.45,1335.294
420.45,1335.294
421.45,1335.294
422.45,1335.294
423.45,1335.0980000000002
424.45,1334.902
425.45,1335.294
426.45,1335.294
427.45,1335.294
428.45,1335.294
429.45,1335.294
430.45,1335.294
431.45,1335.294
432.45,1335.294
433.45,1335.294
434.45,1335.294
435.45,1335.294
436.45,1335.294
437.45,1335.294
438.45,1335.294
439.45,1335.294
440.45,1334.314
441.45,1334.7060000000001
442.45,1335.294
443.45,1335.294
444.45,1335.294
445.45,1335.294
446.45,1335.294
447.45,1335.294
448.45,1335.294
449.45,1335.294
450.45,1335.294
451.45,1335.294
452.45,1335.294
453.45,1335.294
454.45,1335.294
455.45,1335.294
456.45,1335.294
457.45,1335.294
458.45,1335.294
459.45,1334.902
460.45,1334.902
461.45,1333.922
462.45,1334.51
463.45,1334.118
464.45,1334.51
465.45,1335.294
466.45,1334.902
467.45,1334.7060000000001
468.45,1334.314
469.45,1335.294
470.45,1328.4312
471.45,1244.7056
472.45,1200.0
473.45,1200.0
474.45,1200.0
475.45,1200.0
476.45,1200.0
477.45,1200.0
478.45,1200.0
479.45,1200.0
480.45,1200.0
481.45,1200.0
482.45,1200.0
483.45,1200.0
484.45,1200.0
485.45,1200.0
486.45,1200.0
487.45,1200.0
488.45,1200.0
489.45,1200.0
490.45,1200.0
491.45,1200.0
492.45,1200.0
493.45,1200.0
494.45,1200.0
495.45,1200.0
496.45,1200.0
497.45,1200.0
498.45,1200.0
499.45,1200.0
500.45,1207.2549999999999
501.45,1241.7646
502.45,1277.451
503.45,1300.0
504.45,1305.4900000000002
505.45,1299.0196
506.45,1288.2350000000001
507.45,1276.4712
508.45,1276.274
509.45,1271.1766
510.45,1268.235
511.45,1279.6076
512.45,1290.9804
513.45,1299.4118
514.45,1302.941
515.45,1305.6860000000001
516.45,1301.9604
517.45,1300.0
518.45,1290.9802
519.45,1288.4320000000002
520.45,1295.8824
521.45,1303.333
522.45,1304.7060000000001
523.45,1311.5683999999999
524.45,1309.0198
525.45,1316.4707999999998
526.45,1300.1958
527.45,1267.2548000000002
528.45,1240.5882
529.45,1208.8236000000002
530.45,1200.0
531.45,1200.0
532.45,1200.0
533.45,1200.0
534.45,1200.0
535.45,1200.0
536.45,1200.0
537.45,1200.0
538.45,1200.0
539.45,1200.0
540.45,1260.0
541.45,1400.0
542.45,1400.0
543.45,1400.0
544.45,1400.0
545.45,1220.0
546.45,1200.0
547.45,1212.3528000000001
548.45,1269.0194
549.45,1318.4314
550.45,1351.5688
551.45,1362.3536
552.45,1359.6080000000002
553.45,1340.588
554.45,1330.5882000000001
555.45,1330.9804
556.45,1325.294
557.45,1328.6274
558.45,1328.8232
559.45,1335.49
560.45,1340.3921999999998
561.45,1337.0588
562.45,1335.0978
563.45,1337.6474
564.45,1340.7846
565.45,1339.216
566.45,1344.3136
567.45,1349.6078
568.45,1350.5888
569.45,1353.3334
570.45,1363.9216000000001
571.45,1368.0394000000001
572.45,1368.2356
573.45,1359.608
574.45,1348.4314
575.45,1343.138
576.45,1339.6078
577.45,1330.9802
578.45,1336.6666
579.45,1340.3924
580.45,1341.569
581.45,1346.4704
582.45,1351.9608
583.45,1355.294
584.45,1352.942
585.45,1353.726
586.45,1353.922
587.45,1350.9806
588.45,1349.608
589.45,1346.0788
590.45,1342.7451999999998
591.45,1340.7841999999998
592.45,1340.196
593.45,1343.1372
594.45,1344.9018
595.45,1341.7644
596.45,1329.6078
597.45,1301.7646
598.45,1287.0592000000001
599.45,1277.2546
600.45,1279.4112
601.45,1285.8822
602.45,1292.3526
603.45,1291.3726000000001
604.45,1291.7642
605.45,1296.2746
606.45,1301.568
607.45,1307.8432
608.45,1310.1960000000001
609.45,1313.922
610.45,1320.3924
611.45,1328.431
612.45,1329.9994000000002
613.45,1329.0192000000002
614.45,1333.1378
615.45,1332.157
616.45,1335.294
617.45,1333.5292000000002
618.45,1337.2548
619.45,1331.3726000000001
620.45,1318.2354
621.45,1308.2352
622.45,1296.6668
623.45,1281.1762
624.45,1281.3722
625.45,1291.961
626.45,1299.0192
627.45,1298.4312
628.45,1270.5884
629.45,1230.392
630.45,1201.1766
631.45,1200.0
632.45,1200.0
633.45,1200.0
634.45,1200.0
635.45,1200.0
636.45,1260.0
637.45,1400.0
638.45,1380.0
639.0,1200.0
