Time (s),Powertrain 1 - ESC throttle (μs),Powertrain 1 - force Fz (thrust) (N),Powertrain 1 - torque MZ (torque) (N⋅m),Powertrain 1 - voltage (V),Powertrain 1 - current (A),Powertrain 1 - rotation speed (rpm),Powertrain 1 - electrical power (W),Powertrain 1 - mechanical power (W),Powertrain 1 - motor & ESC efficiency (%),Powertrain 1 - propeller efficiency (N/W),Powertrain 1 - powertrain efficiency (N/W)
0,1000,0.013144132681190968,0.002004375,16.974702835083008,-0.012251405,0,-0.207963958,0,0,0,-0.063203894
0.1,1000,0.013666550628840923,0.002042056,16.97473145,-0.016012162,0,-0.271802157,0,0,0,-0.050281245
0.2,1000,0.013898588,0.00201335,16.97473145,-0.007282989,0,-0.123626783,0,0,0,-0.112423763
0.3,1000,0.013958981,0.002008106,16.97472572,0.008395277,0,0.14250752329826355,0,0,0,0.097952589
0.4,1000,0.013043154962360859,0.002045005,16.97473145,-0.001098931,0,-0.018654063,0,0,0,-0.699212551
0.5,1000,0.013186430558562279,0.001994041,16.974733352661133,0.000508003,0,0.008623218,0,0,0,1.5291774272918701
0.6,1000,0.012964956,0.002026631,16.974720001220703,0.002566036,0,0.043557741,0,0,0,0.29764989018440247
0.7,1000,0.013465826399624348,0.001992563,16.97473907470703,0.000538795,0,0.009145907,0,0,0,1.4723336696624756
0.8,1000,0.013256106525659561,0.001983019,16.97473717,-0.014030742,0,-0.23816815,0,0,0,-0.055658605
0.9,1000,0.013434466,0.001984523,16.974733352661133,-0.014071022,0,-0.238851845,0,0,0,-0.05624602
1,1000,0.012649268,0.001996195,16.974733352661133,-0.021261757,0,-0.360912651,0,0,0,-0.035048004
1.1,1000,0.011855204589664936,0.002003443,16.97473717,-0.023557296,0,-0.399878919,0,0,0,-0.029646987
1.2,1000,0.011315135285258293,0.00204198,16.97474479675293,-0.020649282,0,-0.350516289,0,0,0,-0.032281339
1.3,1000,0.011248236,0.002064864,16.97473145,-0.028162736,0,-0.478054881,0,0,0,-0.023529172
1.4,1000,-0.000303297,0.003168298,16.916101455688477,4.766996861,0,80.63899993896484,0,0,0,-3.76117E-06
1.5,1000,-0.007075395,0.003788038,16.93107032775879,7.679142475128174,0,130.01609802246094,0,0,0,-5.44194E-05
1.6,1000,0.000492977,0.003086447,17.007770538330078,4.428166389465332,0,75.31324005126953,0,0,0,6.54569E-06
1.7,1000,0.00583974,0.002682595,17.002893447875977,2.3588311672210693,0,40.106956481933594,0,0,0,0.000145604
1.8,1000,0.00713923,0.002426051,16.991485595703125,1.2462700605392456,0,21.175979614257812,0,0,0,0.000337138
1.9,1000,0.007782283,0.002331337,16.983972549438477,0.647180974,0,10.991703987121582,0,0,0,0.000708014
2,1000,0.008767123,0.002276904,16.979692459106445,0.32363399863243103,0,5.495205879211426,0,0,0,0.001595413
2.1,1000,0.009263793,0.002226457,16.977367401123047,0.15890763700008392,0,2.697833299636841,0,0,0,0.00343379
2.2,1000,0.009809788,0.002208962,16.976037979125977,0.08218202,0,1.395125150680542,0,0,0,0.007031476
2.3,1000,0.009945028,0.002246166,16.97534942626953,0.05677091,0,0.9637060165405273,0,0,0,0.010319565422832966
2.4,1000,0.009369642,0.002206121,16.974985122680664,0.031503942,0,0.5347789525985718,0,0,0,0.017520589753985405
2.5,1000,0.008560669,0.002213731,16.974817276000977,0.015278936363756657,0,0.25935715436935425,0,0,0,0.03300726
2.6,1000,0.008756912,0.002254627,16.974729537963867,0.021759070456027985,0,0.36935433745384216,0,0,0,0.023708702996373177
2.7,1000,0.00930313,0.002171885,16.974729537963867,0.028342713,0,0.4811098873615265,0,0,0,0.01933681
2.8,1000,0.009312816,0.002139176,16.974666595458984,0.009650312,0,0.1638108342885971,0,0,0,0.056851036846637726
2.9,1000,0.009229128,0.002171954,16.974605560302734,0.016748961061239243,0,0.28430700302124023,0,0,0,0.032461841
3,1000,0.009896448,0.002157995,16.974594116210938,0.035167813301086426,0,0.5969593524932861,0,0,0,0.016578093
3.1,1000,0.009621984,0.002159014,16.97460365,0.025833761,0,0.43851786851882935,0,0,0,0.021942058578133583
3.2,1000,0.009743571,0.002174091,16.97463035583496,0.007139961,0,0.12119819968938828,0,0,0,0.080393694
3.3,1000,0.009654723,0.002179454,16.974687576293945,0.016057277098298073,0,0.2725672721862793,0,0,0,0.035421435
3.4,1000,0.009483025,0.002134811,16.97473145,0.021711221,0,0.3685421347618103,0,0,0,0.025731184
3.5,1000,0.009493089,0.002090096,16.97473145,0.019232280552387238,0,0.3264628052711487,0,0,0,0.029078625
3.6,1000,0.008916354,0.002150641,16.974729537963867,0.001203037,0,0.020421226,0,0,0,0.43662187457084656
3.7,1000,0.008478139,0.002178773,16.974727630615234,0.0034656,0,0.058827608823776245,0,0,0,0.14411835372447968
3.8,1000,0.009281999,0.002176644,16.974727630615234,-0.001405344,0,-0.02385534,0,0,0,-0.389095247
3.9,1000,0.009333024,0.002162637,16.97473145,0.002350803,0,0.039904240518808365,0,0,0,0.2338855117559433
4,1000,0.009528295,0.002136075,16.974708557128906,-0.001512968,0,-0.025682192,0,0,0,-0.37100786
4.1,1000,0.009699756,0.002078421,16.97466468811035,-0.008331636,0,-0.141426727,0,0,0,-0.068585031
4.2,1000,0.009864638,0.002119904,16.974716186523438,-0.01743542,0,-0.29596132,0,0,0,-0.033330835
4.3,1000,0.009340358,0.002120093,16.97472572,-0.013369224,0,-0.226938918,0,0,0,-0.041158028
4.4,1000,0.008829458,0.002126414,16.974706649780273,-0.012411295,0,-0.210678086,0,0,0,-0.041909713
4.5,1000,0.008664332,0.002139981,16.974708557128906,0.001747723,0,0.029667085,0,0,0,0.2920520305633545
4.6,1000,0.009062083,0.002128014,16.974716186523438,0.007473272,0,0.12685666978359222,0,0,0,0.071435601
4.7,1000,0.008768138,0.002107249,16.97473717,0.003734827,0,0.063397706,0,0,0,0.1383037269115448
4.8,1000,0.008580443,0.002153412,16.974720001220703,-0.003113527,0,-0.052851256,0,0,0,-0.162350789
4.9,1000,0.008246269,0.002198539,16.974735260009766,-0.008970739,0,-0.15227592,0,0,0,-0.054153465
5,1000,0.007756516,0.00217535,16.974733352661133,-0.003071269,0,-0.052133966,0,0,0,-0.148780465
5.1,1000,0.008085134,0.002186373,16.974729537963867,0.001408062,0,0.023901464,0,0,0,0.3382693827152252
5.2,1000,0.009146586,0.002161111,16.97472572,-0.000980848,0,-0.016649619,0,0,0,-0.549357057
5.3,1000,0.009385715,0.002256759,16.974729537963867,-0.000558944,0,-0.009487922,0,0,0,-0.989227653
5.4,1000,0.009708447,0.002222467,16.974721908569336,-0.002139371,0,-0.036315225,0,0,0,-0.267338216
5.5,1000,0.009948916,0.002097799,16.974702835083008,-0.001954375,0,-0.033174932,0,0,0,-0.299892575
5.6,1000,0.009788149,0.002109317,16.974687576293945,-0.005389292,0,-0.091481544,0,0,0,-0.106995888
5.7,1000,0.010124484077095985,0.002189098,16.97466468811035,-0.000624381,0,-0.010598663,0,0,0,-0.955260456
5.8,1000,0.010079723782837391,0.002171984,16.974685668945312,-0.010755681,0,-0.182574302,0,0,0,-0.055208888
5.9,1000,0.009619542,0.00221363,16.974647521972656,-0.015398419,0,-0.261382729,0,0,0,-0.036802515
6,1000,0.008918391,0.002142499,16.97464370727539,-0.023437794,0,-0.397848219,0,0,0,-0.022416566
6.1,1000,0.008950566,0.002160059,16.97464942932129,-0.009052173,0,-0.153657466,0,0,0,-0.058250122
6.2,1000,0.010241080075502396,0.002228021,16.974632263183594,-0.002461098,0,-0.041776232,0,0,0,-0.245141312
6.3,1000,0.011154751293361187,0.002220217,16.97466468811035,0.007541447,0,0.12801353633403778,0,0,0,0.087137274
6.4,1000,0.011635695584118366,0.002192457,16.974727630615234,0.004408238,0,0.07482864,0,0,0,0.15549789369106293
6.5,1000,0.012364486,0.002179886,16.97471809387207,0.007475452,0,0.12689369916915894,0,0,0,0.097439721
6.6,1000,0.012550733052194118,0.002155305,16.97471046447754,0.008742947,0,0.14840899407863617,0,0,0,0.084568545
6.7,1000,0.012755890376865864,0.002155065,16.974668502807617,0.007077801,0,0.12014332413673401,0,0,0,0.10617227852344513
6.8,1000,0.012320667505264282,0.002237327,16.97471046447754,-0.018504268,0,-0.314104587,0,0,0,-0.039224729
6.9,1000,0.012450799345970154,0.002214321,16.974706649780273,-0.023132397,0,-0.392665654,0,0,0,-0.031708401
7,1000,0.013103062,0.002131304,16.974658966064453,-0.014309204,0,-0.24289386,0,0,0,-0.053945631
7.1,1000,0.012920371256768703,0.002191207,16.974607467651367,-0.018760338,0,-0.318449378,0,0,0,-0.040572762
7.2,1000,0.012713460251688957,0.002159469,16.97454833984375,-0.017212996,0,-0.292182833,0,0,0,-0.043512002
7.3,1000,0.012754363939166069,0.002239514,16.974529266357422,-0.010912306,0,-0.185231254,0,0,0,-0.068856433
7.4,1000,0.004500732,0.012432578019797802,16.97374916,0.036868833005428314,0,0.6258023381233215,0,0,0,0.007191938
7.5,1000,0.023291783407330513,0.026474950835108757,16.972415924072266,0.17384576797485352,0,2.950582743,0,0,0,0.007893961
7.6,1100,0.061778668,0.035251446068286896,16.971261978149414,0.4024512469768524,429.5316545108038,6.830105781555176,1.5856258869171143,23.215247690677643,0.038961694,0.009045053
7.7,1100,0.1346813291311264,0.031047731637954712,16.973182678222656,0.5157983303070068,884.0027156940741,8.754739761352539,2.8741676807403564,32.82984793186188,0.046859245747327805,0.015383819118142128
7.8,1100,0.20381872355937958,0.021745885,16.974689483642578,0.5099993348121643,1177.080195268203,8.65708065,2.6804749965667725,30.962806940078735,0.076038286,0.023543587
7.9,1100,0.22912690043449402,0.015497032,16.975027084350586,0.48754435777664185,1333.1327146570968,8.276078224182129,2.163468122,26.141223311424255,0.10590721666812897,0.027685442939400673
8,1100,0.25201791524887085,0.011657568626105785,16.975011825561523,0.4706392288208008,1404.2873304867285,7.989106655,1.7143226861953735,21.458253264427185,0.1470072716474533,0.031545196
8.1,1100,0.24505142867565155,0.010182390920817852,16.974824905395508,0.4535634219646454,1432.9779134790417,7.699159622192383,1.5279806852340698,19.846071302890778,0.16037599742412567,0.031828333
8.2,1100,0.25864437222480774,0.009161589,16.974750518798828,0.45185354351997375,1442.181001435906,7.670101165771484,1.3836275339126587,18.03923398256302,0.18693208694458008,0.033721115440130234
8.3,1100,0.24845898151397705,0.009075273,16.97469139099121,0.45412755012512207,1443.7450601143255,7.708674907684326,1.3720780611038208,17.799142003059387,0.18108224868774414,0.032231089
8.4,1100,0.2542409300804138,0.008959835,16.97469711303711,0.4420223534107208,1442.9822645878185,7.503195762634277,1.3539094924926758,18.04443895816803,0.18778280913829803,0.033884353935718536
8.5,1100,0.2567273676395416,0.008850771,16.974685668945312,0.42866337299346924,1441.8228445296681,7.276425838470459,1.336354374885559,18.365532159805298,0.19211025536060333,0.035282068
8.6,1100,0.2464006394147873,0.009104745,16.97468376159668,0.4333052635192871,1440.8372573393542,7.355219841003418,1.3737614154815674,18.67736726999283,0.17936202883720398,0.033500105142593384
8.7,1100,0.2609734535217285,0.008723429,16.974733352661133,0.42821571230888367,1440.342860926472,7.268847465515137,1.3157753944396973,18.101568520069122,0.1983419507741928,0.035903003
8.8,1100,0.24818700551986694,0.009141911,16.974693298339844,0.43224117159843445,1439.7441356507477,7.337161540985107,1.378322720527649,18.78550350666046,0.18006451427936554,0.033826027
8.9,1100,0.25545790791511536,0.008908027,16.97467041015625,0.45114535093307495,1439.5088128665434,7.658043861,1.342840552330017,17.53503531217575,0.19023695588111877,0.033358116
9,1100,0.2567768394947052,0.009020116,16.97467041015625,0.44517943263053894,1439.4331890120532,7.556774139404297,1.359666109085083,17.99267828464508,0.18885287642478943,0.033979687839746475
9.1,1100,0.24747677147388458,0.009060655,16.974685668945312,0.4547481834888458,1439.2711587111025,7.719207286834717,1.3656229972839355,17.69123375415802,0.1812189519405365,0.032059866935014725
9.2,1100,0.2584642767906189,0.008778986,16.974782943725586,0.4441981315612793,1439.2001975990856,7.540166854858398,1.3231045007705688,17.54741668701172,0.19534683227539062,0.034278322011232376
9.3,1100,0.24521729350090027,0.009095009,16.97473145,0.4508560597896576,1439.252507741209,7.653160572052002,1.3707832098007202,17.911334335803986,0.1788884550333023,0.032041311264038086
9.4,1100,0.2523937225341797,0.008968793,16.974706649780273,0.4486207664012909,1439.5682628330792,7.615205764770508,1.352056622505188,17.75469481945038,0.18667392432689667,0.033143386244773865
9.5,1100,0.2520376741886139,0.00898358,16.974700927734375,0.44092345237731934,1439.5539831842545,7.484543800354004,1.3542723655700684,18.094255030155182,0.18610559403896332,0.033674418926239014
9.6,1100,0.2435043603181839,0.00918931,16.974699020385742,0.43055596947669983,1439.5292123648646,7.308557987213135,1.385262370109558,18.953976035118103,0.17578212916851044,0.033317704
9.7,1100,0.25646233558654785,0.008819749,16.974761962890625,0.42914125323295593,1439.467868159199,7.284570693969727,1.3294953107833862,18.250839412212372,0.19290202856063843,0.03520624
9.8,1100,0.24334321916103363,0.009125014,16.97473145,0.43246740102767944,1439.5022558849403,7.341018199920654,1.3755440711975098,18.737782537937164,0.17690688371658325,0.03314843
9.9,1100,0.2517334818840027,0.008975563,16.974700927734375,0.4460555613040924,1439.4183265204192,7.571659564971924,1.3529362678527832,17.868423461914062,0.18606455624103546,0.033246804028749466
10,1100,0.25173014402389526,0.009045303,16.97466278076172,0.4370383024215698,1439.3297344134246,7.418577671051025,1.3633646965026855,18.37770938873291,0.18463890254497528,0.033932399
10.1,1100,0.24325169622898102,0.009210611,16.974599838256836,0.4391365051269531,1439.3448883264632,7.454166412353516,1.3882955312728882,18.624423444271088,0.17521607875823975,0.032632984
10.2,1100,0.2555570602416992,0.00889337,16.97468376159668,0.4487491548061371,1439.4750079836112,7.617374897003174,1.3405996561050415,17.599233984947205,0.19062891602516174,0.033549231
10.3,1100,0.24295689165592194,0.009131407,16.974639892578125,0.4679221212863922,1439.413226645839,7.942809581756592,1.376422643661499,17.32916682958603,0.17651328444480896,0.03058828
10.4,1100,0.25047096610069275,0.009010316,16.974647521972656,0.4580736458301544,1439.4136637779457,7.775638580322266,1.3581703901290894,17.466995120048523,0.1844179332256317,0.032212269
10.5,1100,0.2515510022640228,0.008967693,16.974641799926758,0.4465802013874054,1439.4650996558553,7.580538749694824,1.351793885231018,17.832425236701965,0.18608680367469788,0.033183787018060684
10.6,1100,0.24227376282215118,0.009112385,16.97463035583496,0.4477384090423584,1439.416286570587,7.600193977355957,1.3735582828521729,18.072673678398132,0.17638404667377472,0.031877313
10.7,1100,0.2553580105304718,0.008792576,16.974750518798828,0.4375380575656891,1439.2676616542476,7.427099227905273,1.3252149820327759,17.842967808246613,0.19269175827503204,0.03438193
10.8,1100,0.24425821006298065,0.009128326,16.97468376159668,0.43213969469070435,1439.2890811274847,7.335434436798096,1.3758394718170166,18.756073713302612,0.17753393948078156,0.033298395574092865
10.9,1100,0.2515322268009186,0.009025208,16.974681854248047,0.43968498706817627,1439.4047754251058,7.463512897491455,1.360406756401062,18.227431178092957,0.1848948746919632,0.033701587468385696
11,1100,0.2519213557243347,0.008970984,16.974653244018555,0.4383881688117981,1439.3558166291352,7.4414873123168945,1.3521873950958252,18.170928955078125,0.18630653619766235,0.033853631
11.1,1100,0.24411648511886597,0.009141186,16.97464942932129,0.4370376467704773,1439.3912243297925,7.418560981750488,1.3778756856918335,18.573355674743652,0.17716872692108154,0.032906178
11.2,1100,0.2571514844894409,0.008830066,16.974660873413086,0.43840107321739197,1439.4691795555195,7.441709518432617,1.3310517072677612,17.886370420455933,0.1931942105293274,0.034555431455373764
11.3,1100,0.24497535824775696,0.009104222,16.974628448486328,0.44587862491607666,1439.649569404959,7.568624019622803,1.3725502490997314,18.134739995002747,0.17848189175128937,0.032367226
11.4,1100,0.25267311930656433,0.008954863,16.974679946899414,0.44197332859039307,1439.6046905086525,7.502355575561523,1.3499908447265625,17.994225025177002,0.18716654181480408,0.033679169
11.5,1100,0.25313320755958557,0.008881639,16.974700927734375,0.4302126467227936,1439.3963242043728,7.302731037139893,1.338758111000061,18.33229363,0.189080611,0.034662813
11.6,1100,0.24404899775981903,0.009015746,16.97467041015625,0.42785343527793884,1439.121950951954,7.262670993804932,1.3587135076522827,18.708179891109467,0.17961770296096802,0.033603203
11.7,1100,0.2568819224834442,0.008809386,16.974733352661133,0.4361165165901184,1439.0766349235405,7.402961730957031,1.327572226524353,17.932988703250885,0.19349750876426697,0.034699887
11.8,1100,0.24225641787052155,0.009069583,16.97470474243164,0.435437411,1439.2239484435595,7.391421318054199,1.3669239282608032,18.49338263273239,0.1772274374961853,0.03277535
11.9,1100,0.2506948709487915,0.008936056,16.974720001220703,0.4623660445213318,1439.3132691040655,7.848534107208252,1.3468828201293945,17.160947620868683,0.18612967431545258,0.031941619
12,1100,0.2513459026813507,0.008868309,16.97468376159668,0.4661916196346283,1439.273344371637,7.913455486297607,1.336634635925293,16.89065695,0.18804383277893066,0.03176184
12.1,1100,0.24153880774974823,0.00904876,16.974655151367188,0.4617082476615906,1439.4439716040229,7.837338447570801,1.3639940023422241,17.40379035,0.17708201706409454,0.030818983912467957
12.2,1100,0.2549697160720825,0.008739992,16.97470474243164,0.4543585181236267,1439.4801078581916,7.712601661682129,1.317483901977539,17.082224786281586,0.19352775812149048,0.033058848
12.3,1000,0.24259331822395325,0.009250036,16.974586486816406,0.4641166925430298,1440.3326611773116,7.8781890869140625,1.3951948881149292,17.709589,0.17387773096561432,0.030793032
12.4,1100,0.27599045634269714,0.020275255665183067,16.971975326538086,0.6232909560203552,1503.1103687320838,10.578478813171387,3.1914336681365967,30.16911745071411,0.086478516,0.026089806109666824
12.5,1200,0.3754119277000427,0.034925692,16.969661712646484,0.9885678291320801,1729.2548357987823,16.77566146850586,6.324593544006348,37.70100772380829,0.059357475489377975,0.022378368
12.6,1200,0.5780377388000488,0.04672439,16.96860694885254,1.4380367994308472,2090.046482955337,24.40148162841797,10.22652816772461,41.90945625305176,0.056523364037275314,0.023688632994890213
12.7,1200,0.8309012651443481,0.044433985,16.973289489746094,1.5698057413101196,2466.6181620381826,26.64476776123047,11.477460861206055,43.07585060596466,0.07239417,0.031184406951069832
12.8,1200,0.9946956038475037,0.036631707,16.976451873779297,1.5060944557189941,2711.688700804393,25.568140029907227,10.402210235595703,40.68426489830017,0.095623493,0.038903713
12.9,1200,1.0804355144500732,0.030501697212457657,16.977249145507812,1.392922043800354,2833.869456048818,23.647985458374023,9.051748275756836,38.27703893184662,0.11936208605766296,0.045688272
13,1200,1.1092857122421265,0.027119923382997513,16.97675895690918,1.3359698057174683,2882.145743089926,22.680437088012695,8.185270309448242,36.08956038951874,0.13552218675613403,0.048909362
13.1,1200,1.1145399808883667,0.025634866,16.97582436,1.313663125038147,2895.178983,22.300514221191406,7.772041320800781,34.851399064064026,0.1434037685394287,0.049978219
13.2,1200,1.109421968460083,0.025113977,16.975242614746094,1.3088997602462769,2894.1298655107657,22.218891143798828,7.611357688903809,34.25624370574951,0.1457587480545044,0.049931474
13.3,1200,1.1023331880569458,0.024963986,16.974950790405273,1.2855820655822754,2889.712499860033,21.82269287109375,7.554351329803467,34.61695313453674,0.1459202915430069,0.050513163
13.4,1200,1.1030656099319458,0.024867769330739975,16.97484779,1.2918779850006104,2885.966569125469,21.929431915283203,7.5154805183410645,34.271204471588135,0.14677247405052185,0.050300691
13.5,1200,1.1030032634735107,0.024977112,16.974821090698242,1.2891016006469727,2883.148232721706,21.88226890563965,7.541153907775879,34.46239531040192,0.14626452326774597,0.050406255
13.6,1200,1.1014585494995117,0.024984631687402725,16.97488021850586,1.2848283052444458,2881.191920832712,21.80980682373047,7.538305759429932,34.563836455345154,0.14611487090587616,0.050502904
13.7,1200,1.0985583066940308,0.025160156190395355,16.974687576293945,1.2832340002059937,2879.7680358498988,21.782495498657227,7.587512969970703,34.83307361602783,0.14478503167629242,0.050433077
13.8,1200,1.0974032878875732,0.025078835,16.974708557128906,1.2993444204330444,2878.8561782749457,22.055992126464844,7.560594559,34.27909314632416,0.14514775574207306,0.049755335
13.9,1200,1.0986350774765015,0.025118755,16.97472572,1.297678828239441,2878.416131954019,22.027742385864258,7.571471691131592,34.37243700027466,0.14510191977024078,0.049875066
14,1200,1.0984777212142944,0.025128893554210663,16.97481346130371,1.2873027324676514,2878.6274124723445,21.85172462463379,7.5750837326049805,34.66584086418152,0.14501196146011353,0.050269615
14.1,1200,1.0978952646255493,0.025106225162744522,16.974802017211914,1.2946373224258423,2878.8675437097245,21.976211547851562,7.568881988525391,34.44124758243561,0.14505383372306824,0.049958348
14.2,1200,1.0960273742675781,0.025154982,16.974685668945312,1.3094090223312378,2878.729701385355,22.22680664,7.583217620849609,34.11743938922882,0.14453329145908356,0.04931106
14.3,1200,1.0958486795425415,0.025064537301659584,16.97472572,1.3117632865905762,2878.690068074331,22.266822814941406,7.555848121643066,33.93321335315704,0.14503318071365356,0.049214419
14.4,1200,1.0960078239440918,0.025076396763324738,16.974727630615234,1.3024156093597412,2878.379121435636,22.108150482177734,7.5586066246032715,34.18923020362854,0.14500130712985992,0.049574833
14.5,1200,1.0976179838180542,0.025192499,16.974802017211914,1.3077106475830078,2878.148607104608,22.198129653930664,7.592994689941406,34.20555889606476,0.1445566713809967,0.049446419
14.6,1200,1.0990378856658936,0.025167537853121758,16.974834442138672,1.2986299991607666,2878.2718783587484,22.044029235839844,7.585795879364014,34.412020444869995,0.14488102495670319,0.049856488
14.7,1200,1.0972346067428589,0.025232819840312004,16.974740982055664,1.310916543006897,2878.4793703988144,22.25246810913086,7.606020927429199,34.180572628974915,0.14425869286060333,0.049308445
14.8,1200,1.0967791080474854,0.025144951418042183,16.974773406982422,1.3025566339492798,2878.4511025225693,22.11060333251953,7.579460144042969,34.279751777648926,0.14470411837100983,0.049604215
14.9,1200,1.0990277528762817,0.025078076869249344,16.974828720092773,1.3037968873977661,2878.7349469706373,22.131729125976562,7.560047626495361,34.15931761264801,0.1453731209039688,0.04965847
15,1200,1.1014080047607422,0.025079960003495216,16.97488021850586,1.296683908,2878.3056832416805,22.01105308532715,7.559487819671631,34.34405326843262,0.14569875597953796,0.050038859248161316
15.1,1200,1.1012343168258667,0.025140829384326935,16.974851608276367,1.2967544794082642,2878.225250934014,22.01221466064453,7.577622890472412,34.42462682723999,0.1453271508216858,0.050028327852487564
15.2,1200,1.0995434522628784,0.025187209248542786,16.97474479675293,1.2976516485214233,2878.1579325895545,22.027305603027344,7.591424942016602,34.46370065,0.14484019577503204,0.049917292
15.3,1200,1.0984306335449219,0.025188651,16.97469711303711,1.3003207445144653,2878.3112202483676,22.072551727294922,7.592263698577881,34.396857023239136,0.14467762410640717,0.049764555
15.4,1200,1.1007896661758423,0.025204433128237724,16.974735260009766,1.3078964948654175,2878.525997823548,22.201196670532227,7.597587585449219,34.22152101993561,0.14488673210144043,0.049582448
15.5,1200,1.1028180122375488,0.025248220190405846,16.974811553955078,1.301275372505188,2879.0327796461256,22.088903427124023,7.612126350402832,34.46131348609924,0.14487646520137787,0.049926333129405975
15.6,1200,1.1034060716629028,0.025169544,16.97490882873535,1.2921286821365356,2878.783905766608,21.933767318725586,7.587750434875488,34.59392189979553,0.1454194039106369,0.050306275486946106
15.7,1200,1.1011532545089722,0.025213987,16.974769592285156,1.298994541168213,2878.336282489162,22.050132751464844,7.599966526031494,34.466758370399475,0.1448892205953598,0.049938623
15.8,1200,1.0989307165145874,0.025215549394488335,16.974750518798828,1.3106831312179565,2878.6606345124674,22.248519897460938,7.601294040679932,34.16539132595062,0.14457152783870697,0.04939343
15.9,1200,1.102610468864441,0.025130581110715866,16.974781036376953,1.3056877851486206,2878.6769541111244,22.16376495361328,7.575722694396973,34.180667996406555,0.14554524421691895,0.049748338758945465
16,1200,1.102972388267517,0.025181962177157402,16.974830627441406,1.3167250156402588,2878.812173642853,22.351184844970703,7.591568470001221,33.96494985,0.1452891230583191,0.049347382
16.1,1200,1.1010453701019287,0.025200546,16.974842071533203,1.3044476509094238,2878.6198355158253,22.142793655395508,7.596663475036621,34.30761098861694,0.14493802189826965,0.049724772572517395
16.2,1200,1.0977427959442139,0.025224499,16.974773406982422,1.2988051176071167,2878.546688743274,22.04692268371582,7.603691101074219,34.48867201805115,0.14436973631381989,0.049791202
16.3,1200,1.0958791971206665,0.025170824,16.974790573120117,1.2955434322357178,2878.3861155493464,21.991579055786133,7.587087631225586,34.499967098236084,0.14444003999233246,0.049831767
16.4,1200,1.0981165170669556,0.025175876915454865,16.974790573120117,1.297141671180725,2878.2348678403655,22.018707275390625,7.588212013244629,34.462565183639526,0.14471347630023956,0.049871977
16.5,1200,1.0993636846542358,0.025256605818867683,16.974821090698242,1.2938543558120728,2878.3068489272987,21.96294593811035,7.612734794616699,34.6617192,0.1444111317396164,0.050055385
16.6,1200,1.0989631414413452,0.025205852,16.974817276000977,1.3097788095474243,2878.7742888602565,22.23325538635254,7.598670482635498,34.17704999446869,0.1446257084608078,0.049428798258304596
16.7,1200,1.097771406173706,0.025219655,16.97474479675293,1.3195332288742065,2878.963129930429,22.398738861083984,7.603330135345459,33.94534885883331,0.1443803459405899,0.049010411
16.8,1200,1.0957218408584595,0.025230878964066505,16.974775314331055,1.3269500732421875,2878.710176151247,22.52467918395996,7.606045722961426,33.76761078834534,0.14405933022499084,0.048645392060279846
16.9,1200,1.0968518257141113,0.025134794414043427,16.97492218017578,1.3124603033065796,2878.931364997329,22.278911590576172,7.577662467956543,34.01271402835846,0.1447480469942093,0.049232739955186844
17,1200,1.0991408824920654,0.025124981999397278,16.97496223449707,1.309970736503601,2878.7355298134466,22.236703872680664,7.574189186096191,34.06165540218353,0.1451166421175003,0.04942913
17.1,1200,1.0975489616394043,0.025151409208774567,16.974979400634766,1.3141623735427856,2878.516380917197,22.307878494262695,7.581578731536865,33.986103534698486,0.1447652280330658,0.049200058
17.2,1200,1.0967384576797485,0.025264533,16.974838256835938,1.3274016380310059,2878.528912037594,22.532428741455078,7.615711688995361,33.79889429,0.14400997757911682,0.048673778772354126
17.3,1100,1.0949426889419556,0.025314195081591606,16.974708557128906,1.3249354362487793,2878.895520164565,22.490392684936523,7.631653308868408,33.93294811248779,0.14347384870052338,0.048684906
17.4,1200,1.1470922231674194,0.03698007,16.97008514404297,1.6401928663253784,2942.26423,27.834213256835938,11.394047737121582,40.93540311,0.10067469626665115,0.041211594
17.5,1300,1.3587408065795898,0.052692253,16.966785430908203,2.193416118621826,3169.0821722605397,37.21522141,17.48674201965332,46.988144516944885,0.077701204,0.036510352
17.6,1300,1.7088334560394287,0.066227145,16.965373992919922,2.8273165225982666,3523.847516191636,47.96648406982422,24.438905715942383,50.94996690750122,0.069922663,0.035625573
17.7,1300,2.096182346343994,0.066465601,16.971256256103516,3.0635251998901367,3888.5547013402243,51.99187088012695,27.065357208251953,52.05690264701843,0.077448905,0.040317502
17.8,1300,2.324533700942993,0.060381073504686356,16.975746154785156,3.0078747272491455,4126.581584757561,51.060916900634766,26.09275245666504,51.10121965408325,0.089087337,0.045524713
17.9,1300,2.4931931495666504,0.057522431,16.976886749267578,2.9128634929656982,4250.154168630295,49.45135498046875,25.601802825927734,51.77168846130371,0.097383499,0.050417084246873856
18,1300,2.540811061859131,0.054669581,16.976749420166016,2.853388547897339,4303.968628044178,48.441261291503906,24.640155792236328,50.86604952812195,0.10311667621135712,0.05245138
18.1,1300,2.5363337993621826,0.05217069,16.975955963134766,2.8247158527374268,4323.439074927459,47.95225143432617,23.62025260925293,49.25785958766937,0.10737962275743484,0.052892901
18.2,1300,2.545257329940796,0.051870856,16.975364685058594,2.8044564723968506,4327.6512799093625,47.60667037963867,23.507383346557617,49.37833845615387,0.10827480256557465,0.053464301
18.3,1300,2.5653786659240723,0.052922941744327545,16.974939346313477,2.7850489616394043,4326.453538,47.27603530883789,23.977540969848633,50.718170404434204,0.10699089616537094,0.054263826459646225
18.4,1300,2.5502066612243652,0.052654989,16.974628448486328,2.7874364852905273,4323.681246114671,47.31570053100586,23.84085464477539,50.38677453994751,0.10696792602539062,0.053897686302661896
18.5,1300,2.5421571731567383,0.051929473876953125,16.974605560302734,2.7745118141174316,4321.411364794341,47.09624481201172,23.500015258789062,49.89785552024841,0.1081768274307251,0.053977918
18.6,1300,2.5155444145202637,0.051410920917987823,16.97469139099121,2.7728657722473145,4320.274238473642,47.06854248046875,23.25922966003418,49.41565692424774,0.10815253108739853,0.053444281220436096
18.7,1300,2.5318942070007324,0.052104685455560684,16.974519729614258,2.7905049324035645,4319.127495246591,47.36748123168945,23.566843032836914,49.75321292877197,0.10743459314107895,0.05345216
18.8,1300,2.5514400005340576,0.053122684359550476,16.97451400756836,2.7955102920532227,4318.4767512501485,47.45242691040039,24.023662567138672,50.626832246780396,0.1062052920460701,0.053768374025821686
18.9,1300,2.542252540588379,0.052818712,16.974639892578125,2.7969422340393066,4318.645484243404,47.477088928222656,23.887130737304688,50.312966108322144,0.10642770677804947,0.053546935
19,1300,2.535696506500244,0.051840186,16.97472572,2.7830514907836914,4318.472671350484,47.24153518676758,23.44365692138672,49.62509274482727,0.1081613078713417,0.053675148636102676
19.1,1300,2.5106003284454346,0.051359996,16.974767684936523,2.7903168201446533,4317.789870999536,47.36497879,23.222827911376953,49.029532074928284,0.10810915380716324,0.053005412220954895
19.2,1300,2.525061607,0.052108593,16.97466468811035,2.777430772781372,4317.963849578075,47.145957946777344,23.56226158,49.977269768714905,0.10716550052165985,0.053558391
19.3,1300,2.5470027923583984,0.053011209,16.974546432495117,2.7903988361358643,4318.4123471197345,47.365753173828125,23.97289276123047,50.61228871,0.10624511539936066,0.053773087
19.4,1300,2.5367777347564697,0.052698184,16.974472045898438,2.788970708847046,4318.119760029529,47.341304779052734,23.829721450805664,50.33600330352783,0.10645436495542526,0.05358487
19.5,1300,2.5347917079925537,0.051837652921676636,16.974689483642578,2.7949368953704834,4318.028545129893,47.44318771362305,23.440099716186523,49.40667450428009,0.10813912004232407,0.053427942
19.6,1300,2.513939380645752,0.051397674,16.974834442138672,2.791620969772339,4317.851069,47.38730239868164,23.24019432067871,49.04308021068573,0.10817205160856247,0.053050905
19.7,1300,2.530553102493286,0.052064095,16.974695205688477,2.791426420211792,4317.295037454547,47.38361358642578,23.538494110107422,49.67644512653351,0.10750701278448105,0.053405661
19.8,1300,2.5457684993743896,0.053028502,16.974639892578125,2.808790922164917,4317.122515983031,47.67821502685547,23.97355079650879,50.28197765350342,0.10619071871042252,0.053394794
19.9,1300,2.535496234893799,0.052887961,16.97460174560547,2.7998082637786865,4317.717598491198,47.525630950927734,23.91330909729004,50.31665563583374,0.10602866113185883,0.05335008
20,1300,2.5317327976226807,0.051877558,16.97463035583496,2.7911829948425293,4318.0189282235415,47.37929916381836,23.458091735839844,49.511268734931946,0.10792577266693115,0.053435418754816055
20.1,1300,2.502316713,0.051264114677906036,16.974708557128906,2.799468755722046,4318.551063708318,47.520164489746094,23.183561325073242,48.78678321838379,0.10793495923280716,0.052657995373010635
20.2,1300,2.5230765342712402,0.051981639,16.97481346130371,2.7943568229675293,4318.299567036159,47.433685302734375,23.506683349609375,49.55694079399109,0.1073344349861145,0.053191662
20.3,1300,2.5423500537872314,0.052885018,16.974674224853516,2.7838656902313232,4318.290241551213,47.25521469116211,23.915149688720703,50.60849189758301,0.10630708932876587,0.053800415
20.4,1300,2.5307841300964355,0.052671805024147034,16.97450065612793,2.804237127304077,4318.363096902359,47.60052490234375,23.819133758544922,50.03964900970459,0.10625004768371582,0.053167146
20.5,1300,2.526345968,0.051739935,16.974632263183594,2.7899558544158936,4318.224963156585,47.35847473144531,23.39697838,49.4039923,0.10797744989395142,0.053345173597335815
20.6,1300,2.5012874603271484,0.051175829,16.974668502807617,2.787611246109009,4318.545235280226,47.31877517700195,23.143604278564453,48.909977078437805,0.10807684063911438,0.052860356867313385
20.7,1300,2.520754337310791,0.051888667,16.97454261779785,2.7781035900115967,4318.184164159943,47.157039642333984,23.464014053344727,49.757182598114014,0.10743065923452377,0.053454466
20.8,1300,2.539219856262207,0.052933902,16.974451065063477,2.789628744125366,4318.033790715175,47.35241699,23.935832977294922,50.548285245895386,0.10608445107936859,0.05362387
20.9,1300,2.5288336277008057,0.052635003,16.974611282348633,2.7703492641448975,4317.850195230286,47.02560043334961,23.799665451049805,50.61001777648926,0.10625500977039337,0.053775679
21,1300,2.5222671031951904,0.051649604,16.97461700439453,2.7808916568756104,4317.4089832237405,47.20457077026367,23.351716995239258,49.46918487548828,0.10801206529140472,0.053432688
21.1,1300,2.4981164932250977,0.051071934,16.975154876708984,2.778582811355591,4317.415685916046,47.166873931884766,23.090578079223633,48.955073952674866,0.1081877052783966,0.052963368594646454
21.2,1300,2.5159854888916016,0.051975343,16.97559166,2.7844066619873047,4317.844949645003,47.26694869995117,23.501361846923828,49.72049593925476,0.10705700516700745,0.053229276
21.3,1300,2.5346906185150146,0.052885543555021286,16.975753784179688,2.791344404220581,4318.498316434087,47.38517379760742,23.916540145874023,50.472623109817505,0.10598065704107285,0.053491216
21.4,1300,2.5223419666290283,0.052620836,16.975872039794922,2.802776575088501,4318.455768909018,47.5795784,23.79659652709961,50.014305114746094,0.10599591583013535,0.053013124
21.5,1300,2.5165040493011475,0.05164979,16.976154327392578,2.791745424,4318.6073080394035,47.39310073852539,23.35828209,49.28624927997589,0.10773497819900513,0.05309853
21.6,1300,2.4932851791381836,0.051032677,16.97631264,2.7731001377105713,4318.574086,47.07701492,23.07901954650879,49.02396500110626,0.10803254693746567,0.052961837500333786
21.7,1300,2.5140297412872314,0.051957398653030396,16.97622299194336,2.785996913909912,4317.923342002837,47.29570388793945,23.493675231933594,49.67401325702667,0.10700879245996475,0.05315556
21.8,1300,2.5288634300231934,0.052955158054828644,16.975799560546875,2.7765209674835205,4317.427634193634,47.133663177490234,23.94208335876465,50.79614520072937,0.10562419891357422,0.05365302
21.9,1300,2.518063784,0.052725829,16.975149154663086,2.7777082920074463,4317.618806635043,47.15201187133789,23.839454650878906,50.55872201919556,0.10562589019536972,0.053403102
22,1300,2.5172150135040283,0.051793623715639114,16.974863052368164,2.7787845134735107,4317.3428305648995,47.16948699951172,23.416471481323242,49.64326024055481,0.10749762505292892,0.053365327417850494
22.1,1300,2.4972896575927734,0.051265835762023926,16.974811553955078,2.782721996307373,4317.800070748696,47.236183166503906,23.180307388305664,49.07320439815521,0.10773324221372604,0.052868153899908066
22.2,1300,2.5170676708221436,0.052102863788604736,16.97481918334961,2.7745304107666016,4317.560230932721,47.09715270996094,23.55746841430664,50.018882751464844,0.10684797167778015,0.053444158
22.3,1200,2.5327835083007812,0.053216878324747086,16.974498748779297,2.7939321994781494,4317.725466869122,47.42559814453125,24.06207275390625,50.73646903038025,0.10526040196418762,0.053405407816171646
22.4,1300,2.6104912757873535,0.064544141,16.967693328857422,3.261173963546753,4378.601358337559,55.334598541259766,29.595170974731445,53.48402261734009,0.088206664,0.047176473
22.5,1400,2.9461488723754883,0.080545172,16.962942123413086,4.094840049743652,4599.0651479646385,69.46053314208984,38.79159927368164,55.846965312957764,0.075948112,0.042414717
22.6,1400,3.536029577255249,0.096566655,16.960311889648438,5.063139439,4943.065385210283,85.87242126464844,49.98643493652344,58.210110664367676,0.070739783,0.041177709
22.7,1400,4.103394508361816,0.098190792,16.96826172,5.480190753936768,5298.449708204722,92.98931121826172,54.48139190673828,58.58887434005737,0.07531736,0.044127595
22.8,1400,4.451537609100342,0.094403945,16.973676681518555,5.484951019287109,5533.799886020926,93.09978485107422,54.706912994384766,58.76159071922302,0.081370659,0.047814693
22.9,1400,4.609056473,0.090814702,16.975276947021484,5.389664173126221,5660.527981,91.49104309082031,53.832149505615234,58.83871317,0.085619032,0.050377134
23,1400,4.696121692657471,0.088168427,16.975223541259766,5.328202724456787,5720.10559,90.44743347167969,52.81359863,58.39148163795471,0.088918798,0.051921006
23.1,1400,4.760405064,0.086947843,16.974891662597656,5.300055027008057,5746.795710734054,89.96785736083984,52.325477600097656,58.16018581390381,0.090976812,0.052912283688783646
23.2,1400,4.732370376586914,0.086885497,16.97475242614746,5.275322437286377,5757.321269024935,89.54729461669922,52.383724212646484,58.49838852882385,0.090340473,0.052847721
23.3,1400,4.771723747253418,0.085838877,16.97452735900879,5.271671295166016,5760.733813672651,89.48413086,51.78338623046875,57.868796586990356,0.092147775,0.053324803709983826
23.4,1400,4.758594512939453,0.086298652,16.97423744,5.293460369110107,5761.042137518704,89.85245513916016,52.06353759765625,57.94336795806885,0.091399752,0.052960094064474106
23.5,1400,4.737884521484375,0.085950017,16.974910736083984,5.270008563995361,5760.432483940308,89.45792388916016,51.847721099853516,57.957661151885986,0.091380768,0.052962154150009155
23.6,1400,4.769200801849365,0.085617289,16.97477912902832,5.245878696,5759.389195311886,89.04763031,51.637657165527344,57.98880457878113,0.092358969,0.053557862
23.7,1400,4.7214531898498535,0.086156107,16.97452735900879,5.248006820678711,5758.1856249109405,89.08243560791016,51.95177078,58.31875801086426,0.090881467,0.053000946
23.8,1400,4.752584934234619,0.085672885,16.97467803955078,5.244615555,5757.592290931201,89.02565765,51.655067443847656,58.022671937942505,0.092006177,0.053384438157081604
23.9,1400,4.743096828460693,0.086272612,16.97464370727539,5.2622551918029785,5758.043994108311,89.32490539550781,52.02074051,58.23766589164734,0.091177031,0.053099375
24,1400,4.727720260620117,0.085862942,16.97530746459961,5.282646179199219,5757.9408309310875,89.67454528808594,51.77279281616211,57.73410201072693,0.091316693,0.052720874547958374
24.1,1400,4.763958454,0.085679904,16.975677490234375,5.279500961303711,5758.478212001146,89.62310791015625,51.66724777,57.64946937561035,0.092204615,0.053155471
24.2,1400,4.712421417236328,0.086084239,16.976341247558594,5.254532814025879,5758.638493773669,89.20274353027344,51.91251754760742,58.19609761238098,0.090776213,0.052828211
24.3,1400,4.737683296203613,0.085446738,16.97627067565918,5.254786491394043,5757.807359927787,89.20668029785156,51.52063751220703,57.754236459732056,0.091957003,0.053109065
24.4,1400,4.727313995361328,0.085999191,16.975814819335938,5.267326831817627,5757.211695,89.41716766357422,51.84837723,57.984817028045654,0.091175735,0.052868083119392395
24.5,1400,4.708515167236328,0.085874744,16.975372314453125,5.244153976,5757.148165,89.02146911621094,51.77277755737305,58.15763473510742,0.090945765,0.052891906
24.6,1400,4.758030414581299,0.085508786,16.974836349487305,5.2641706466674805,5757.847576,89.35843658447266,51.55841064453125,57.69842863082886,0.09228427,0.053246572613716125
24.7,1400,4.718402862548828,0.086208403,16.974475860595703,5.286188602,5757.127765212289,89.73027801513672,51.97375488,57.922202348709106,0.090784341,0.052584287
24.8,1400,4.753355979919434,0.085643813,16.974943161010742,5.2834367752075195,5756.815944309381,89.68603516,51.63057327270508,57.568126916885376,0.092064753,0.052999955
24.9,1400,4.748712062835693,0.086144552,16.97476577758789,5.272986412,5756.644588523483,89.50770568847656,51.93090057373047,58.01835656166077,0.091442898,0.053053666
25,1400,4.727172852,0.085919812,16.97464942932129,5.272650241851807,5755.909040898306,89.50138854980469,51.78880310058594,57.86368250846863,0.091277897,0.052816752
25.1,1400,4.7585906982421875,0.085708849,16.974660873413086,5.271756649017334,5756.467404309495,89.48628234863281,51.66665267944336,57.73695707321167,0.092101783,0.053176761
25.2,1400,4.714512348175049,0.086335115,16.974565505981445,5.276531219482422,5757.549160563322,89.56682586669922,52.05395508,58.11744928359985,0.09056972,0.052636813
25.3,1400,4.7410993576049805,0.085543722,16.97451400756836,5.269618034362793,5758.174550897566,89.44920349121094,51.58240509033203,57.66670107841492,0.091913112,0.053003259003162384
25.4,1400,4.7329583168029785,0.086162746,16.974231719970703,5.294461727142334,5758.011354910997,89.86942291259766,51.954200744628906,57.810765504837036,0.091098666,0.052664835
25.5,1400,4.708233356,0.085908391,16.974952697753906,5.257209300994873,5758.160562670147,89.24088287353516,51.80217361450195,58.04758071899414,0.090888724,0.052758704870939255
25.6,1400,4.739197254180908,0.085389122,16.974708557128906,5.240194320678711,5757.771223673618,88.95077514648438,51.48557662963867,57.880979776382446,0.092049032,0.053278878
25.7,1400,4.686690330505371,0.086013928,16.974416732788086,5.2595038414001465,5757.314274911225,89.27700805664062,51.85818862915039,58.086830377578735,0.090375125,0.05249605
25.8,1400,4.715474605560303,0.085382551,16.97463035583496,5.247461795806885,5757.861564,89.07372283935547,51.48242188,57.79753923416138,0.091593876,0.052939009
25.9,1400,4.7051239013671875,0.085934415,16.974275588989258,5.265497684,5758.647819258616,89.37800598144531,51.82225036621094,57.98098445,0.090793505,0.052642971
26,1400,4.681725502,0.085754514,16.974323272705078,5.270591735839844,5758.561558522858,89.46472930908203,51.71298599243164,57.802653312683105,0.090532877,0.052330405
26.1,1400,4.716637611,0.085341856,16.974550247192383,5.261632919311523,5758.818592201705,89.31385040283203,51.46643829345703,57.624250650405884,0.09164492,0.052809697
26.2,1400,4.669281482696533,0.085869133,16.97487449645996,5.246103286743164,5758.898441666561,89.05194854736328,51.78513717651367,58.15160274505615,0.090166442,0.052433233708143234
26.3,1400,4.689108848571777,0.085030474,16.974716186523438,5.229413032531738,5757.668060496394,88.76779938,51.268409729003906,57.75563716888428,0.091461957,0.052824434
26.4,1400,4.679757595062256,0.085566223,16.974411010742188,5.228816032409668,5757.137090697236,88.75607299804688,51.58667755126953,58.121854066848755,0.090716399,0.052726056426763535
26.5,1400,4.651845932006836,0.085417181,16.97455406188965,5.223110198974609,5758.0369999946015,88.65996551513672,51.50487137,58.09258818626404,0.090318561,0.052468393
26.6,1400,4.686422348022461,0.084809132,16.97440528869629,5.243028641,5759.274958121287,88.99729156,51.14922332763672,57.47278332710266,0.091622554,0.052658033
26.7,1400,4.643692970275879,0.085446827,16.974254608154297,5.259610652923584,5758.589534977698,89.27796936035156,51.52769088745117,57.716017961502075,0.090120338,0.052013874
26.8,1400,4.672876358032227,0.084873162,16.97494125366211,5.235444546,5758.472966415864,88.87136078,51.18071365356445,57.58965611457825,0.091301508,0.052580226212739944
26.9,1400,4.665597915649414,0.085247442,16.974651336669922,5.241880893707275,5757.856901566566,88.97910309,51.40091323852539,57.76740312576294,0.090768777,0.052434761077165604
27,1400,4.633563995361328,0.08510752,16.974576950073242,5.231567383,5756.91561,88.80364227294922,51.30815887451172,57.77708888053894,0.090308525,0.052177634090185165
27.1,1400,4.662749767303467,0.084698111,16.974645614624023,5.232022285461426,5757.775303573282,88.81172180175781,51.068965911865234,57.50250220298767,0.091302998,0.052501510828733444
27.2,1400,4.622225761413574,0.085239209,16.974430084228516,5.235711097717285,5758.861139726774,88.87321472167969,51.40491485595703,57.840728759765625,0.089917973,0.052009214
27.3,1400,4.6504950523376465,0.084934413,16.97420883178711,5.239584922790527,5758.302776315585,88.93780517578125,51.21613693237305,57.586461305618286,0.090801366,0.052289292216300964
27.4,1500,4.769502639770508,0.096836105,16.964908599853516,5.898632049560547,5818.0837975669865,100.06975555419922,58.999168395996094,58.95804762840271,0.080840163,0.047661781311035156
27.5,1500,5.097934246063232,0.11435411125421524,16.95857048034668,7.003965377807617,6027.778983,118.77723693847656,72.18346405029297,60.772132873535156,0.070624679,0.042920127511024475
27.6,1500,5.680941581726074,0.13199250400066376,16.95477867126465,8.376972198486328,6355.273112341585,142.0297088623047,87.84400177001953,61.84903383255005,0.064670801,0.039998263120651245
27.7,1500,6.3480448722839355,0.13692326843738556,16.96401023864746,9.103193283081055,6695.767550090045,154.42666625976562,96.00773620605469,62.17043995857239,0.06612014,0.041107181
27.8,1500,6.7980194091796875,0.13591045141220093,16.971017837524414,9.282193183898926,6928.036820816953,157.52825927734375,98.60334777832031,62.59406805038452,0.068943091,0.043154284
27.9,1500,7.060709476470947,0.13461199402809143,16.973241806030273,9.350135803222656,7061.977595,158.70211791992188,99.54941559,62.72721290588379,0.070926681,0.044490329921245575
28,1500,7.163524150848389,0.13340909779071808,16.97437096,9.362922668457031,7134.846351953504,158.92971801757812,99.67785645,62.71819472312927,0.071866758,0.045073531568050385
28.1,1500,7.215267658233643,0.1321583092212677,16.975780487060547,9.300066947937012,7172.797578630088,157.8759002685547,99.26854705810547,62.877583503723145,0.072684325,0.045702148
28.2,1500,7.228817939758301,0.131383017,16.97568130493164,9.229325294494629,7185.977403073948,156.67408752441406,98.86753082,63.10395002365112,0.073116198,0.046139207
28.3,1500,7.246634006500244,0.1312442570924759,16.974271774291992,9.244506836,7189.466882972476,156.9187774658203,98.81107330322266,62.96956539154053,0.073338278,0.046180796
28.4,1500,7.253965854644775,0.13140776753425598,16.973697662353516,9.25389576,7191.675857219247,157.0728302001953,98.96457672,63.00553083,0.073298611,0.046182182
28.5,1500,7.261126518249512,0.13157764077186584,16.97353744506836,9.263028144836426,7194.344694442457,157.22634887695312,99.12928009033203,63.048768043518066,0.073249057,0.046182628720998764
28.6,1500,7.2882466316223145,0.13194184005260468,16.972997665405273,9.310593605041504,7196.296052167572,158.0286865234375,99.43062591552734,62.91935443878174,0.073299818,0.046119771897792816
28.7,1500,7.306179046630859,0.13231100142002106,16.97302818,9.331481934,7196.931350829573,158.3834991455078,99.71762848,62.95960545539856,0.073268682,0.04612967
28.8,1500,7.312641620635986,0.1319846659898758,16.974245071411133,9.279433250427246,7195.546516314974,157.51136779785156,99.45253754,63.139909505844116,0.07352896,0.046426117
28.9,1500,7.291247367858887,0.1317886859178543,16.973684310913086,9.267115592956543,7193.2093166501845,157.29708862304688,99.27261352539062,63.11153769493103,0.073446721,0.046353351
29,1500,7.282906532287598,0.1318759322166443,16.97337532043457,9.285196304321289,7193.111981901053,157.6011199951172,99.33699035644531,63.03063631057739,0.073315151,0.046211008
29.1,1500,7.273146152496338,0.13178277015686035,16.973432540893555,9.274430274963379,7195.964414609152,157.41891479492188,99.30617523,63.08401823043823,0.073239617,0.046202492
29.2,1500,7.2647318840026855,0.13167299330234528,16.97321891784668,9.272936820983887,7199.232997083002,157.39158630371094,99.26852416992188,63.07104825973511,0.073182635,0.046157055
29.3,1500,7.2578535079956055,0.13160234689712524,16.97322654724121,9.272416114807129,7201.943798988473,157.3828125,99.25261688232422,63.06445598602295,0.073125057,0.04611592
29.4,1500,7.269563674926758,0.13155485689640045,16.973411560058594,9.293166160583496,7202.2206493228305,157.7367401123047,99.22061920166016,62.902671098709106,0.073266663,0.046086687594652176
29.5,1500,7.280236721038818,0.13130000233650208,16.974117279052734,9.219351768493652,7196.026195946924,156.4903564453125,98.94322967529297,63.22640776634216,0.073579937,0.046521950513124466
29.6,1500,7.296660423278809,0.13161596655845642,16.97312355041504,9.260434151,7190.919910095748,157.17849731445312,99.11095428466797,63.05630803108215,0.073621131,0.046422765
29.7,1500,7.327541828155518,0.13222479820251465,16.972959518432617,9.297645568847656,7188.600778558042,157.80856323242188,99.53730773925781,63.07471990585327,0.073616035,0.046433106
29.8,1500,7.342174053192139,0.13264937698841095,16.973678588867188,9.311007499694824,7190.293936918694,158.04205322265625,99.88044738769531,63.19865584373474,0.073509626,0.046457093209028244
29.9,1500,7.361540794372559,0.13286598026752472,16.97385597229004,9.358581543,7193.810227586444,158.85121154785156,100.09246826171875,63.01019787788391,0.073547401,0.046342365
30,1500,7.363004684448242,0.13301900029182434,16.974292755126953,9.403096199035645,7197.116695,159.61090087890625,100.25379943847656,62.81136870384216,0.073443644,0.046130962669849396
30.1,1500,7.356742858886719,0.13257679343223572,16.975759506225586,9.337328910827637,7198.549322467841,158.5082550048828,99.9404068,63.05060386657715,0.073611297,0.046412367
30.2,1500,7.354186534881592,0.13246570527553558,16.97532844543457,9.302528381347656,7195.038277385374,157.91346740722656,99.80796051,63.20420503616333,0.073683366,0.046570987
30.3,1500,7.357196331,0.13258376717567444,16.974868774414062,9.323793411254883,7192.672518422935,158.27017211914062,99.86406707763672,63.097214698791504,0.073672108,0.046485048
30.4,1500,7.395761013031006,0.1330574005842209,16.974716186523438,9.357475280761719,7191.504501,158.84048461914062,100.20454406738281,63.08501362800598,0.073806643,0.046560932
30.5,1500,7.427458286,0.13363948464393616,16.974056243896484,9.389774322509766,7190.692018557361,159.38255310058594,100.63153839111328,63.138359785079956,0.073808454,0.046601448
30.6,1500,7.447328567504883,0.13412627577781677,16.973299026489258,9.458861351013184,7192.5821777875135,160.54808044433594,101.02464294433594,62.92484998703003,0.073717944,0.046386905
30.7,1500,7.469276428222656,0.13464438915252686,16.97321128845215,9.489361763000488,7193.646448757066,161.0649414,101.42989349365234,62.97453045845032,0.073639795,0.046374314
30.8,1500,7.476517200469971,0.13435600697994232,16.974332809448242,9.432190895080566,7191.390847,160.1051483154297,101.18091583251953,63.196539878845215,0.073892564,0.046697546
30.9,1500,7.468869209289551,0.13439665734767914,16.97357940673828,9.440548897,7189.4115129056045,160.2399139404297,101.18367004394531,63.14511299133301,0.073814966,0.046610545
31,1500,7.461460113525391,0.1343977302312851,16.973453521728516,9.45159626,7191.074946282988,160.4262237548828,101.2078857421875,63.086873292922974,0.073724099,0.046510227024555206
31.1,1500,7.456887722015381,0.13433809578418732,16.97355842590332,9.441521644592285,7195.704466716261,160.2562255859375,101.22811126708984,63.16641569137573,0.073664203,0.046531036496162415
31.2,1500,7.457343101501465,0.13418160378932953,16.973215103149414,9.436850547790527,7199.758721296877,160.17369079589844,101.16715240478516,63.160908222198486,0.073713087,0.046557851
31.3,1500,7.459385871887207,0.13415108621120453,16.97323989868164,9.452226638793945,7201.869195108899,160.43490600585938,101.17379760742188,63.06220889091492,0.073728435,0.046494778245687485
31.4,1500,7.471093654632568,0.13400687277317047,16.974037170410156,9.428946495056152,7201.654126112313,160.0472869873047,101.0620117,63.145095109939575,0.07392583,0.04668054
31.5,1500,7.474216461181641,0.13398891687393188,16.973997116088867,9.39785099,7195.266752,159.5190887451172,100.95884704589844,63.28950524330139,0.074032307,0.046854682
31.6,1500,7.483875751495361,0.13445958495140076,16.97321319580078,9.435854912,7189.897603808456,160.1567840576172,101.2378921508789,63.21174502372742,0.073923662,0.046728436
31.7,1500,7.496734619140625,0.1349620372056961,16.973125457763672,9.470989227294922,7188.368224277182,160.75228881835938,101.5945816040039,63.19946646690369,0.073790692,0.046635322
31.8,1500,7.495886803,0.1352369338274002,16.973386764526367,9.482145309448242,7191.773191968379,160.94412231445312,101.84973907470703,63.282668590545654,0.073597506,0.04657447
31.9,1500,7.486725330352783,0.1351814717054367,16.97321319580078,9.506214141845703,7197.398207919721,161.3509979248047,101.8875961303711,63.14655542373657,0.073480241,0.046400242
32,1500,7.475583076477051,0.1349591761827469,16.97356414794922,9.50261116,7202.504493770898,161.29318237304688,101.79222106933594,63.1100595,0.073439635,0.046347793
32.1,1500,7.465096950531006,0.13417501747608185,16.97477149963379,9.440957069396973,7202.635633402962,160.25808715820312,101.2026138305664,63.149768114089966,0.073763877,0.046581715
32.2,1500,7.430530548095703,0.13386479020118713,16.9739933,9.416401863098145,7198.0783854780275,159.8339385986328,100.90473937988281,63.13098073005676,0.073639065,0.046489063650369644
32.3,1500,7.4148783683776855,0.13404305279254913,16.973283767700195,9.420669555664062,7196.913282702488,159.8997039794922,101.02275085449219,63.17882537841797,0.073398106,0.04637206
32.4,1600,7.498104095458984,0.14649036526679993,16.96110725402832,10.266403198242188,7256.391808535929,174.1295623779297,111.31620788574219,63.92722725868225,0.067358598,0.043060489
32.5,1600,7.943352222442627,0.16429497301578522,16.95087432861328,11.812386512756348,7462.792766863248,200.23028564453125,128.39682006835938,64.12457823753357,0.061865646,0.039671086
32.6,1600,8.698589324951172,0.18481549620628357,16.944372177124023,13.688514709472656,7784.527825955621,231.9432830810547,150.66046142578125,64.95572924613953,0.057736382,0.037503086030483246
32.7,1600,9.511707305908203,0.19212909042835236,16.95498275756836,14.767218589782715,8115.9672178207475,250.3779297,163.29092407226562,65.21777510643005,0.05825007,0.0379894
32.8,1600,10.00382137298584,0.19134852290153503,16.964527130126953,15.040694236755371,8328.864542099125,255.15826416015625,166.89353942871094,65.40785431861877,0.059941332787275314,0.039206337
32.9,1600,10.345109939575195,0.1944938600063324,16.96605682373047,15.316634178161621,8452.245371,259.8628845214844,172.14984130859375,66.24640822410583,0.060093638,0.039809878915548325
33,1600,10.582053184509277,0.19329434633255005,16.96770477294922,15.471023559570312,8528.111104943828,262.50775146484375,172.6237793,65.75949788093567,0.061301250010728836,0.040311392
33.1,1600,10.606120109558105,0.19295483827590942,16.969026565551758,15.539887428283691,8577.124105295732,263.6967773,173.31094360351562,65.72357416152954,0.061197061,0.040220897644758224
33.2,1600,10.72336483001709,0.1956498771905899,16.969146728515625,15.626678466796875,8608.733419,265.1713867,176.37924194335938,66.51518345,0.060797207057476044,0.040439371
33.3,1600,10.749663352966309,0.19217072427272797,16.97070885,15.640848159790039,8627.037597787812,265.4362793,173.61111450195312,65.40594696998596,0.061918058,0.040498093
33.4,1600,10.74055004119873,0.1945621818304062,16.972850799560547,15.548989295959473,8634.269511364048,263.9106750488281,175.91896057128906,66.65852069854736,0.061053965240716934,0.040697671473026276
33.5,1600,10.774681091308594,0.19289952516555786,16.97168731689453,15.507742881774902,8626.767741567164,263.19256591796875,174.2640838623047,66.21162891,0.061829615384340286,0.040938396006822586
33.6,1600,10.679075241088867,0.19238968193531036,16.970552444458008,15.532013893127441,8626.606876951832,263.58685302734375,173.8002471923828,65.93661308288574,0.061444532,0.040514446794986725
33.7,1600,10.697985649108887,0.19477900862693787,16.97038459777832,15.546676635742188,8632.924893003283,263.83306884765625,176.08758544921875,66.74203872680664,0.060753777623176575,0.040548309683799744
33.8,1600,10.656051635742188,0.19081614911556244,16.970977783203125,15.522866249084473,8640.112510526022,263.4382324,172.6486358642578,65.53666591644287,0.061721031,0.040449906
33.9,1600,10.625142097473145,0.19411484897136688,16.97034454345703,15.541921615600586,8648.174392262523,263.75177001953125,175.79714965820312,66.65250062942505,0.060439787805080414,0.04028463
34,1600,10.65516471862793,0.19068267941474915,16.970958709716797,15.506059646606445,8652.729309,263.1527099609375,172.77980041503906,65.65762162208557,0.061669040471315384,0.040490426
34.1,1600,10.563223838806152,0.1906413435935974,16.97250747680664,15.340751647949219,8646.104134604335,260.37103271484375,172.61009216308594,66.29389524459839,0.061197024,0.040569890290498734
34.2,1600,10.607425689697266,0.19116997718811035,16.97034264,15.358499526977539,8635.079080025991,260.6390075683594,172.86801147460938,66.32468700408936,0.061361417174339294,0.040697768330574036
34.3,1600,10.565167427062988,0.18895044922828674,16.969989776611328,15.391510963439941,8630.626160963899,261.19378662109375,170.77285766601562,65.38166999816895,0.061866783,0.040449537336826324
34.4,1600,10.583203315734863,0.19274042546749115,16.969728469848633,15.423839569091797,8631.093018054047,261.7383728027344,174.20765686035156,66.55793190002441,0.060750506818294525,0.040434282
34.5,1600,10.64811897277832,0.19085469841957092,16.969511032104492,15.46337604522705,8634.890238955819,262.40594482421875,172.57913208007812,65.76800346374512,0.061699919402599335,0.040578805
34.6,1600,10.623465538024902,0.19246691465377808,16.96971893310547,15.504449844360352,8639.250486011253,263.1061706542969,174.12486267089844,66.18045568466187,0.061010621,0.040377107
34.7,1600,10.718504905700684,0.19310949742794037,16.971019744873047,15.507184982299805,8640.416171629602,263.1727294921875,174.72976684570312,66.39356613,0.061343323439359665,0.040728021413087845
34.8,1600,10.679588317871094,0.18972155451774597,16.97100830078125,15.422392845153809,8628.879381064804,261.7335510253906,171.43507385253906,65.49984812736511,0.062295236,0.040803283
34.9,1600,10.691418647766113,0.19344764947891235,16.96924591064453,15.511977195739746,8620.728907221308,263.2265625,174.6369171142578,66.34472012519836,0.061220839619636536,0.040616792
35,1600,10.758878707885742,0.19301237165927887,16.969419479370117,15.575056076049805,8621.143308458632,264.2996520996094,174.25234985351562,65.92984199523926,0.061743092,0.040707122534513474
35.1,1600,10.705169677734375,0.19285082817077637,16.969924926757812,15.59890079498291,8628.354239693737,264.7121887207031,174.25213623046875,65.82701802253723,0.061434943,0.040440790355205536
35.2,1600,10.75294017791748,0.19534951448440552,16.96960449,15.647937774658203,8638.480550660333,265.5393066,176.7169952392578,66.55021905899048,0.060848366,0.040494721
35.3,1600,10.712252616882324,0.19157737493515015,16.970672607421875,15.602372169494629,8647.117698249489,264.7827453613281,173.47792053222656,65.51707983016968,0.06174995,0.040456761
35.4,1600,10.673998832702637,0.19311824440956116,16.972501754760742,15.458292961120605,8646.593722564041,262.36590576171875,174.8626251220703,66.64837598800659,0.061042201,0.040683635
35.5,1600,10.68029499053955,0.19023948907852173,16.970890045166016,15.429854393005371,8636.093809356764,261.8583679199219,172.04681396484375,65.70224165916443,0.062077843,0.040786534547805786
35.6,1600,10.60818099975586,0.1909022033214569,16.969985961914062,15.481795310974121,8630.686193773245,262.7258605957031,172.53805541992188,65.67227840423584,0.061483141,0.040377378
35.7,1600,10.655089378356934,0.19392910599708557,16.97045326,15.540241241455078,8631.095932268094,263.7249450683594,175.28208923339844,66.46398305892944,0.060788237,0.040402282029390335
35.8,1600,10.650938034057617,0.1912292242050171,16.970829010009766,15.57172966003418,8634.774253236794,264.2651672363281,172.9154815673828,65.43256640434265,0.061596211045980453,0.040303983
35.9,1600,10.667527198791504,0.1946786791086197,16.971132278442383,15.599923133850098,8641.689683167648,264.74835205078125,176.17556762695312,66.54453278,0.060550548,0.040293083
36,1600,10.732627868652344,0.19203148782253265,16.97179604,15.587004661560059,8645.948515574286,264.5394592285156,173.86561584472656,65.72388410568237,0.061729442328214645,0.040570989
36.1,1600,10.654757499694824,0.191481352,16.973241806030273,15.435046195983887,8636.593888487036,261.9827575683594,173.17994689941406,66.10356569290161,0.061524197459220886,0.040669687
36.2,1600,10.738773345947266,0.19332817196846008,16.971038818359375,15.50305461883545,8625.211551266668,263.1029357910156,174.61981201171875,66.36939049,0.061498024,0.040815864
36.3,1600,10.745811462402344,0.1909233182668686,16.970918655395508,15.565618515014648,8621.665535615652,264.1628418,172.3767852783203,65.25398493,0.062339089810848236,0.04067874
36.4,1600,10.747519493103027,0.19466175138950348,16.970230102539062,15.624878883361816,8624.272009,265.15777587890625,175.80519104003906,66.30210280418396,0.06113312,0.040532544
36.5,1600,10.847831726074219,0.19468830525875092,16.96943473815918,15.689682006835938,8630.182034743308,266.2450256347656,175.9496612548828,66.08561277389526,0.06165304,0.040743790566921234
36.6,1600,10.800768852233887,0.19410504400730133,16.96990203857422,15.719721794128418,8637.536928,266.76214599609375,175.57203674316406,65.81594944000244,0.061517588794231415,0.040488388389348984
36.7,1600,10.839926719665527,0.1957646608352661,16.971813201904297,15.653924942016602,8641.011254,265.67547607421875,177.14442443847656,66.67699217796326,0.061192594,0.04080138
36.8,1600,10.756367683410645,0.1922180950641632,16.971311569213867,15.56184196472168,8633.823053772221,264.1048583984375,173.79049682617188,65.8035934,0.061892726,0.040727638
36.9,1600,10.673639297485352,0.19442610442638397,16.97040367126465,15.571524620056152,8633.571265678656,264.25506591796875,175.78170776367188,66.51971340179443,0.060720991,0.040391430258750916
37,1700,10.72288990020752,0.19301816821098328,16.970426559448242,15.563926696777344,8637.145257784516,264.1264648,174.58102416992188,66.09750986099243,0.061420708894729614,0.040597558
37.1,1700,10.685982704162598,0.19259695708751678,16.970216751098633,15.578802108764648,8638.39021,264.3756408691406,174.22515869140625,65.90060591697693,0.061334327,0.040419694036245346
37.2,1700,10.796695709228516,0.19590577483177185,16.969213485717773,15.661397933959961,8640.120087,265.7615966796875,177.2538299560547,66.69655442237854,0.060910929,0.04062549
37.3,1700,10.826750755310059,0.19282317161560059,16.96933937072754,15.709613800048828,8639.863053803696,266.5817565917969,174.45953369140625,65.44315814971924,0.06205881,0.040613245
37.4,1700,10.97095775604248,0.2075459212064743,16.955841064453125,16.64887046813965,8689.761975225545,282.29559326171875,188.86465454101562,66.90315604,0.058088992,0.038863368
37.5,1700,11.491734504699707,0.22822090983390808,16.939746856689453,18.70126724243164,8871.728997306654,316.79473876953125,212.02755737304688,66.92900657653809,0.054199249,0.036275018
37.6,1700,12.203572273254395,0.24655090272426605,16.930259704589844,21.25243568,9173.956307575958,359.80926513671875,236.86009216308594,65.82934856414795,0.051522281020879745,0.033916783
37.7,1700,13.21342945098877,0.26050853729248047,16.94262123,22.836153030395508,9497.700425831556,386.9042969,259.1009826660156,66.96771979,0.05099722,0.034151673316955566
37.8,1700,13.694801330566406,0.26348116993904114,16.95256805419922,23.60276985168457,9732.231127,400.1275634765625,268.5286560058594,67.11075901985168,0.050999407,0.03422609
37.9,1700,13.913101196289062,0.262870193,16.95944595336914,23.943662643432617,9885.074659250342,406.0712585449219,272.1134033203125,67.01124310493469,0.051129791885614395,0.034262709
38,1700,14.201595306396484,0.2630009651184082,16.964662551879883,23.998414993286133,9975.837273,407.125,274.7485046386719,67.48504638671875,0.051689439,0.034882639
38.1,1700,14.433382987976074,0.2633920907974243,16.96614646911621,23.877849578857422,10004.83137125141,405.1150817871094,275.9568176269531,68.1181252,0.052303049713373184,0.035627856850624084
38.2,1700,14.427845001220703,0.26417800784111023,16.96287727355957,24.12803077697754,10016.865909575245,409.28082275390625,277.1131591796875,67.70733594894409,0.052064813673496246,0.035251699
38.3,1700,14.436420440673828,0.263822466,16.962799072265625,24.31879234313965,10028.422516795554,412.5148010253906,277.0594787597656,67.16352701187134,0.052105851,0.03499613
38.4,1700,14.633182525634766,0.26676809787750244,16.963642120361328,24.45061492919922,10042.033062075396,414.7714844,280.53314208984375,67.63558983802795,0.052162047,0.035280108
38.5,1700,14.698541641235352,0.2696130871772766,16.963062286376953,24.638500213623047,10055.107391970796,417.9444274902344,283.894043,67.92626976966858,0.051774744,0.035168651
38.6,1700,14.66073989868164,0.27124476432800293,16.96332550048828,24.778444290161133,10064.686996382386,420.3248291015625,285.8842773,68.01508069038391,0.051282082,0.03487955
38.7,1700,14.513965606689453,0.2680349051952362,16.96763038635254,24.64428139,10064.351278924301,418.1550598144531,282.4917297363281,67.55669713020325,0.051378369,0.034709532
38.8,1700,14.378576278686523,0.2671583294868469,16.965354919433594,24.63965606689453,10052.713073710707,418.0205078,281.2422790527344,67.27954149246216,0.051125228,0.03439682
38.9,1700,14.530645370483398,0.2694385349750519,16.964338302612305,24.745738983154297,10053.023146085188,419.7950744628906,283.6514587402344,67.56902337,0.051227115,0.034613661
39,1700,14.596734046936035,0.2714405655860901,16.964263916015625,24.837665557861328,10059.053237788907,421.35272216796875,285.93048095703125,67.86012649536133,0.051049936562776566,0.034642555
39.1,1700,14.539802551269531,0.2715573012828827,16.96377944946289,24.910497665405273,10069.691284741959,422.5762023925781,286.3559875488281,67.76434183120728,0.050775271,0.03440753
39.2,1700,14.510001182556152,0.26978209614753723,16.965063095092773,24.932510375976562,10085.253187746916,422.9815979003906,284.9236755371094,67.36077070236206,0.050925922,0.034304093569517136
39.3,1700,14.617226600646973,0.2687017619609833,16.96697425842285,24.855663299560547,10097.733017976958,421.72540283203125,284.1338806152344,67.37414598464966,0.051444858,0.034660533
39.4,1700,14.761625289916992,0.2669427692890167,16.969396591186523,24.53864288330078,10082.420571694327,416.4059753417969,281.8458251953125,67.68534779548645,0.052374825,0.035450082272291183
39.5,1700,14.890568733215332,0.269578218,16.96487808227539,24.631017684936523,10063.179764877861,417.8622131347656,284.0852355957031,67.98538565635681,0.052415852,0.035635117
39.6,1700,14.774121284484863,0.2694149315357208,16.964006423950195,24.772541046142578,10059.935661801997,420.2415466308594,283.8216247558594,67.53773689,0.052054249,0.035156261175870895
39.7,1700,14.682924270629883,0.26828059554100037,16.96502113342285,24.792478561401367,10068.314610026688,420.60491943359375,282.8620300292969,67.25124121,0.051908429712057114,0.034909066
39.8,1700,14.682454109191895,0.26819396018981934,16.965112686157227,24.819427490234375,10082.075528751297,421.06439208984375,283.15716552734375,67.24795103,0.051852666,0.034869853407144547
39.9,1700,14.817625999450684,0.26903626322746277,16.96595573425293,24.796274185180664,10093.496916439879,420.6925048828125,284.3682556152344,67.59527325630188,0.052107174,0.03522199
40,1700,14.98705005645752,0.2692822217941284,16.96862030029297,24.667095184326172,10091.601511624443,418.5665588378906,284.57476806640625,67.98793674,0.05266472,0.035805653780698776
40.1,1700,14.854593276977539,0.26863205432891846,16.966049194335938,24.587770462036133,10068.854322467983,417.1573181152344,283.2477722167969,67.89950728416443,0.052443813532590866,0.035609093
40.2,1700,14.644743919372559,0.2671492099761963,16.964345932006836,24.68240737915039,10060.30868119987,418.72088623046875,281.4451904296875,67.21546053886414,0.052034091,0.034974955
40.3,1700,14.645442008972168,0.26808393001556396,16.96508026123047,24.728973388671875,10065.472668489154,419.5290222167969,282.57489013671875,67.35526919364929,0.051828533,0.034909248
40.4,1700,14.72021484,0.26885247230529785,16.966407775878906,24.67981529,10079.992448551307,418.7278137207031,283.79376220703125,67.77523756027222,0.051869407296180725,0.035154614597558975
40.5,1700,14.810957908630371,0.2697969377040863,16.965940475463867,24.69508171081543,10093.787172158847,418.97528076171875,285.18048095703125,68.06617975234985,0.051935385912656784,0.035350434482097626
40.6,1700,14.791472434997559,0.2698855400085449,16.96622085571289,24.63751792907715,10100.39311255803,418.0055847167969,285.4608154296875,68.29115152359009,0.051816120743751526,0.035385824739933014
40.7,1700,14.59561824798584,0.266153485,16.969850540161133,24.34278106689453,10093.42580961716,413.0933532714844,281.3191833496094,68.1006372,0.051882766,0.035332493
40.8,1700,14.392480850219727,0.2632419168949127,16.966657638549805,24.28567123413086,10078.235760324455,412.0466613769531,277.822998,67.42512583732605,0.051804502,0.034929249
40.9,1700,14.444829940795898,0.26456883549690247,16.965272903442383,24.345722198486328,10071.192687818391,413.0318298339844,279.02825927734375,67.55611896514893,0.051768336445093155,0.034972679
41,1700,14.592935562133789,0.26697665452957153,16.964981079101562,24.404691696166992,10070.22633444078,414.0251465,281.5406799316406,68.00086498260498,0.051832426339387894,0.035246495
41.1,1700,14.649118423461914,0.26887813210487366,16.963735580444336,24.524085998535156,10073.689586412895,416.0201110839844,283.6434020996094,68.18020939826965,0.051646255,0.035212524235248566
41.2,1700,14.58836555480957,0.268025666,16.964216232299805,24.60548210144043,10079.956312297138,417.4127197265625,282.9200134277344,67.77943968772888,0.051563572,0.0349495
41.3,1700,14.581180572509766,0.2671040892601013,16.96638298034668,24.59813881,10083.125811493428,417.3414306640625,282.0358581542969,67.57916808128357,0.051699739,0.034938253462314606
41.4,1700,14.64511775970459,0.2661087214946747,16.968475341796875,24.40266990661621,10064.404900462747,414.07611083984375,280.4631652832031,67.73227453231812,0.052217618,0.035368178
41.5,1700,14.714107513427734,0.2684321999549866,16.966032028198242,24.52488136291504,10056.024786552436,416.0899353027344,282.6764221191406,67.93637275695801,0.052052833,0.035362806
41.6,1700,14.606436729431152,0.2683108150959015,16.96660041809082,24.55446434020996,10065.02387952609,416.60577392578125,282.8014221191406,67.88226366043091,0.05164909,0.035060569643974304
41.7,1700,14.442194938659668,0.2660934627056122,16.967609405517578,24.513639450073242,10079.657896778841,415.9378662109375,280.8721008300781,67.52741932868958,0.051419113,0.034722
41.8,1700,14.412758827209473,0.26488590240478516,16.967287063598633,24.509191513061523,10092.506083664282,415.8544922,279.9538879394531,67.32015013694763,0.051482618,0.034658179
41.9,1700,14.452792167663574,0.2648608684539795,16.968130111694336,24.461870193481445,10101.467874698148,415.07220458984375,280.1759948730469,67.50054359436035,0.051584694534540176,0.034819949
42,1700,14.535758018493652,0.2637278735637665,16.971019744873047,24.208330154418945,10096.56616667299,410.8400573730469,278.84210205078125,67.87120699882507,0.052128993,0.035380576
42.1,1700,14.539319038391113,0.26448315382003784,16.96713638305664,24.141630172729492,10074.915887683397,409.61431884765625,279.0410156,68.12286972999573,0.052104592,0.035495143
42.2,1700,14.417892456054688,0.26380249857902527,16.964786529541016,24.258756637573242,10065.125294174886,411.54461669921875,278.05242919921875,67.56313443183899,0.051853143,0.035033606
42.3,1700,14.450520515441895,0.2639508545398712,16.963539123535156,24.388368606567383,10059.956644143127,413.7130432128906,278.0659484863281,67.21227169036865,0.051967963576316833,0.034928851
42.4,1700,14.74095630645752,0.2785550355911255,16.943052291870117,25.907089233398438,10111.298101517683,438.9451599121094,294.9487305,67.19489693641663,0.049978029,0.033582684
42.5,1800,15.442713737487793,0.30243080854415894,16.925230026245117,28.659297943115234,10304.01857342806,485.0652160644531,326.3332214355469,67.27615594863892,0.047321919,0.031836368
42.6,1800,16.270689010620117,0.325853169,16.914262771606445,31.96289635,10602.163652661908,540.6288452148438,361.7804260253906,66.91845059394836,0.044973932,0.030095858499407768
42.7,1800,17.036455154418945,0.33474498987197876,16.933460235595703,33.71052932739258,10891.809718052373,570.8359375,381.8059997558594,66.88542366027832,0.044620711356401443,0.029844749718904495
42.8,1800,17.57024383544922,0.3401573598384857,16.940153121948242,35.04774475097656,11090.067196649909,593.7141723632812,395.04144287109375,66.53731465,0.044476963579654694,0.029593775048851967
42.9,1800,18.02579116821289,0.3441908657550812,16.946428298950195,35.944557189941406,11232.234214663733,609.1318359,404.8499755859375,66.46343469619751,0.044524621,0.029592592269182205
43,1800,18.322433471679688,0.3480774760246277,16.95138168334961,36.515174865722656,11332.881842323208,618.982666,413.0902099609375,66.73696041107178,0.044354558,0.029600882902741432
43.1,1800,18.59827232,0.3520466089248657,16.952489852905273,36.99412155151367,11402.592173671706,627.1424560546875,420.3706359863281,67.02952980995178,0.044242557138204575,0.029655578
43.2,1800,18.869585037231445,0.3537616431713104,16.95581055,37.29797363,11452.72714643127,632.4173583984375,424.27581787109375,67.08794236183167,0.044474806636571884,0.029837234
43.3,1800,18.967300415039062,0.35170185565948486,16.963708877563477,37.1848259,11485.26026635377,630.7925415039062,423.0036621,67.05907583236694,0.044839564710855484,0.030068999156355858
43.4,1800,18.79515838623047,0.3489379584789276,16.962825775146484,36.94703293,11476.70296822947,626.7260742,419.3667297363281,66.91387891769409,0.044817954301834106,0.029989431
43.5,1800,18.723716735839844,0.3495224714279175,16.95903205871582,37.11600112915039,11477.142431707587,629.4514770507812,420.0852966308594,66.73831939697266,0.044571224600076675,0.029746085
43.6,1800,18.805572509765625,0.3515268564224243,16.95823860168457,37.29914474487305,11485.872251303403,632.5277709960938,422.8157043457031,66.84539318084717,0.044476997,0.029730824753642082
43.7,1800,18.90652847290039,0.3537457287311554,16.959165573120117,37.41077423095703,11498.737923473118,634.4555053710938,425.9611511230469,67.13806390762329,0.044385571,0.029799612
43.8,1800,19.071603775024414,0.3548620045185089,16.95824432373047,37.635047912597656,11513.451207347918,638.2243652,427.8520812988281,67.03788042068481,0.044575229,0.029882287606596947
43.9,1800,19.197261810302734,0.3559229075908661,16.95831871032715,37.82758712768555,11517.854001928421,641.4922485351562,429.2952880859375,66.92134737968445,0.044718083,0.029925944283604622
44,1800,19.23086929321289,0.35357508063316345,16.964998245239258,37.53437042236328,11500.57271,636.7705078,425.8236083984375,66.87238216400146,0.045161586,0.030200626701116562
44.1,1800,19.17588233947754,0.3551187515258789,16.95805549621582,37.72382354736328,11470.29985712788,639.7227172851562,426.5569152832031,66.67841076850891,0.044955038,0.029975304380059242
44.2,1800,19.118532180786133,0.3575068414211273,16.95708656311035,38.01097106933594,11470.99227438518,644.5552978515625,429.45135498046875,66.62753820419312,0.044518508,0.029661585
44.3,1800,19.123334884643555,0.35924530029296875,16.95965003967285,38.07732009887695,11493.529640130337,645.7780151367188,432.38751220703125,66.95605516433716,0.044227306,0.029612861573696136
44.4,1800,19.255477905273438,0.3594224452972412,16.959810256958008,38.09212112426758,11518.09529885142,646.0351563,433.52532958984375,67.10553169250488,0.04441604,0.029805619
44.5,1800,19.23992347717285,0.35807177424430847,16.960765838623047,38.12108231,11538.08913857734,646.5627441,432.6459045410156,66.91476106643677,0.044470369815826416,0.029757240787148476
44.6,1800,19.179092407226562,0.3577691614627838,16.96204948425293,38.03881072998047,11549.495372352882,645.2161865234375,432.7076110839844,67.06396937,0.044323448,0.029725064
44.7,1800,19.07473373413086,0.3540901243686676,16.967042922973633,37.42094421386719,11523.146214635724,634.9227905273438,427.2809143066406,67.29651689529419,0.044642136,0.030042605474591255
44.8,1800,19.000566482543945,0.35386475920677185,16.960981369018555,37.52385330200195,11505.153857116511,636.4414063,426.3422546386719,66.98845624923706,0.044566464,0.029854385182261467
44.9,1800,19.00031089782715,0.35367369651794434,16.96004295349121,37.64009094238281,11504.196829223847,638.3775634765625,426.07659912109375,66.74366593360901,0.044593650847673416,0.029763437807559967
45,1800,18.97779655456543,0.3539215326309204,16.96031951904297,37.70207595825195,11512.272699187766,639.4392700195312,426.67449951171875,66.72635078430176,0.044478394,0.029678810387849808
45.1,1800,19.052661895751953,0.35610929131507874,16.958423614501953,37.884490966796875,11523.55886734462,642.4612426757812,429.73284912109375,66.88852310180664,0.044336062,0.029655737802386284
45.2,1800,19.134883880615234,0.3580772578716278,16.959882736206055,37.961524963378906,11533.687509682453,643.822998,432.48748779296875,67.17489957809448,0.044243786,0.029720719903707504
45.3,1800,19.18602752685547,0.3547472357749939,16.96800994873047,37.56886291503906,11533.415904933378,637.4688110351562,428.45538330078125,67.21197366714478,0.044779524,0.030097201466560364
45.4,1800,19.08102798461914,0.35237473249435425,16.9628849,37.400508880615234,11504.128053772363,634.4205322265625,424.5091857910156,66.91290140151978,0.044948447,0.03007631
45.5,1800,19.056093215942383,0.3526390790939331,16.959123611450195,37.58007049560547,11492.161125214394,637.3250732421875,424.3857116699219,66.58858060836792,0.044902768,0.029900116845965385
45.6,1800,19.08983803,0.3548314869403839,16.95787239074707,37.83225631713867,11490.289034111327,641.5545654296875,426.9546203613281,66.55001044273376,0.044711630791425705,0.029755594208836555
45.7,1800,19.120941162109375,0.3566085696220398,16.959123611450195,37.93922424316406,11502.842302535324,643.4160156,429.56170654296875,66.76267385482788,0.044512678,0.029717851
45.8,1800,19.110164642333984,0.35785815119743347,16.96014976501465,38.05489730834961,11527.800797309792,645.416748,432.0022277832031,66.93384051322937,0.044236261397600174,0.02960903
45.9,1800,19.020095825195312,0.35547021,16.963228225708008,37.90343094,11551.14248613161,642.9645385742188,429.9884338378906,66.87591671943665,0.04423397,0.029581873
46,1800,18.816757202148438,0.34903162717819214,16.970285415649414,37.17399597167969,11543.732222655766,630.8533325195312,421.92926025390625,66.88230633735657,0.044596947729587555,0.029827468
46.1,1800,18.706295013427734,0.3492622375488281,16.962522506713867,37.14080047607422,11520.76355323182,630.0016479492188,421.3679504394531,66.88362956047058,0.044394202530384064,0.029692454263567924
46.2,1800,18.69698715209961,0.3501221537590027,16.96063995361328,37.21662139892578,11512.501173568964,631.2177124023438,422.10247802734375,66.87113642692566,0.044294901,0.029620504
46.3,1800,18.704090118408203,0.350697786,16.95978355407715,37.31121826171875,11514.356945073374,632.7901611328125,422.8645935058594,66.82540178,0.044231866,0.029558122158050537
46.4,1800,18.783267974853516,0.35187679529190063,16.958019256591797,37.50521469116211,11518.365737914877,636.0141602,424.4339599609375,66.73341393470764,0.044254869,0.029532783
46.5,1800,18.90252685546875,0.3538321256637573,16.95814323425293,37.70462417602539,11521.90709082342,639.4003906,426.9236755371094,66.76937937736511,0.044276125729084015,0.029562894254922867
46.6,1800,19.07086753845215,0.35486727952957153,16.963773727416992,37.63707352,11523.337387077134,638.4667969,428.2258301,67.07096099853516,0.044534604996442795,0.029869787395000458
46.7,1800,19.02135467529297,0.3530553877353668,16.963674545288086,37.29801940917969,11498.714609760751,632.7114868164062,425.1290283203125,67.19161272,0.044742547,0.030063236132264137
46.8,1800,18.97648048400879,0.35349005460739136,16.959394454956055,37.49683380126953,11486.239442273183,635.923584,425.19061279296875,66.86190366744995,0.044630524,0.029840818
46.9,1800,18.981882095336914,0.35389626026153564,16.959318161010742,37.65193557739258,11492.169285013722,638.5511474609375,425.89898681640625,66.69771075248718,0.044568978,0.029726486653089523
47,1800,18.981149673461914,0.35434290766716003,16.959674835205078,37.76338195800781,11503.306245411428,640.4546508789062,426.8497619628906,66.64792895317078,0.044467986,0.029636990278959274
47.1,1800,19.12367820739746,0.35692286491394043,16.957056045532227,38.05214309692383,11512.226071763032,645.2523193359375,430.2910461425781,66.68570041656494,0.044443589,0.029637519270181656
47.2,1800,19.33124351501465,0.36120274662971497,16.95666504,38.317874908447266,11509.796782934394,649.7433471679688,435.3587951660156,67.00472831726074,0.044403016567230225,0.02975212
47.3,1800,19.41924285888672,0.3603178858757019,16.964885711669922,38.039981842041016,11500.226504007751,645.3439331054688,433.9311523,67.24029183387756,0.044751897,0.030091308057308197
47.4,1800,19.509601593017578,0.3701985776424408,16.935779571533203,39.68416213989258,11531.216256171554,672.0822143554688,447.0318603515625,66.51446223258972,0.043642528,0.029028592631220818
47.5,1900,19.984560012817383,0.3915608823299408,16.910720825195312,43.058082580566406,11705.844121599539,728.1431884765625,479.9883117675781,65.91948866844177,0.041635513,0.027445919811725616
47.6,1900,20.79869842529297,0.4146634638309479,16.89435386657715,47.20772933959961,11995.781608394593,797.5440673828125,520.8983154296875,65.31279087,0.039928522,0.026078431
47.7,1900,21.83524513244629,0.4313342869281769,16.905351638793945,50.29862976074219,12303.95041826062,850.3160400390625,555.7598266601562,65.35921096801758,0.039288993924856186,0.025678977370262146
47.8,1900,22.733776092529297,0.44111597537994385,16.920021057128906,52.25681686401367,12529.888267551467,884.1864624023438,578.8001098632812,65.46131968,0.039277423,0.025711518
47.9,1900,23.32286262512207,0.4483180046081543,16.93006134033203,53.561031341552734,12677.36498355687,906.7915649414062,595.1737670898438,65.63512682914734,0.039186641573905945,0.025720203295350075
48,1900,23.520450592041016,0.44539856910705566,16.947729110717773,53.36942672729492,12733.623302869622,904.4906005859375,593.9220581054688,65.66370725631714,0.039601918,0.026004085317254066
48.1,1900,23.69045639038086,0.44867032766342163,16.939594268798828,54.24223327636719,12766.717117574546,918.8414306640625,599.8397216796875,65.28217792510986,0.039494645,0.025782965123653412
48.2,1900,23.88713836669922,0.45288169384002686,16.939407348632812,55.04487609863281,12805.595064317717,932.4275512695312,607.3137817382812,65.13254642486572,0.039332449436187744,0.025618223
48.3,1900,24.19896697998047,0.45763537287712097,16.94076919555664,55.67969894,12844.656023702968,943.2569580078125,615.5604248046875,65.25903940200806,0.039312091,0.025654692202806473
48.4,1900,24.44256591796875,0.46269986033439636,16.93804359436035,56.50920104980469,12877.621612989873,957.1553344726562,623.9699096679688,65.19003510475159,0.039172668009996414,0.025536677
48.5,1900,24.760560989379883,0.46709439158439636,16.940542221069336,57.132102966308594,12903.287678934677,967.8488159179688,631.1515502929688,65.2117908,0.039230771362781525,0.025583088397979736
48.6,1900,24.80219078063965,0.4656960666179657,16.956422805786133,56.86437225341797,12915.107731104736,964.2163086,629.8385009765625,65.32128453,0.03937865,0.025722641497850418
48.7,1900,24.70985221862793,0.464080811,16.950708389282227,56.65730285644531,12885.753435863475,960.3814086914062,626.2273559570312,65.20611047744751,0.039458274841308594,0.025729207322001457
48.8,1900,24.643877029418945,0.4656902253627777,16.944488525390625,57.12199020385742,12883.847539877474,967.9028930664062,628.3061523,64.91417288780212,0.039222721,0.025461104
48.9,1900,24.80831527709961,0.4691462218761444,16.94342803955078,57.58926773071289,12894.27809479046,975.7596435546875,633.4813842773438,64.92187381,0.039161868,0.025424618273973465
49,1900,24.825851440429688,0.47165679931640625,16.945510864257812,57.88948440551758,12918.225940133818,980.9668579101562,638.0542602539062,65.04340171813965,0.038908686488866806,0.025307532399892807
49.1,1900,24.980926513671875,0.47402557730674744,16.944414138793945,58.34543228149414,12948.473150558733,988.6291504,642.7601928710938,65.01529216766357,0.038865082,0.025268247351050377
49.2,1900,25.05470848083496,0.4749900698661804,16.94782257080078,58.43106460571289,12975.046119914614,990.2792969,645.3897705078125,65.17249345779419,0.038821053,0.025300648
49.3,1900,24.91057586669922,0.4688456058502197,16.962350845336914,57.43060302734375,12954.214152229102,974.1580200195312,636.0181884765625,65.28901458,0.039166451,0.025571390986442566
49.4,1900,24.80212402,0.4682536721229553,16.949478149414062,57.54199219,12921.716002875155,975.3067626953125,633.6216430664062,64.96639847755432,0.039143428,0.025430076
49.5,1900,24.687732696533203,0.4685549736022949,16.947669982910156,57.78126525878906,12926.311135582686,979.2578125,634.2548217773438,64.76892828941345,0.038923997431993484,0.025210656225681305
49.6,1900,24.74540901184082,0.4691619277000427,16.949615478515625,57.813560485839844,12949.25299423741,979.9176025390625,636.2035522460938,64.92418646812439,0.038895428,0.025252539664506912
49.7,1900,24.814002990722656,0.47010841965675354,16.946744918823242,57.98179626464844,12970.854314431032,982.6027221679688,638.5504760742188,64.98562097549438,0.038859893,0.025253342
49.8,1900,24.83859634399414,0.47084471583366394,16.94852066040039,58.10715866088867,12989.476142184154,984.8303833007812,640.46875,65.03340601921082,0.0387819,0.025221191346645355
49.9,1900,24.888914108276367,0.46899038553237915,16.95787811279297,57.741939544677734,13002.508507397295,979.1807861328125,638.5864868164062,65.21639823913574,0.038975012,0.025418099015951157
50,1900,24.633562088012695,0.462380975,16.961252212524414,56.73065948486328,12959.987793096783,962.2230224609375,627.5280762,65.21648765,0.039254914969205856,0.025600679218769073
50.1,1900,24.44438362121582,0.46222299337387085,16.949947357177734,56.975616455078125,12939.017108822689,965.7337036132812,626.298584,64.85210061073303,0.039029919,0.025311723351478577
50.2,1900,24.379104614257812,0.462878019,16.94904136657715,57.11802673339844,12946.494982064396,968.0958251953125,627.5486450195312,64.82298970222473,0.038848151,0.025182534009218216
50.3,1900,24.310651779174805,0.46317338943481445,16.95114517211914,57.092857360839844,12966.372253228481,967.7893066,628.9132080078125,64.98451232910156,0.03865502,0.025119777768850327
50.4,1900,24.442184448242188,0.4635479748249054,16.94921875,57.236228942871094,12990.228009407989,970.109375,630.579834,65.00090361,0.038761444,0.025195288
50.5,1900,24.581270217895508,0.4644390046596527,16.949750900268555,57.284507751464844,13000.815931879451,970.9581298828125,632.3068848,65.12194871902466,0.038875539,0.025316508
50.6,1900,24.536579132080078,0.4600955843925476,16.963726043701172,56.46821975708008,12984.196752018654,957.9114379882812,625.5928344726562,65.30800461769104,0.039221324026584625,0.025614664
50.7,1900,24.397361755371094,0.45841747522354126,16.953033447265625,56.26280975341797,12938.72569,953.8253173828125,621.1282348632812,65.11970758,0.039279103,0.025578439235687256
50.8,1900,24.286596298217773,0.4590893089771271,16.94774055480957,56.54582214355469,12927.433690833155,958.3239135742188,621.4956665039062,64.85236287117004,0.039077658,0.025342784821987152
50.9,1900,24.373252868652344,0.46154892444610596,16.947105407714844,56.821144104003906,12932.551050697708,962.9539184570312,625.0727539,64.91200923919678,0.038992666,0.025310924276709557
51,1900,24.51948356628418,0.4647989273071289,16.944133758544922,57.191680908203125,12943.359287751038,969.0634766,630.0003051757812,65.01125097,0.038919799,0.025302246
51.1,1900,24.61219596862793,0.4673689305782318,16.945178985595703,57.59619141,12958.609952695895,975.9777832,634.2301635742188,64.98407722,0.038806412,0.025217987596988678
51.2,1900,24.71605110168457,0.46856290102005005,16.949302673339844,57.66722106933594,12980.222929745702,977.4191895,636.9108887,65.16250967979431,0.038806136697530746,0.025287052616477013
51.3,1900,24.472379684448242,0.4593534469604492,16.96514892578125,56.33631516,12966.149607275376,955.7539672851562,623.7156372070312,65.25901556015015,0.039236437529325485,0.025605313
51.4,1900,24.25444793701172,0.4568983018398285,16.95336151123047,56.30664825439453,12946.95892,954.5869750976562,619.4638061523438,64.89338278770447,0.039153940975666046,0.025408316403627396
51.5,1900,24.19702148,0.4572015404701233,16.950244903564453,56.41419982910156,12950.46763865173,956.2344970703125,620.0429077148438,64.84214067459106,0.039024751633405685,0.025304485112428665
51.6,1900,24.14398193359375,0.45860978960990906,16.951095581054688,56.43260955810547,12965.41289396458,956.5945434570312,622.6704711914062,65.09241461753845,0.038774892687797546,0.025239514
51.7,1900,24.16973876953125,0.45906156301498413,16.949687957763672,56.51444625854492,12988.393220244709,957.9022216796875,624.3886108398438,65.18291831,0.038709447,0.025231948122382164
51.8,1900,24.158349990844727,0.4582987427711487,16.952106475830078,56.447025299072266,13010.066812946669,956.8959961,624.3912353515625,65.25173783302307,0.038691043853759766,0.025246579200029373
51.9,1900,24.140804290771484,0.45420971512794495,16.964662551879883,55.71821975708008,13013.626816825106,945.2407836914062,618.9896240234375,65.48486351966858,0.039000336080789566,0.025539316
52,1900,24.040088653564453,0.4508657157421112,16.957134246826172,55.17985534667969,12958.104045137532,935.6921997070312,611.8110352,65.38592576980591,0.039293323,0.025692304596304893
52.1,1900,23.97069549560547,0.4523148834705353,16.946937561035156,55.60664749145508,12924.845868760422,942.3623657226562,612.2021484,64.96462225914001,0.039154869,0.025436813
52.2,1900,24.17865753173828,0.4566196799278259,16.94448471069336,56.09457015991211,12911.316921473865,950.4935913085938,617.3817749023438,64.95380401611328,0.039163220673799515,0.025438001
52.3,1900,24.325546264648438,0.46088919043540955,16.943330764770508,56.60708999633789,12914.89207926534,959.1126708984375,623.3269653320312,64.98996615409851,0.03902534,0.025362553
52.4,1900,24.696094512939453,0.4756290316581726,16.912981033325195,59.188011169433594,12983.567281784744,1001.0457153320312,646.682373,64.60068225860596,0.038188911974430084,0.024670297279953957
52.5,2000,25.274368286132812,0.4966406226158142,16.89147377,63.08333969116211,13164.90833,1065.570556640625,684.6816406,64.25493359565735,0.036914043,0.023719092831015587
52.6,2000,26.108722686767578,0.5109699368476868,16.895503997802734,66.32789611816406,13380.158008545006,1120.6431884765625,715.9541625976562,63.887786865234375,0.036467031,0.023297978565096855
52.7,2000,26.983379364013672,0.5259016156196594,16.884252548217773,70.24279785,13560.352022800607,1185.9971923828125,746.7996215820312,62.96808123588562,0.036132019,0.022751638665795326
52.8,2000,27.70659828186035,0.5420734286308289,16.88745880126953,73.70649719238281,13717.397852047037,1244.7154541015625,778.6790161132812,62.55879998207092,0.03558154,0.022259384393692017
52.9,2000,28.323862075805664,0.5566721558570862,16.892345428466797,76.72354888916016,13855.001210865026,1296.0406494140625,807.6713867,62.31836676597595,0.035068549,0.021854145
53,2000,28.925119400024414,0.5661332011222839,16.901029586791992,78.88956451416016,13986.93234346413,1333.3148193359375,829.2199096679688,62.19235659,0.034882326,0.021694140508770943
53.1,2000,29.518474578857422,0.5736735463142395,16.906661987304688,80.77920532226562,14104.052274596492,1365.7066650390625,847.300293,62.041157484054565,0.034838267,0.021614065393805504
53.2,2000,30.047880172729492,0.580549955,16.91931152,81.94181823730469,14186.621284000996,1386.399169921875,862.4763184,62.20981478691101,0.034839079,0.021673325449228287
53.3,2000,30.000215530395508,0.5769208073616028,16.939939498901367,81.07054138183594,14181.699759320327,1373.330078,856.7874755859375,62.38758563995361,0.035014771,0.021844869
53.4,2000,29.962541580200195,0.5769562721252441,16.922327041625977,82.26778411865234,14190.022754635338,1392.162353515625,857.3430176,61.58354878425598,0.034948136657476425,0.021522304
53.5,2000,29.998165130615234,0.5813351273536682,16.920392990112305,83.25152587890625,14229.95914391997,1408.6485595703125,866.2810668945312,61.497318744659424,0.034628674387931824,0.021295705810189247
53.6,2000,30.211318969726562,0.5858569741249084,16.92498016357422,83.94554901123047,14282.672613267323,1420.7767333984375,876.2533569335938,61.67424917221069,0.034477834,0.021263946
53.7,2000,30.41121482849121,0.5896961092948914,16.920799255371094,84.84679412841797,14332.039399204396,1435.675537109375,885.0440063476562,61.64652109146118,0.034361247,0.021182511001825333
53.8,2000,30.498897552490234,0.5918932557106018,16.92612075805664,85.37950897216797,14381.213847014442,1445.1439208984375,891.3895874023438,61.68171763420105,0.034215003,0.021104403
53.9,2000,30.387588500976562,0.5834791660308838,16.960342407226562,83.84870147705078,14411.979787539523,1422.1026611328125,880.5978393554688,61.922240257263184,0.034507907927036285,0.02136807
54,2000,29.949785232543945,0.5782578587532043,16.944786071777344,83.12758636,14379.334761797663,1408.5792236328125,870.7409057617188,61.81696653366089,0.034395746886730194,0.021262407302856445
54.1,2000,29.62157631,0.5777549147605896,16.933385848999023,83.39817047,14361.562718860318,1412.213379,868.9083251953125,61.52811646461487,0.034090564,0.020975284278392792
54.2,2000,29.65875244140625,0.5783893465995789,16.933425903320312,83.50317383,14380.002699656978,1413.9947509765625,870.9793701171875,61.59707307815552,0.034052186,0.020975150167942047
54.3,2000,29.874900817871094,0.5797392725944519,16.93334389,83.68447113,14402.84664071976,1417.0579833984375,874.3990478515625,61.70524359,0.034166209399700165,0.021082344
54.4,2000,30.100069046020508,0.5822124481201172,16.928359985351562,84.36259460449219,14419.569566600592,1428.120361328125,879.1488037109375,61.559855937957764,0.034237739,0.021076703444123268
54.5,2000,30.350669860839844,0.5868913531303406,16.929441452026367,84.76423645019531,14430.999114088503,1435.01123,886.9165039,61.805546283721924,0.034220438450574875,0.021150127053260803
54.6,2000,30.296585083007812,0.5805149078369141,16.95311928,83.16704559326172,14381.444652766875,1409.9407958984375,874.2678223,62.00741529464722,0.034653663635253906,0.021487841
54.7,2000,30.059402465820312,0.5800840258598328,16.93293571472168,83.46917724609375,14326.920873654226,1413.378173828125,870.3068237304688,61.57635450363159,0.034538858,0.02126777
54.8,2000,30.183555603027344,0.5841562151908875,16.924379348754883,84.27127075195312,14304.57351466486,1426.239013671875,875.0493164,61.35362386703491,0.034493546932935715,0.021163043
54.9,2000,30.367713928222656,0.5902799367904663,16.921672821044922,85.18120574951172,14316.522957938554,1441.408447265625,884.9611206054688,61.39557957649231,0.034315306693315506,0.021068083122372627
55,2000,30.476497650146484,0.5939914584159851,16.922765731811523,85.79467773,14354.426391504785,1451.8831787109375,892.8832397460938,61.49827837944031,0.034132682,0.020991011
55.1,2000,30.540817260742188,0.5952069163322449,16.93248748779297,85.98637390136719,14403.982018512032,1455.9632568359375,897.7990723,61.663585901260376,0.034017429,0.020976366475224495
55.2,2000,30.616819381713867,0.5915012955665588,16.94971466064453,85.31707000732422,14432.075041914239,1446.0999755859375,893.949707,61.81797385215759,0.034248926,0.021171992644667625
55.3,2000,30.35791588,0.5855874419212341,16.948118209838867,84.12230682373047,14384.01032681286,1425.714844,882.0645141601562,61.86823249,0.034416887909173965,0.021293120458722115
55.4,2000,30.139081954956055,0.5846405029296875,16.930789947509766,84.52819061279297,14353.848211438084,1431.1290283203125,878.7915649414062,61.405473947525024,0.034296054393053055,0.021059652790427208
55.5,2000,30.121122360229492,0.5868973135948181,16.928491592407227,84.94992828,14364.48276133428,1438.0740966796875,882.8374023,61.39025688171387,0.034118537,0.020945457741618156
55.6,2000,30.14100456237793,0.5890322327613831,16.93292808532715,85.00380707,14394.263697511857,1439.3634033203125,887.8858642578125,61.68600916862488,0.033946935,0.020940511
55.7,2000,30.013219833374023,0.5895439982414246,16.93134880065918,85.21252441,14435.542956628826,1442.762939453125,891.2056884765625,61.77076697349548,0.033677094,0.020802598
55.8,2000,30.13393211364746,0.5876700282096863,16.935373306274414,85.14181518554688,14475.30799012756,1441.908447265625,890.8200073242188,61.78062558174133,0.033827182,0.020898645743727684
55.9,2000,30.215267181396484,0.5796335935592651,16.956403732299805,83.65762329101562,14447.136865788923,1418.532470703125,876.9280395507812,61.81938648223877,0.034455813467502594,0.021300372
56,2000,30.028318405151367,0.5776110291481018,16.938915252685547,83.36872863769531,14373.981933438206,1412.175781,869.4431762695312,61.567628383636475,0.034537416,0.021263865754008293
56.1,2000,29.919870376586914,0.580174983,16.928129196166992,84.02493286132812,14340.420678800325,1422.3848876953125,871.2634887695312,61.253708600997925,0.034340784,0.021035002544522285
56.2,2000,30.04921531677246,0.5851505398750305,16.925718307495117,84.68039703,14343.154211575353,1433.2764892578125,878.9028930664062,61.321234703063965,0.034189458936452866,0.020965399220585823
56.3,2000,30.264310836791992,0.5904687643051147,16.92286491394043,85.34664916992188,14359.769894379297,1444.309814453125,887.9183349609375,61.47699952125549,0.034084565937519073,0.020954167
56.4,2000,30.35875893,0.5937832593917847,16.92211914,86.09459686279297,14386.59465182874,1456.903076171875,894.5704956054688,61.402201652526855,0.033936687,0.020837871357798576
56.5,2000,30.46917152404785,0.5945029258728027,16.93269920349121,86.14321136,14429.685386396624,1458.6370849609375,898.3374023,61.58745288848877,0.033917293,0.020888796
56.6,2000,30.319875717163086,0.5851484537124634,16.949831008911133,84.32305908203125,14393.451214635868,1429.2615966796875,881.9818115234375,61.70891523361206,0.034376986,0.021213664
56.7,2000,30.025178909301758,0.5814393758773804,16.93482780456543,84.47477722167969,14363.228483608938,1430.5657958984375,874.5509643554688,61.13322377204895,0.034332108,0.020988324657082558
56.8,2000,29.959312438964844,0.5836483836174011,16.929643630981445,84.77318572998047,14361.963714713029,1435.1798095703125,877.7962646484375,61.16280555725098,0.034130144864320755,0.020874952897429466
56.9,2000,30.148212432861328,0.5862462520599365,16.930015563964844,85.07032012939453,14374.019235377993,1440.2418212890625,882.4435424804688,61.27051115036011,0.034164465963840485,0.020932743325829506
57,2000,30.20669937133789,0.5894651412963867,16.92328643798828,85.78321075439453,14388.779146677525,1451.733887,888.1998291015625,61.18200421333313,0.034008897840976715,0.020807325839996338
57.1,2000,30.361841201782227,0.5931464433670044,16.92485237121582,86.31884766,14399.673644466615,1460.9337158203125,894.4235229492188,61.22272610664368,0.033945709466934204,0.020782489329576492
57.2,2000,30.574718475341797,0.5914961099624634,16.94782066345215,85.71013641357422,14388.91087,1452.5999755859375,891.2682495117188,61.35675311088562,0.034304731,0.021048270165920258
,,,,,,,,,,,
,,,,,,,,,,,
,,,,,,,,,,,
,,,,,,,,,,,
,,,,,,,,,,,
,,,,,,,,,,,
,,,,,,,,,,,
,,,,,,,,,,,
,,,,,,,,,,,
,,,,,,,,,,,
,,,,,,,,,,,
,,,,,,,,,,,
,,,,,,,,,,,
,,,,,,,,,,,
,,,,,,,,,,,
,,,,,,,,,,,
,,,,,,,,,,,
,,,,,,,,,,,
,,,,,,,,,,,
,,,,,,,,,,,
,,,,,,,,,,,
,,,,,,,,,,,
,,,,,,,,,,,
,,,,,,,,,,,
,,,,,,,,,,,
,,,,,,,,,,,
,,,,,,,,,,,
,,,,,,,,,,,
