Time (s),ARC RD - ESC throttle (μs),ARC RD - force Fz (thrust) (N),ARC RD - torque MZ (torque) (N⋅m),ARC RD - voltage (V),ARC RD - current (A),ARC RD - rotation speed (rpm),ARC RD - electrical power (W),ARC RD - mechanical power (W),ARC RD - motor & ESC efficiency (%),ARC RD - propeller efficiency (N/W),ARC RD - powertrain efficiency (N/W)
0,1000,0.065811947,-0.006532209,16.97502899169922,-0.195551574,0,-3.319493532,0,0,0,-0.0198259
0.1,1000,0.066019095,-0.006458163,16.97501564025879,-0.200108156,0,-3.396839142,0,0,0,-0.01943545
0.2,1000,0.066035494,-0.006562841,16.974958419799805,-0.188355401,0,-3.197324991,0,0,0,-0.020653356
0.3,1000,0.066255957,-0.006698682,16.974931716918945,-0.18090196,0,-3.070798397,0,0,0,-0.021576134
0.4,1000,0.066567995,-0.006621422,16.97488021850586,-0.185156167,0,-3.143003702,0,0,0,-0.021179738
0.5,1000,0.066554129,-0.006614501,16.97489356994629,-0.182660639,0,-3.100644827,0,0,0,-0.021464609
0.6,1000,0.06633921,-0.006645437,16.974851608276367,-0.177791923,0,-3.017991543,0,0,0,-0.021981245
0.7,1000,0.066643514,-0.006612971,16.974828720092773,-0.190186739,0,-3.228387356,0,0,0,-0.020642973
0.8,1000,0.066457547,-0.006627512,16.97484588623047,-0.189991087,0,-3.225069523,0,0,0,-0.020606548
0.9,1000,0.066385947,-0.006642462,16.97484779,-0.203745544,0,-3.4585495,0,0,0,-0.019194737
1,1000,0.067159995,-0.00663569,16.974815368652344,-0.200766236,0,-3.407969713,0,0,0,-0.019706747
1.1,1000,0.06729576,-0.00670989,16.974790573120117,-0.193586484,0,-3.286090136,0,0,0,-0.020478977
1.2,1000,0.065564461,-0.00667021,16.974803924560547,-0.18348293,0,-3.11458683,0,0,0,-0.021050774
1.3,1000,0.066226564,-0.006710407,16.974822998046875,-0.179313511,0,-3.043815136,0,0,0,-0.021757748
1.4,1000,0.066042528,-0.006729304,16.974821090698242,-0.179976881,0,-3.055075407,0,0,0,-0.021617316
1.5,1000,0.066828936,-0.00673895,16.974828720092773,-0.198034912,0,-3.361608744,0,0,0,-0.019880045
1.6,1000,0.066854529,-0.006742666,16.97480583190918,-0.179985002,0,-3.055210352,0,0,0,-0.021882135
1.7,1000,0.066533506,-0.006778428,16.97480583190918,-0.184742644,0,-3.135970592,0,0,0,-0.021216242
1.8,1000,0.066157073,-0.006787769,16.974821090698242,-0.185365573,0,-3.146547318,0,0,0,-0.021025291
1.9,1000,0.066336714,-0.006770127,16.97478675842285,-0.18702355,0,-3.174685001,0,0,0,-0.020895528
2,1000,0.066719353,-0.006805691,16.974781036376953,-0.174216285,0,-2.957283258,0,0,0,-0.022561029
2.1,1000,0.06641385,-0.006783227,16.974756240844727,-0.18451789,0,-3.13214612,0,0,0,-0.021203943
2.2,1000,0.066573389,-0.006799862,16.974769592285156,-0.179754883,0,-3.051297665,0,0,0,-0.021818057
2.3,1000,0.067174159,-0.006768992,16.974781036376953,-0.191227421,0,-3.246043682,0,0,0,-0.020694165
2.4,1000,0.067510873,-0.006760586,16.974790573120117,-0.188651532,0,-3.202320337,0,0,0,-0.021081861
2.5,1000,0.066816427,-0.00681817,16.97481918334961,-0.195140257,0,-3.312470675,0,0,0,-0.020171177
2.6,1000,0.066561669,-0.006849747,16.97482681274414,-0.189776659,0,-3.22142601,0,0,0,-0.020662175
2.7,1000,0.066643521,-0.006849538,16.974849700927734,-0.192028001,0,-3.259646416,0,0,0,-0.020445015
2.8,1000,0.066285565,-0.006874764,16.974821090698242,-0.179471746,0,-3.046500683,0,0,0,-0.021757934
2.9,1000,0.066426277,-0.006876563,16.974824905395508,-0.175094202,0,-2.97219348,0,0,0,-0.022349244
3,1000,0.067205124,-0.006839723,16.97481918334961,-0.173815012,0,-2.950478315,0,0,0,-0.022777705
3.1,1000,0.068029672,-0.006797598,16.974828720092773,-0.177878931,0,-3.019464493,0,0,0,-0.022530377
3.2,1000,0.067593537,-0.006786694,16.974838256835938,-0.17715092,0,-3.007108212,0,0,0,-0.022477919
3.3,1000,0.067763321,-0.006795732,16.974870681762695,-0.189497039,0,-3.216687679,0,0,0,-0.021066179
3.4,1000,0.057257883,-0.006339835,16.974506378173828,-0.174451575,0,-2.961229324,0,0,0,-0.019335849
3.5,1000,0.048400506377220154,-0.005006612,16.974288940429688,-0.121444948,0,-2.06144166,0,0,0,-0.023478961
3.6,1000,0.038752712309360504,0.005139476,16.97420310974121,-0.073921405,133.03044699255778,-1.254756927,0.071597613,-5.706093833,0.5412570834159851,-0.030884637
3.7,1000,0.081001446,0.008932106,16.974119186401367,-0.037483893,318.9546438988814,-0.636256099,0.29833996295928955,-46.88991904,0.271507204,-0.127309501
3.8,1000,0.093782209,0.009904874,16.974069595336914,0.019885001704096794,500.1222242118569,0.33752939105033875,0.5187447667121887,153.6887764930725,0.18078680336475372,0.277849019
3.9,1000,0.11615116149187088,0.010452081449329853,16.97403335571289,0.081287533,682.1713907013844,1.3797773122787476,0.7466634511947632,54.11478281021118,0.15556025505065918,0.084181093
4,1000,0.15964314341545105,0.011335258,16.973796844482422,0.1617840975522995,870.4688870989906,2.7460904121398926,1.033268690109253,37.626901268959045,0.1545030176639557,0.058134701
4.1,1000,0.21177582442760468,0.012405409,16.973735809326172,0.2504173219203949,1061.4253123920505,4.250517368,1.378888487815857,32.440486550331116,0.15358443558216095,0.049823541194200516
4.2,1000,0.26591384410858154,0.013692331500351429,16.973661422729492,0.3531099259853363,1254.3212928433406,5.993568420410156,1.7985180616378784,30.007469654083252,0.1478516310453415,0.044366531
4.3,1000,0.32770395278930664,0.015144762583076954,16.973567962646484,0.4475691616535187,1448.1704398536845,7.596845626831055,2.296734333,30.232736468315125,0.14268256723880768,0.043136846
4.4,1000,0.39606112241744995,0.016933053731918335,16.973493576049805,0.5575861930847168,1642.635797424028,9.464185715,2.9127633571624756,30.776691436767578,0.13597436249256134,0.04184841
4.5,1000,0.4760952591896057,0.018907353281974792,16.973482131958008,0.6685488820075989,1837.0233454793465,11.347602844238281,3.6372573375701904,32.05309212207794,0.1308940201997757,0.041955583
4.6,1000,0.5811743140220642,0.020761468,16.974132537841797,0.817040741,2030.8252822221473,13.868557929992676,4.415289878845215,31.83669149875641,0.1316276639699936,0.041905895
4.7,1000,0.6933146715164185,0.022884311,16.97437858581543,0.9472582936286926,2224.2499739567097,16.079120635986328,5.330280303955078,33.15032124519348,0.13007095456123352,0.043118943
4.8,1000,0.816105306,0.025331463664770126,16.97443389892578,1.0748587846755981,2416.829835039374,18.245119094848633,6.411135673522949,35.13890803,0.12729495763778687,0.044730059802532196
4.9,1000,0.9530014395713806,0.027391014620661736,16.974458694458008,1.221439242362976,2608.845795704162,20.73327065,7.483161926269531,36.09253168106079,0.127352774,0.045964840799570084
5,1000,1.0966391563415527,0.029934136,16.974363327026367,1.374769687652588,2800.0424250899528,23.335840225219727,8.777279854,37.61287331581116,0.1249406561255455,0.046993773
5.1,1000,1.2571040391921997,0.032595824,16.974199295043945,1.5346020460128784,2990.683313857196,26.048641204833984,10.208477973937988,39.19006288051605,0.12314313650131226,0.048259869
5.2,1000,1.4204922914505005,0.035449918,16.974044799804688,1.697776198387146,3180.1640540127773,28.81812858581543,11.805744171142578,40.96637964248657,0.12032212316989899,0.049291622
5.3,1000,1.5986441373825073,0.038479410111904144,16.973867416381836,1.886366605758667,3369.0634084662074,32.01893615722656,13.575824737548828,42.39935874938965,0.117756687,0.049928084
5.4,1000,1.7814891338348389,0.041681517,16.973588943481445,2.079207659,3557.6824155284244,35.29161453,15.528850555419922,44.00152862071991,0.11472124606370926,0.050479103
5.5,1000,1.981222152709961,0.045086853206157684,16.973453521728516,2.2936460971832275,3745.812417473744,38.931095123291016,17.685794830322266,45.428451895713806,0.11202336102724075,0.050890479
5.6,1000,2.1716220378875732,0.048315994,16.973234176635742,2.5188088417053223,3933.2975038507125,42.75233078,19.901065826416016,46.549659967422485,0.10912089049816132,0.050795406103134155
5.7,1000,2.373723030090332,0.052343726,16.972841262817383,2.7761332988739014,4119.977101465402,47.11886978149414,22.58333396911621,47.928428649902344,0.10510950535535812,0.050377335
5.8,1000,2.6105589866638184,0.057899393141269684,16.9725399,3.045055866241455,4307.257318594945,51.68233108520508,26.115806579589844,50.53139925003052,0.099960878,0.050511632
5.9,1000,2.8780312538146973,0.061250377,16.972211837768555,3.343597650527954,4495.329327680752,56.74824905395508,28.833602905273438,50.809675455093384,0.099815182,0.050715774
6,1000,3.1607208251953125,0.06566491,16.97197723388672,3.643202781677246,4682.754964091185,61.83235549926758,32.200557708740234,52.07719802856445,0.098157331,0.051117587834596634
6.1,1000,3.4826314449310303,0.073036529,16.971651077270508,3.9639792442321777,4868.780320652575,67.27527618408203,37.23822021484375,55.352020263671875,0.093523033,0.051766887
6.2,1000,3.9783384799957275,0.076904878,16.971248626708984,4.322854042053223,5054.420418117102,73.36422729492188,40.70557403564453,55.48422336578369,0.097734496,0.054227222
6.3,1000,4.116354942321777,0.081460685,16.97109603881836,4.682136058807373,5244.692950228947,79.46098327636719,44.74007797241211,56.304460763931274,0.092005983,0.051803473
6.4,1000,4.318763732910156,0.085507967,16.97069549560547,5.054124832,5434.824434380972,85.77201080322266,48.66544723510742,56.73814415931702,0.088743947,0.050351664423942566
6.5,1000,4.623865127563477,0.089170083,16.97065544128418,5.438985824584961,5623.604306058521,92.30315399169922,52.512481689453125,56.891316175460815,0.08805269,0.050094336
6.6,1000,4.906269550323486,0.093764603,16.97040557861328,5.8261237144470215,5809.468215161771,98.87168121,57.04320526123047,57.69417881965637,0.086009711,0.049622595
6.7,1000,5.202470779418945,0.099586025,16.969512939453125,6.268407821655273,5994.190335201847,106.3718262,62.51115798950195,58.76665115356445,0.083224677,0.048908352851867676
6.8,1000,5.558248519897461,0.10451655834913254,16.968976974487305,6.737346172332764,6179.779725341976,114.32587432861328,67.63736724853516,59.16191339492798,0.082177185,0.048617590218782425
6.9,1000,5.912299633026123,0.11048753559589386,16.968313217163086,7.254798412322998,6365.680353542203,123.10169219970703,73.65237426757812,59.83051061630249,0.08027304,0.048027769
7,1000,6.226356506347656,0.11706645786762238,16.967578887939453,7.815163612365723,6552.308369568281,132.60440063476562,80.32586669921875,60.575562715530396,0.077513717,0.046954371
7.1,1000,6.647094249725342,0.12317172437906265,16.96643639,8.439628601074219,6737.855212,143.19041442871094,86.90830993652344,60.69422364234924,0.076483987,0.04642136
7.2,1000,7.004168987,0.1304435282945633,16.965438842773438,9.10003376,6923.155512290117,154.3860626220703,94.57040405273438,61.255788803100586,0.074063011,0.045367881655693054
7.3,1000,7.407086372375488,0.13683657348155975,16.96485137939453,9.790295600891113,7109.605761259397,166.09091186523438,101.87704467773438,61.33812069892883,0.072706141,0.044596579
7.4,1000,7.754511356,0.1447465419769287,16.963977813720703,10.50795841217041,7296.745513271929,178.25677490234375,110.60277557373047,62.04688549041748,0.070111364,0.043501917
7.5,1000,8.175978660583496,0.1511497050523758,16.963319778442383,11.252823829650879,7483.890510869744,190.8852539,118.45771026611328,62.05703020095825,0.069020227,0.042831905
7.6,1000,8.586164474487305,0.1592952162027359,16.96225929260254,12.029726028442383,7671.318770072818,204.05133056640625,127.96800231933594,62.71362900733948,0.067096181,0.042078454
7.7,1000,9.084041595458984,0.16672572493553162,16.961225509643555,12.868631362915039,7858.389746633868,218.26776123046875,137.2033691,62.860119342803955,0.066208586,0.041618797928094864
7.8,1000,9.490355491638184,0.17649014294147491,16.960006713867188,13.748510360717773,8045.358142860503,233.17483520507812,148.69435119628906,63.76946568489075,0.063824587,0.0407006
7.9,1000,9.969102859,0.1856433004140854,16.95895767211914,14.659326553344727,8233.277155708902,248.60690307617188,160.0592041015625,64.38244581222534,0.062283847481012344,0.040099863
8,1000,10.448026657104492,0.19051222503185272,16.958126068115234,15.582205772399902,8419.612584644772,264.2449951171875,167.97457885742188,63.567739725112915,0.062200043350458145,0.039539162
8.1,1000,10.919215202331543,0.2025914192199707,16.95654869,16.572900772094727,8606.062250771243,281.0191955566406,182.5803985595703,64.97079133987427,0.059804968535900116,0.038855761
8.2,1000,11.404939651489258,0.21198539435863495,16.9550724,17.639896392822266,8792.193684723903,299.0857238769531,195.1784210205078,65.25835394859314,0.058433402329683304,0.038132679
8.3,1000,11.913758277893066,0.2192768007516861,16.953964233398438,18.726404190063477,8979.050175131177,317.4867858886719,206.1824493408203,64.94205594062805,0.057782601565122604,0.037525211
8.4,1000,12.385677337646484,0.22893249988555908,16.952251434326172,19.88432502746582,9166.093175237387,337.0840759277344,219.7456817626953,65.19016623497009,0.056363691,0.036743585020303726
8.5,1000,12.843355178833008,0.23666946589946747,16.951011657714844,21.06298256,9352.247340059605,357.0388488769531,231.78579711914062,64.91892934,0.055410448,0.035971869
8.6,1000,13.474581718444824,0.24854689836502075,16.94933319091797,22.31657600402832,9537.260882,378.2510681152344,248.2336426,65.62668085098267,0.054281853,0.035623379
8.7,1000,13.84970474243164,0.2565390467643738,16.94683265686035,23.712329864501953,9724.106297898168,401.848877,261.2352600097656,65.00833034515381,0.053016215562820435,0.034464959
8.8,1000,14.481279373168945,0.26863136887550354,16.945608139038086,25.133323669433594,9911.733889,425.8994445800781,278.82708740234375,65.46782255,0.051936414,0.034001637
8.9,1000,14.916610717773438,0.2786098122596741,16.94369125366211,26.634729385375977,10094.546033496392,451.2906188964844,294.5179748535156,65.26126861572266,0.050647538155317307,0.033053223
9,1000,15.47603988647461,0.29166367650032043,16.941713333129883,28.191837310791016,10277.111052299715,477.6180114746094,313.8932800292969,65.72057008743286,0.049303509294986725,0.032402545
9.1,1000,15.998504638671875,0.3011122941970825,16.939922332763672,29.81295394897461,10462.906185951482,505.02911376953125,329.92059326171875,65.32704234,0.048491984605789185,0.031678379
9.2,1000,16.604694366455078,0.3134402334690094,16.93823814,31.471994400024414,10649.545275990933,533.0801391601562,349.5541076660156,65.57253003120422,0.047502499,0.03114859
9.3,1000,17.27379799,0.32605716586112976,16.936763763427734,33.184593200683594,10836.011844558869,562.0396118164062,369.9915771484375,65.83015919,0.046687003,0.030734129
9.4,1000,17.825105667114258,0.3372238576412201,16.93458366394043,34.99488830566406,11020.86510423101,592.6238403320312,389.1908264160156,65.67248702049255,0.045800425,0.030078278854489326
9.5,1000,18.446096420288086,0.34971973299980164,16.932146072387695,36.88032913208008,11205.706707046967,624.4631348,410.3817138671875,65.71752429008484,0.04494863,0.029539129
9.6,1000,19.146745681762695,0.3617730140686035,16.93079948425293,38.805477142333984,11391.398094678701,657.0077514648438,431.5606384277344,65.68577289581299,0.044366293,0.029142344370484352
9.7,1000,19.594881057739258,0.36769527196884155,16.93800163269043,40.18560028076172,11553.138139910223,680.6637573242188,444.8531188964844,65.35577774047852,0.044047982,0.028787901625037193
9.8,1000,20.072134017944336,0.3772830069065094,16.932056427001953,41.91861343383789,11686.963511639144,709.7683105,461.74005126953125,65.05503654,0.043470636,0.028279839
9.9,1000,20.618295669555664,0.38922974467277527,16.92645835876465,43.976463317871094,11838.795229114698,744.3657836914062,482.5498047,64.82697129249573,0.042727809,0.027699144557118416
10,1000,21.189617156982422,0.40246182680130005,16.92144012451172,46.259891510009766,12004.103438023983,782.7839965820312,505.9213867,64.63103294372559,0.041883219,0.027069559320807457
10.1,1000,21.84735870361328,0.4182682931423187,16.914974212646484,48.909019470214844,12187.334063315384,827.2947998046875,533.8168334960938,64.52559232711792,0.040926695,0.02640819
10.2,1000,22.456371307373047,0.4318864941596985,16.91247559,51.534183502197266,12384.343092615667,871.5706176757812,560.1072998046875,64.26413059234619,0.040092982,0.025765406
10.3,1000,22.90648078918457,0.4424067735671997,16.911470413208008,54.10704422,12568.186868542318,915.0296630859375,582.2681274414062,63.63379359,0.03934009,0.025033593
10.4,1000,23.578380584716797,0.45574772357940674,16.902162551879883,57.16791534423828,12750.149227880955,966.2614135742188,608.5109252929688,62.97581195831299,0.038747668,0.024401659
10.5,1000,24.288362503051758,0.47090014815330505,16.89858055114746,60.46290207,12951.650809554352,1021.7372436523438,638.6788940429688,62.50911355018616,0.038029067,0.023771632462739944
10.6,1000,25.022415161132812,0.48538029193878174,16.896865844726562,63.58882141113281,13138.334195647301,1074.4517822265625,667.8071289,62.15329170227051,0.037469521164894104,0.023288542
10.7,1000,25.74799919128418,0.5027519464492798,16.89002037,66.98462677001953,13309.99539117659,1131.3717041015625,700.7454223632812,61.93768382072449,0.036743727,0.022758214
10.8,1000,26.570173263549805,0.5211316347122192,16.884511947631836,70.66337585449219,13484.826085902167,1193.1165771484375,735.9044189453125,61.67916655540466,0.036105469,0.022269553
10.9,1000,27.37419891357422,0.5379009246826172,16.883464813232422,74.15105438232422,13656.802016548409,1251.926758,769.2719727,61.44704818725586,0.035584550350904465,0.021865656599402428
11,1000,28.139511108398438,0.5522040128707886,16.884204864501953,77.56197357177734,13831.175762511593,1309.572266,799.8108520507812,61.07420325279236,0.035182707011699677,0.021487558260560036
11.1,1000,28.820180892944336,0.5681615471839905,16.87821388244629,80.96292877197266,13992.433213897117,1366.5096435546875,832.5181274414062,60.92296242713928,0.034618083387613297,0.02109036
11.2,1000,29.435274124145508,0.5771781802177429,16.88553810119629,83.42403411865234,14139.06364,1408.659668,854.5927124023438,60.66707968711853,0.034443628042936325,0.020895943
11.3,1000,29.72893524169922,0.5804503560066223,16.879032135009766,85.29671478271484,14219.379381247836,1439.7259521484375,864.3195801,60.033613443374634,0.034395769238471985,0.020649023354053497
11.4,1000,29.934982299804688,0.5813942551612854,16.884632110595703,86.60310363769531,14271.476202903083,1462.2615966796875,868.8969116210938,59.421443939208984,0.034451708,0.020471701
11.5,1000,30.08620262145996,0.5859607458114624,16.87673568725586,88.08123779296875,14305.499069045829,1486.5238037109375,877.8092651367188,59.05114412307739,0.034274191,0.020239301025867462
11.6,1000,30.197771072387695,0.5856987833976746,16.88956642150879,88.2750473,14331.95081,1490.927246,879.0391845703125,58.95922780036926,0.034353156,0.020254354923963547
11.7,1000,30.229028701782227,0.586467445,16.888233184814453,88.62199401855469,14342.13307097368,1496.668945,880.8181762695312,58.85190963745117,0.034319259226322174,0.020197538658976555
11.8,1000,30.231048583984375,0.5833003520965576,16.888002395629883,88.98646545410156,14344.817644952736,1502.8035888671875,876.2255249023438,58.30605626106262,0.034501448,0.020116434
11.9,1000,29.861936569213867,0.5768792033195496,16.88475227355957,89.41650391,14287.36216650994,1509.7755126953125,863.1088256835938,57.16802477836609,0.034598112,0.019779058173298836
12,1000,29.699934005737305,0.5754492878913879,16.88419532775879,89.81671142578125,14251.230575083599,1516.48291,858.7921142578125,56.630516052246094,0.034583382308483124,0.019584747031331062
12.1,1000,29.75347900390625,0.5763723254203796,16.887895584106445,90.15363311767578,14241.315253213925,1522.505126953125,859.5711669921875,56.45768642425537,0.034614328,0.019542448222637177
12.2,1000,29.779930114746094,0.5794031620025635,16.886816024780273,90.54346466064453,14244.230632945415,1528.9908447265625,864.2680664,56.52539134025574,0.034456819,0.019476853
12.3,1000,29.768840789794922,0.5822800993919373,16.889528274536133,90.63280487060547,14272.42391,1530.745361328125,870.2785645,56.85325860977173,0.034206104,0.019447285681962967
12.4,1000,29.843900680541992,0.580785334,16.894145965576172,90.60740661621094,14288.668900088109,1530.7347412109375,869.0325317382812,56.772249937057495,0.034341522,0.019496453925967216
12.5,1000,29.979801177978516,0.5828307867050171,16.89026641845703,90.89084625,14295.369261022379,1535.170654296875,872.5020751953125,56.834208965301514,0.034360721707344055,0.019528644159436226
12.6,1000,30.09150505065918,0.5836420655250549,16.893434524536133,90.8972168,14307.65908449663,1535.566162109375,874.4677124023438,56.94757699966431,0.034411225,0.019596358761191368
12.7,1000,30.161699295043945,0.586340606,16.89057159423828,91.18824768066406,14327.68090067739,1540.22168,879.7402954101562,57.11777210235596,0.034284774,0.019582699984312057
12.8,1000,30.006437301635742,0.5862525701522827,16.89659881591797,90.97502136230469,14360.469305750306,1537.168457,881.6211547851562,57.35357999801636,0.034035522,0.019520592
12.9,1000,29.957590103149414,0.591563344,16.901779174804688,91.13758087158203,14453.039897760242,1540.387207,895.3422241210938,58.12448859214783,0.033459373,0.019448090344667435
13,1000,30.033063888549805,0.5883835554122925,16.915987014770508,90.48180389404297,14528.555343488117,1530.5889892578125,895.1824951171875,58.48614573478699,0.033549655228853226,0.019621899351477623
13.1,1000,30.162925720214844,0.5912830233573914,16.90835952758789,90.62925720214844,14571.552823206534,1532.39209,902.2561645507812,58.87894034385681,0.033430558,0.019683556631207466
13.2,1000,30.293180465698242,0.5967926979064941,16.90903091430664,90.90326690673828,14615.908326670324,1537.086181640625,913.4356079101562,59.42643880844116,0.033164002,0.019708186388015747
13.3,1000,30.433313369750977,0.5947307348251343,16.91454506,90.64178466796875,14629.575990545465,1533.164551,911.1307983398438,59.42811965942383,0.033401694148778915,0.019849998876452446
13.4,1000,30.339744567871094,0.5808702111244202,16.929828643798828,89.31439208984375,14569.728525213817,1512.077392578125,886.2559814453125,58.61181616783142,0.034233614802360535,0.020064943
13.5,1000,30.059688568115234,0.5731041431427002,16.90718650817871,88.86072540283203,14420.095290814468,1502.3848876953125,865.4266967773438,57.60353207588196,0.034733951,0.020007981
13.6,1000,29.972896575927734,0.5754633545875549,16.89693260192871,88.91998291015625,14314.642707036157,1502.4749755859375,862.6344604492188,57.414233684539795,0.034745768,0.019949015229940414
13.7,1000,30.014049530029297,0.578926146,16.89375114440918,89.26788330078125,14252.77510852791,1508.0694580078125,864.0745239257812,57.29673504829407,0.034735485911369324,0.019902300089597702
13.8,1000,30.010223388671875,0.5781930685043335,16.894065856933594,89.15180206298828,14223.919726731305,1506.136474609375,861.2332763671875,57.18162655830383,0.034845639020204544,0.019925301894545555
13.9,1000,29.98981285095215,0.5811901092529297,16.891036987304688,89.21237946,14206.803964797087,1506.889648,864.6557006835938,57.38016366958618,0.034684107,0.019901799
14,1000,30.20347023010254,0.5841184854507446,16.890609741210938,89.60554504394531,14216.03619489441,1513.4923095703125,869.5770874023438,57.45500326156616,0.034733515,0.019956144
14.1,1000,30.286067962646484,0.5842331647872925,16.893526077270508,89.40218353271484,14202.659952423857,1510.318115234375,868.9294434,57.53287672996521,0.034854461,0.020052773877978325
14.2,1000,30.43725586,0.5881033539772034,16.887380599975586,89.75186920166016,14198.85398887995,1515.6739501953125,874.4511719,57.693880796432495,0.034807268530130386,0.020081663504242897
14.3,1000,30.40509796142578,0.5885365605354309,16.895458221435547,89.52040100097656,14200.024337240771,1512.4881591796875,875.1674194335938,57.86276459693909,0.034742035,0.0201027
14.4,1000,30.336999893188477,0.5875792503356934,16.89336395263672,89.58889770507812,14220.567214892933,1513.4578857421875,875.0079345703125,57.815152406692505,0.034670543,0.020044825971126556
14.5,1000,30.33691978,0.5859979391098022,16.895103454589844,89.46732330322266,14244.357692677815,1511.5596923828125,874.1129760742188,57.828545570373535,0.034705948,0.020069945603609085
14.6,1000,30.36159324645996,0.5872163772583008,16.892257690429688,89.53903961,14264.65111360765,1512.5164794921875,877.1784057617188,57.99463391304016,0.03461279,0.020073560997843742
14.7,1000,30.372453689575195,0.5883558392524719,16.894100189208984,89.23826599121094,14265.700230664163,1507.6002197265625,878.9451904296875,58.300942182540894,0.034555573016405106,0.020146225
14.8,1000,30.497970581054688,0.5892049670219421,16.895200729370117,89.02071380615234,14255.443362908312,1504.0228271484375,879.5808105,58.48187804222107,0.0346733,0.020277599
14.9,1000,30.478723526000977,0.5885956287384033,16.89529800415039,89.06875610351562,14258.25499661977,1504.8431396484375,878.8444824,58.401066064834595,0.034680452197790146,0.020253753289580345
15,1000,30.47527503967285,0.5813955664634705,16.892860412597656,89.3375473,14235.198900774447,1509.166748046875,866.6901855,57.42838978767395,0.035162825137376785,0.020193444564938545
15.1,1000,30.178098678588867,0.578429103,16.887535095214844,89.88148498535156,14182.27677370141,1517.876708984375,859.0623779296875,56.59632086753845,0.035129111260175705,0.019881784915924072
15.2,1000,30.157346725463867,0.5772988200187683,16.888839721679688,90.41555786132812,14166.432774776813,1527.013916015625,856.4259033203125,56.08501434326172,0.035213023,0.01974923
15.3,1000,30.219833374023438,0.5803351402282715,16.894168853759766,90.43189239501953,14157.093301602601,1527.7716064453125,860.3627319335938,56.314873695373535,0.035124525,0.019780334
15.4,1000,30.40180015563965,0.5810560584068298,16.89392662,90.63378906,14153.745452506704,1531.1605224609375,861.2277832,56.24673366546631,0.035300534,0.019855396822094917
15.5,1000,30.40637779,0.5838550329208374,16.889562606811523,90.86227416992188,14136.802212044004,1534.624023,864.3404541015625,56.32261633872986,0.035178706,0.019813567399978638
15.6,1000,30.44909096,0.5872334241867065,16.88996124267578,91.21921539,14148.807608227378,1540.688965,870.0800781,56.47343993186951,0.034995735,0.019763294607400894
15.7,1000,30.461641311645508,0.5873170495033264,16.894615173339844,91.33717346191406,14195.81038373044,1543.106445,873.0948486328125,56.58034086227417,0.03488927,0.019740468
15.8,1000,30.42263412475586,0.5880414247512817,16.897254943847656,91.24322509765625,14231.46287836764,1541.760009765625,876.3671264648438,56.84199333190918,0.034714486449956894,0.019732406362891197
15.9,1000,30.499740600585938,0.5898944139480591,16.899415969848633,91.25823211669922,14254.184422440496,1542.2108154296875,880.5322875976562,57.09545612335205,0.034637846,0.019776634871959686
16,1000,30.56557273864746,0.5940937399864197,16.897146224975586,91.43286895751953,14284.47476323329,1544.95459,888.6850586,57.52176046,0.034394156,0.019784124568104744
16.1,1000,30.803171157836914,0.5978332161903381,16.90813636779785,91.41890716552734,14346.977660403536,1545.723388671875,898.1917724609375,58.10818672180176,0.034294646233320236,0.019927997142076492
16.2,1000,30.839792251586914,0.600112796,16.909807205200195,91.52628326416016,14399.198044734329,1547.6917724609375,904.8983764648438,58.46760869026184,0.034080945,0.019926313310861588
16.3,1000,30.858774185180664,0.5983244776725769,16.919198989868164,91.14736938476562,14450.940497961596,1542.1405029296875,905.4437866210938,58.71344804763794,0.034081381,0.020010352
16.4,1000,30.80115509033203,0.5967053174972534,16.918800354003906,90.97799682617188,14487.88924,1539.238525390625,905.3023681640625,58.81494879722595,0.034023058,0.020010645
16.5,1000,30.734397888183594,0.5960417985916138,16.914005279541016,90.51220703,14502.817005034974,1530.9239501953125,905.2274169921875,59.12948250770569,0.033952128142118454,0.020075717940926552
16.6,1000,30.402393341064453,0.5758592486381531,16.92595672607422,88.49844360351562,14398.016039517322,1497.9207763671875,868.2556762695312,57.964056730270386,0.035015486,0.020296395
16.7,1000,30.061052322387695,0.5724151134490967,16.91274070739746,88.01675415039062,14294.511316407274,1488.604492,856.8583374023438,57.561177015304565,0.035082872956991196,0.020194115
16.8,1000,29.649147033691406,0.5710539221763611,16.905927658081055,87.76061248779297,14248.59729127175,1483.674560546875,852.0750732421875,57.430052757263184,0.034796402,0.019983592
16.9,1000,29.320850372314453,0.5652906894683838,16.908119201660156,87.28949737548828,14243.019485587949,1475.9012451171875,843.1455078,57.12749958,0.034775551,0.019866405054926872
17,1000,29.250930786132812,0.5633286237716675,16.90717124938965,86.97493743896484,14244.726049333212,1470.5001220703125,840.3197021484375,57.14516043663025,0.034809288,0.019891824573278427
17.1,1000,29.152212142944336,0.5643189549446106,16.901874542236328,86.84317779541016,14241.657964785718,1467.8125,841.6156616210938,57.33808875083923,0.03463839,0.019860992208123207
17.2,1000,29.112565994262695,0.5644835233688354,16.901840209960938,86.68406677246094,14237.61886411814,1465.1202392578125,841.6223145,57.44391083717346,0.034591007977724075,0.019870428
17.3,1000,29.165576934814453,0.5652683973312378,16.89773941040039,86.87129211425781,14233.632219303387,1467.928466796875,842.5565795898438,57.39765763282776,0.034615573,0.019868526607751846
17.4,1000,29.138080596923828,0.5648080110549927,16.90587043762207,86.59671020507812,14246.214629867844,1463.9927978515625,842.6145629882812,57.555919885635376,0.034580559,0.019903158769011497
17.5,1000,29.288026809692383,0.5690628290176392,16.898521423339844,86.83477783203125,14254.213564580954,1467.379395,849.4387817382812,57.888150215148926,0.034479268,0.019959410652518272
17.6,1000,29.445003509521484,0.5718656778335571,16.899919509887695,87.08637237548828,14261.04914504695,1471.752685546875,854.0319824,58.02822709083557,0.034477636218070984,0.020006760954856873
17.7,1000,29.43971061706543,0.5715301632881165,16.901674270629883,87.08374786376953,14266.827448657106,1471.861083984375,853.876709,58.01340341567993,0.034477706998586655,0.020001690834760666
17.8,1000,29.435209274291992,0.573684037,16.898767471313477,87.32286834716797,14293.985592193398,1475.6488037109375,858.7261962890625,58.19312930107117,0.034277759,0.019947299733757973
17.9,1000,29.499876022338867,0.5710850954055786,16.938631057739258,85.66566467285156,14323.258289441374,1451.059082,856.5866088867188,59.03182029724121,0.034438871,0.020329893
18,1000,29.027694702148438,0.5470823645591736,17.01563262939453,79.36264038085938,14228.336509539227,1350.405517578125,815.1461181640625,60.36306023597717,0.035610418766736984,0.02149554
18.1,1000,27.797534942626953,0.5110886693000793,17.05400276184082,71.31632232666016,13954.06117471231,1216.228759765625,746.8364258,61.40591502189636,0.037220377,0.022855514660477638
18.2,1000,26.14273452758789,0.47159457206726074,17.064599990844727,63.18348693847656,13570.37458774717,1078.200927734375,670.1765747070312,62.15692758560181,0.039008725,0.024246626
18.3,1000,24.743289947509766,0.43507471680641174,17.06032371520996,56.07100296020508,13153.83898005696,956.5894775390625,599.3009643554688,62.64975666999817,0.041286919,0.025866152718663216
18.4,1000,23.303573608398438,0.40386080741882324,17.050281524658203,49.95811844,12729.736907018047,851.7999877929688,538.3686523,63.20364475250244,0.043285534,0.027358034625649452
18.5,1000,21.965343475341797,0.3768896758556366,17.039714813232422,44.833866119384766,12330.451115108162,763.9562988,486.65570068359375,63.70203495025635,0.045135282,0.028752094134688377
18.6,1000,20.468645095825195,0.3497283458709717,17.03356934,40.23832702636719,11967.526554691434,685.4023438,438.29229736328125,63.946717977523804,0.046700899,0.029863692820072174
18.7,1000,19.31926727294922,0.32662853598594666,17.025959014892578,36.27707290649414,11622.035988382731,617.6519775390625,397.5254821777344,64.36075568199158,0.048598815,0.031278565526008606
18.8,1000,18.162185668945312,0.3059251010417938,17.017343521118164,33.00512695,11290.687519995836,561.6596069335938,361.7130126953125,64.40075039863586,0.050211594,0.032336645
18.9,1000,17.17205047607422,0.28883033990859985,17.011323928833008,30.176050186157227,10987.745644442482,513.3345947265625,332.3380126953125,64.74101543426514,0.051670435816049576,0.033451967
19,1000,16.183208465576172,0.2730731964111328,17.005762100219727,27.76136589050293,10710.606220051282,472.1031799316406,306.2821960449219,64.87610936164856,0.052837577,0.034278966
19.1,1000,15.36495590209961,0.2580217123031616,17.001930236816406,25.62375831604004,10450.271319534198,435.6533508300781,282.36602783203125,64.81438279151917,0.054415032267570496,0.035268764942884445
19.2,1000,14.630594253540039,0.2419867217540741,17.001880645751953,23.473369598388672,10191.003021357905,399.0914306640625,258.2480773925781,64.70900177955627,0.056653257459402084,0.036659755
19.3,1000,13.77725601196289,0.22730916738510132,16.996761322021484,21.787349700927734,9943.658521371699,370.31439208984375,236.6964569091797,63.91770839691162,0.058206427842378616,0.037204213
19.4,1000,13.156759262084961,0.21853581070899963,16.993947982788086,20.30065918,9720.261283886044,344.98834228515625,222.44833374023438,64.47995901107788,0.059145234525203705,0.038136821
19.5,1000,12.522194862365723,0.20782405138015747,16.992185592651367,18.95650863647461,9509.183012,322.1125183105469,206.9510498046875,64.24806118011475,0.060508005,0.038875218480825424
19.6,1000,12.05276107788086,0.20056425034999847,16.990882873535156,17.69723892211914,9302.945833,300.69171142578125,195.3901367,64.98022079467773,0.061685618,0.040083449333906174
19.7,1000,11.497950553894043,0.1893252283334732,16.989070892333984,16.603376388549805,9098.985237031853,282.0759277,180.39730834960938,63.95345926,0.063736819,0.040761899
19.8,1000,11.095170974731445,0.17739759385585785,16.988727569580078,15.58011245727539,8898.466911177531,264.6862793,165.30711364746094,62.45397329330444,0.067118533,0.041918192
19.9,1000,10.627020835876465,0.16922739148139954,16.98843765258789,14.618626594543457,8696.817287430602,248.34762573242188,154.12022399902344,62.05826402,0.068952799,0.042790908
20,1000,10.274580001831055,0.16222183406352997,16.98779297,13.725040435791016,8491.133808601375,233.15814208984375,144.24594116210938,61.866140365600586,0.071229592,0.044066999
20.1,1000,9.789830207824707,0.15566231310367584,16.987648010253906,12.878936767578125,8290.673184185162,218.78285217285156,135.14559936523438,61.771565675735474,0.072439134,0.04474679
20.2,1000,9.359520912,0.14827242493629456,16.987775802612305,12.034651756286621,8096.951971171432,204.4419708251953,125.72179412841797,61.49510145187378,0.074446291,0.045780819
20.3,1000,8.905310631,0.13922889530658722,16.988222122192383,11.18377972,7907.245962270104,189.99253845214844,115.28777313232422,60.68015694618225,0.077244192,0.046871897
20.4,1000,8.526747703552246,0.13072969019412994,16.988327026367188,10.357159614562988,7715.822315610139,175.95082092285156,105.62946319580078,60.03351807594299,0.080723196,0.048460972
20.5,1000,8.047405242919922,0.12214312702417374,16.98847198486328,9.563206672668457,7525.045624468359,162.46426391601562,96.25134277,59.24462080001831,0.08360824,0.049533385783433914
20.6,1000,7.592371940612793,0.11381751298904419,16.988361358642578,8.787981986999512,7333.415651453947,149.2934112548828,87.40655517578125,58.54682922363281,0.086862728,0.050855372
20.7,1000,7.1140522956848145,0.10681306570768356,16.987611770629883,8.080444336,7137.209196701897,137.2674560546875,79.83280944824219,58.15858840942383,0.089111887,0.051826213
20.8,1000,6.755163669586182,0.09988597,16.986892700195312,7.453187465667725,6938.180034225015,126.60649871826172,72.57360076904297,57.32218027114868,0.093080178,0.053355585783720016
20.9,1000,6.337512016296387,0.093304053,16.986379623413086,6.854426383972168,6739.883505159267,116.43189239501953,65.85390472,56.56002163887024,0.096235938,0.054431065917015076
21,1000,5.929474830627441,0.086238675,16.986228942871094,6.280838489532471,6543.881628233237,106.68775939941406,59.09709548950195,55.39256930351257,0.10033445805311203,0.055577837
21.1,1000,5.565477371,0.080296449,16.985681533813477,5.753317356109619,6348.249856491033,97.72401428222656,53.38005065917969,54.62326407432556,0.1042613759636879,0.056950968
21.2,1000,5.2338480949401855,0.074295573,16.985122680664062,5.252673625946045,6150.396287960257,89.21730804,47.851402282714844,53.63466143608093,0.10937711596488953,0.058664046227931976
21.3,1000,4.931466579437256,0.067872629,16.984661102294922,4.802998065948486,5954.288333642958,81.5772934,42.32072830200195,51.878076791763306,0.1165260300040245,0.060451459139585495
21.4,1000,4.555331230163574,0.062395110726356506,16.984149932861328,4.372452735900879,5758.106941131702,74.26239013671875,37.62347412109375,50.66289305686951,0.12107683718204498,0.061341024935245514
21.5,1000,4.235021591186523,0.056951065,16.98374366760254,3.9492273330688477,5562.246695008302,67.07266235351562,33.172691345214844,49.457842111587524,0.1276659071445465,0.063140795
21.6,1000,4.010862827301025,0.052040413,16.983016967773438,3.594397783279419,5364.411777447419,61.04372024536133,29.234216690063477,47.89062142372131,0.1371975541114807,0.065704755
21.7,1000,3.7974443435668945,0.050662346,16.982542037963867,3.2823264598846436,5163.859646710165,55.74224853515625,27.396074295043945,49.147775769233704,0.13861271739006042,0.068125069
21.8,1000,3.566526412963867,0.046725772,16.982337951660156,2.994088888168335,4968.676663931025,50.84663009643555,24.312288284301758,47.81494736671448,0.14669644832611084,0.070142828
21.9,1000,3.2227749824523926,0.039638434,16.98215103149414,2.6882693767547607,4779.668900715089,45.65259552001953,19.840057373046875,43.45876873,0.1624377816915512,0.070593461
22,1000,2.848196029663086,0.033854291,16.981918334960938,2.3930320739746094,4588.795749,40.638275146484375,16.268259048461914,40.03186225891113,0.17507688701152802,0.070086539
22.1,1000,2.5254504680633545,0.028195651,16.98147201538086,2.124521255493164,4394.970207211818,36.07749938964844,12.97677230834961,35.96915900707245,0.19461314380168915,0.070000708
22.2,1000,2.262737989425659,0.02419237,16.9810791,1.8848034143447876,4199.7062092822025,32.00599670410156,10.639616012573242,33.24257135391235,0.21267102658748627,0.070697315
22.3,1000,2.031771659851074,0.019988790154457092,16.980791091918945,1.6650300025939941,4004.200331586781,28.273527145385742,8.381676674,29.64496612548828,0.24240633845329285,0.071861275
22.4,1000,1.8238906860351562,0.016118772327899933,16.980499267578125,1.4534105062484741,3807.990379777876,24.679636001586914,6.4277119636535645,26.04459822177887,0.28375425934791565,0.073902659
22.5,1000,1.645539402961731,0.012801043689250946,16.980072021484375,1.2737219333648682,3610.795132200062,21.62788963317871,4.840351104736328,22.38013446331024,0.33996284008026123,0.076084137
22.6,1000,1.5018683671951294,0.00976396,16.979747772216797,1.123872161,3413.4567967125954,19.083065032958984,3.490189552307129,18.289458751678467,0.4303114116191864,0.07870163
22.7,1000,1.3433904647827148,0.006989283,16.979516983032227,0.9886710047721863,3217.759163732955,16.78715705871582,2.3551292419433594,14.029352366924286,0.5704104900360107,0.080024898
22.8,1000,1.1781024932861328,0.004186585,16.979249954223633,0.8643501400947571,3024.5595950334364,14.676016807556152,1.3260219097137451,9.035298228263855,0.8884487748146057,0.080273993
22.9,1000,1.0335053205490112,0.001177194,16.979154586791992,0.7464321851730347,2832.0617690761633,12.673787117004395,0.34912383556365967,2.7546921744942665,2.960283041000366,0.081546679
23,1000,0.8910465240478516,-0.001666885,16.978979110717773,0.6266106367111206,2639.823308168973,10.639208793640137,-0.460796297,-4.331114516,-1.933710217,0.083751202
23.1,1000,0.8262950778007507,-0.002647343,16.978788375854492,0.5727622509002686,2601.5360726129006,9.724808692932129,-0.721221626,-7.416306436,-1.145688176,0.08496774
23.2,1000,0.8262950778007507,-0.002647343,16.978788375854492,0.5727622509002686,2601.5360726129006,9.724808692932129,-0.721221626,-7.416306436,-1.145688176,0.08496774
23.3,1000,0.8262950778007507,-0.002647343,16.978788375854492,0.5727622509002686,2601.5360726129006,9.724808692932129,-0.721221626,-7.416306436,-1.145688176,0.08496774
23.4,1000,0.8262950778007507,-0.002647343,16.978788375854492,0.5727622509002686,2601.5360726129006,9.724808692932129,-0.721221626,-7.416306436,-1.145688176,0.08496774
23.5,1000,0.8262950778007507,-0.002647343,16.978788375854492,0.5727622509002686,2601.5360726129006,9.724808692932129,-0.721221626,-7.416306436,-1.145688176,0.08496774
23.6,1000,0.8262950778007507,-0.002647343,16.978788375854492,0.5727622509002686,2601.5360726129006,9.724808692932129,-0.721221626,-7.416306436,-1.145688176,0.08496774
23.7,1000,0.8262950778007507,-0.002647343,16.978788375854492,0.5727622509002686,2601.5360726129006,9.724808692932129,-0.721221626,-7.416306436,-1.145688176,0.08496774
23.8,1000,0.8262950778007507,-0.002647343,16.978788375854492,0.5727622509002686,2601.5360726129006,9.724808692932129,-0.721221626,-7.416306436,-1.145688176,0.08496774
23.9,1000,0.8262950778007507,-0.002647343,16.978788375854492,0.5727622509002686,2601.5360726129006,9.724808692932129,-0.721221626,-7.416306436,-1.145688176,0.08496774
24,1000,0.8262950778007507,-0.002647343,16.978788375854492,0.5727622509002686,2601.5360726129006,9.724808692932129,-0.721221626,-7.416306436,-1.145688176,0.08496774
24.1,1000,0.8262950778007507,-0.002647343,16.978788375854492,0.5727622509002686,2601.5360726129006,9.724808692932129,-0.721221626,-7.416306436,-1.145688176,0.08496774
24.2,1000,0.8262950778007507,-0.002647343,16.978788375854492,0.5727622509002686,2601.5360726129006,9.724808692932129,-0.721221626,-7.416306436,-1.145688176,0.08496774
