Time (s),Powertrain 1 - electrical power (W),Powertrain 1 - mechanical power (W),Powertrain 1 - motor & ESC efficiency (%),Powertrain 1 - propeller efficiency (N/W),Powertrain 1 - powertrain efficiency (N/W)
0.996395,0.11479932814836502,0,0,0,-0.0018503826577216387
1.996395,0.24469448626041412,0,0,0,0.005784643813967705
2.996395,25.564559936523438,13.126312255859375,51.345741748809814,-0.06763714551925659,-0.034728795289993286
3.996395,176.05264282226562,113.18061828613281,64.28793668746948,-0.06466618925333023,-0.04157256335020065
4.996395,677.003662109375,442.9609375,65.42961597442627,-0.04402024671435356,-0.028802277520298958
5.996395,1492.831298828125,911.9208984375,61.08666658401489,-0.03348702937364578,-0.020456109195947647
6.996395,1593.2044677734375,829.1840209960938,52.04504728317261,-0.034945785999298096,-0.018187550827860832
7.996395,1604.4521484375,823.8732299804688,51.34919285774231,-0.03497082740068436,-0.017957238480448723
8.996395,1608.0963134765625,819.553466796875,50.964200496673584,-0.03488552197813988,-0.01777912862598896
9.996395,1613.3466796875,816.6300659179688,50.617146492004395,-0.03540855273604393,-0.017922798171639442
10.996395,1609.4365234375,816.9407958984375,50.75942873954773,-0.035352300852537155,-0.01794462651014328
11.996395,1618.9051513671875,818.3787841796875,50.55136680603027,-0.03488759696483612,-0.01763615943491459
12.996395,1618.80322265625,819.6201782226562,50.631242990493774,-0.03527379035949707,-0.017859559506177902
13.996395,777.2962036132812,280.1460266113281,36.04108989238739,-0.07613226771354675,-0.027438899502158165
14.996395,-0.357415109872818,-3.043267250061035,200,0.11064241826534271,0.9420822858810425
15.996395,-2.206181526184082,-0.32406243681907654,14.68883752822876,0.4623900055885315,0.06791971623897552
16.996395,-2.532166004180908,0,0,0,0.05923034995794296
17.996395,-1.9545762538909912,0,0,0,0.07837828248739243
18.996395,-1.0973435640335083,0,0,0,0.13944995403289795
19.996395,-0.8911653757095337,0,0,0,0.17328394949436188
20.996395,-0.8759788274765015,0,0,0,0.1748795360326767
21.996395,-0.8878825902938843,0,0,0,0.1756807267665863
22.996395,-0.8940976858139038,0,0,0,0.17420659959316254
23.996395,-0.9770146608352661,0,0,0,0.16180981695652008
24.996395,-0.9473094940185547,0,0,0,0.166392982006073
25.996395,-0.7697208523750305,0,0,0,0.20715537667274475
26.996395,-1.2221944332122803,0,0,0,0.1299363225698471
27.996395,-0.973706066608429,0,0,0,0.16377483308315277
28.996395,-1.0621377229690552,0,0,0,0.1513589769601822
29.996395,-1.028852105140686,0,0,0,0.15507379174232483
30.996395,-1.0101181268692017,0,0,0,0.1594403088092804
31.996395,-0.9830574989318848,0,0,0,0.16444094479084015
32.996395,-0.9945306181907654,0,0,0,0.1634441316127777
33.996395,-0.6284452676773071,0,0,0,0.25755175948143005
34.996395,-0.8876940608024597,0,0,0,0.18376001715660095
35.996395,-1.063327670097351,0,0,0,0.15332983434200287
36.996395,-1.1536983251571655,0,0,0,0.1412382870912552
37.996395,-1.6377475261688232,0,0,0,0.10002931952476501
38.996395,-1.2328294515609741,0,0,0,0.13302350044250488
39.996395,-1.0443742275238037,0,0,0,0.1564100831747055
40.996395,-1.1386183500289917,0,0,0,0.14456364512443542
41.996395,-1.0514717102050781,0,0,0,0.15560956299304962
42.996395,-1.1522494554519653,0,0,0,0.14395543932914734
43.996395,-1.2512871026992798,0,0,0,0.13389652967453003
44.996395,-1.111749529838562,0,0,0,0.14981400966644287
45.996395,-1.6820118427276611,0,0,0,0.09923981875181198
46.996395,-1.2625219821929932,0,0,0,0.1331208199262619
47.996395,-1.1465463638305664,0,0,0,0.1458646059036255
48.996395,-1.2153400182724,0,0,0,0.13963226974010468
49.996395,-1.0680981874465942,0,0,0,0.15758831799030304
50.996395,-0.8238164186477661,0,0,0,0.20418277382850647
51.996395,-0.8771723508834839,0,0,0,0.1915891468524933
52.996395,-0.8970011472702026,0,0,0,0.1887243092060089
53.996395,-0.7854253053665161,0,0,0,0.2162586748600006
54.996395,-0.8739164471626282,0,0,0,0.19432710111141205
55.996395,-0.9135524034500122,0,0,0,0.18555207550525665
56.996395,-1.1304783821105957,0,0,0,0.1502859741449356
57.996395,-1.1047407388687134,0,0,0,0.15438999235630035
58.996395,-0.9815881252288818,0,0,0,0.17272625863552094
59.996395,-1.5285307168960571,0,0,0,0.11282909661531448
60.996395,-1.089565396308899,0,0,0,0.15790806710720062
61.996395,-1.4294456243515015,0,0,0,0.12122469395399094
62.996395,-1.030097246170044,0,0,0,0.16866295039653778
63.996395,-1.2685673236846924,0,0,0,0.13717424869537354
64.996395,-0.9766026139259338,0,0,0,0.17724497616291046
65.996395,-0.9153980612754822,0,0,0,0.19050756096839905
66.996395,-1.2231653928756714,0,0,0,0.1424977332353592
67.996395,-1.0195229053497314,0,0,0,0.17141646146774292
68.996395,-1.310050129890442,0,0,0,0.13248540461063385
69.996395,-0.9545407295227051,0,0,0,0.18423813581466675
70.996395,-0.9433453679084778,0,0,0,0.18494980037212372
71.996395,-0.8381229639053345,0,0,0,0.20865100622177124
72.996395,-1.0219115018844604,0,0,0,0.17214930057525635
73.996395,-1.1129930019378662,0,0,0,0.15853209793567657
74.996395,-0.8671728372573853,0,0,0,0.2015175223350525
75.996395,-0.8132602572441101,0,0,0,0.21645888686180115
76.996395,-1.0021402835845947,0,0,0,0.175421804189682
77.996395,-0.7644687294960022,0,0,0,0.2318211942911148
78.996395,-0.7693960666656494,0,0,0,0.22953671216964722
79.996395,-1.0207462310791016,0,0,0,0.1741715669631958
80.996395,-0.9514960646629333,0,0,0,0.1869455873966217
81.996395,-0.7785509824752808,0,0,0,0.23060716688632965
82.996395,-1.1965564489364624,0,0,0,0.15018607676029205
83.996395,-0.9538391828536987,0,0,0,0.18782009184360504
84.996395,-1.1407898664474487,0,0,0,0.15839883685112
85.996395,-1.4251797199249268,0,0,0,0.12641122937202454
86.996395,-1.172079086303711,0,0,0,0.1529964953660965
87.996395,-1.0556449890136719,0,0,0,0.17036576569080353
88.996395,-0.8117324113845825,0,0,0,0.22185154259204865
89.996395,-1.472788691520691,0,0,0,0.12268407642841339
90.996395,-0.9174789190292358,0,0,0,0.19750967621803284
91.996395,-0.871740460395813,0,0,0,0.20880307257175446
92.996395,-0.7903330326080322,0,0,0,0.22977446019649506
93.996395,-1.1029376983642578,0,0,0,0.1645464152097702
94.996395,-1.1642392873764038,0,0,0,0.15611542761325836
95.996395,-1.3298479318618774,0,0,0,0.1371014416217804
96.996395,-0.9348506927490234,0,0,0,0.1942339539527893
97.996395,-1.090867042541504,0,0,0,0.16717125475406647
98.996395,-0.6939693689346313,0,0,0,0.2625266909599304
99.996395,-0.7575082182884216,0,0,0,0.24362845718860626
100.996395,-0.7945237755775452,0,0,0,0.2326039969921112
101.996395,-0.9475231766700745,0,0,0,0.19327740371227264
102.996395,-0.9179927706718445,0,0,0,0.2007974088191986
103.996395,-1.1762102842330933,0,0,0,0.155785471200943
104.996395,-1.0667455196380615,0,0,0,0.17386767268180847
105.996395,-1.1976624727249146,0,0,0,0.1540711522102356
106.996395,-1.4011335372924805,0,0,0,0.13194207847118378
107.996395,-1.2898249626159668,0,0,0,0.14357304573059082
108.996395,-1.2935272455215454,0,0,0,0.14398783445358276
109.996395,-0.5869832038879395,0,0,0,0.3156602084636688
110.996395,-0.8400483131408691,0,0,0,0.22097787261009216
111.996395,-0.6663808822631836,0,0,0,0.2823392152786255
112.996395,-0.9254910349845886,0,0,0,0.20149396359920502
113.996395,-0.7518100142478943,0,0,0,0.2483218014240265
114.996395,-0.8635995388031006,0,0,0,0.21615366637706757
115.996395,-1.1964890956878662,0,0,0,0.1564519852399826
116.996395,-0.7852895259857178,0,0,0,0.23820148408412933
117.996395,-0.9859526753425598,0,0,0,0.19025424122810364
118.996395,-1.4196436405181885,0,0,0,0.13153012096881866
119.996395,-0.9906346797943115,0,0,0,0.18919025361537933
120.996395,-1.3833757638931274,0,0,0,0.1370643973350525
121.996395,-1.1499937772750854,0,0,0,0.16333861649036407
122.996395,-1.4863829612731934,0,0,0,0.1263231337070465
123.996395,-1.3673144578933716,0,0,0,0.13836701214313507
124.996395,-1.2112419605255127,0,0,0,0.15620936453342438
125.996395,-1.5655567646026611,0,0,0,0.1204318106174469
126.996395,-1.439684271812439,0,0,0,0.13169455528259277
127.996395,-1.0031139850616455,0,0,0,0.18862299621105194
128.996395,-1.3322396278381348,0,0,0,0.14273439347743988
129.996395,-1.4526840448379517,0,0,0,0.13107290863990784
130.996395,-1.3762372732162476,0,0,0,0.13799668848514557
131.996395,-1.1112185716629028,0,0,0,0.17249073088169098
132.996395,-1.2123968601226807,0,0,0,0.15760329365730286
133.996395,-1.5485345125198364,0,0,0,0.12353119999170303
134.996395,-1.0199400186538696,0,0,0,0.18729060888290405
135.996395,-1.2630696296691895,0,0,0,0.15189148485660553
136.996395,-0.9945312738418579,0,0,0,0.19297000765800476
137.996395,-0.7663245797157288,0,0,0,0.2515869140625
138.996395,-1.2651349306106567,0,0,0,0.15233129262924194
139.996395,-1.4993351697921753,0,0,0,0.1288856416940689
140.996395,-1.2242637872695923,0,0,0,0.15846483409404755
141.996395,-1.1407169103622437,0,0,0,0.16924111545085907
142.996395,-1.4459484815597534,0,0,0,0.13391458988189697
143.996395,-1.397122859954834,0,0,0,0.13803067803382874
144.996395,-1.1814796924591064,0,0,0,0.16492220759391785
145.996395,-1.3248443603515625,0,0,0,0.14615510404109955
146.996395,-0.9853812456130981,0,0,0,0.1977793127298355
147.996395,-1.5128239393234253,0,0,0,0.12857075035572052
148.996395,-1.1357553005218506,0,0,0,0.1717657893896103
149.996395,-1.6090694665908813,0,0,0,0.1207592636346817
150.996395,-1.0106366872787476,0,0,0,0.19319048523902893
151.996395,-1.0414601564407349,0,0,0,0.1867184042930603
152.996395,-1.3651502132415771,0,0,0,0.1429257094860077
153.996395,-0.8932473063468933,0,0,0,0.2197195142507553
154.996395,-0.9346601366996765,0,0,0,0.20966452360153198
155.996395,-1.1682380437850952,0,0,0,0.16809266805648804
156.996395,-1.1155692338943481,0,0,0,0.17514097690582275
157.996395,-1.1452622413635254,0,0,0,0.17025558650493622
158.996395,-0.9907140135765076,0,0,0,0.19605307281017303
159.996395,-1.311105728149414,0,0,0,0.1490176022052765
160.996395,-1.1851296424865723,0,0,0,0.16599352657794952
161.996395,-0.8995484709739685,0,0,0,0.21665528416633606
162.996395,-1.1314736604690552,0,0,0,0.1730985939502716
163.996395,-1.126739740371704,0,0,0,0.17451316118240356
164.996395,-1.1404482126235962,0,0,0,0.17257224023342133
165.996395,-0.9695331454277039,0,0,0,0.2030787169933319
166.996395,-0.699413537979126,0,0,0,0.2814391255378723
167.996395,-0.6801849007606506,0,0,0,0.2884323000907898
168.996395,-1.1444734334945679,0,0,0,0.17175859212875366
169.996395,-0.6201783418655396,0,0,0,0.31387433409690857
170.996395,-0.6187261939048767,0,0,0,0.3160238564014435
171.996395,-0.9508575201034546,0,0,0,0.20651870965957642
172.996395,-0.88141268491745,0,0,0,0.224429652094841
173.996395,-0.9772695899009705,0,0,0,0.20257468521595
174.996395,-1.020409345626831,0,0,0,0.19286024570465088
175.996395,-1.0101115703582764,0,0,0,0.19586360454559326
176.996395,-0.7496130466461182,0,0,0,0.2638038694858551
177.996395,-0.744854748249054,0,0,0,0.26433101296424866
178.996395,-0.7629579305648804,0,0,0,0.25967803597450256
179.996395,-1.0107654333114624,0,0,0,0.1953982710838318
180.996395,-0.9936739206314087,0,0,0,0.1996563822031021
181.996395,-0.715182363986969,0,0,0,0.2761031687259674
182.996395,-0.9609220027923584,0,0,0,0.20536327362060547
183.996395,-1.0311875343322754,0,0,0,0.19179940223693848
184.996395,-1.3539544343948364,0,0,0,0.14603355526924133
185.996395,-1.1501315832138062,0,0,0,0.1730114370584488
186.996395,-1.1053576469421387,0,0,0,0.17984098196029663
187.996395,-0.8354538679122925,0,0,0,0.23888187110424042
188.996395,-0.9260329008102417,0,0,0,0.21455121040344238
189.996395,-0.7722399830818176,0,0,0,0.2594088912010193
190.996395,-1.0393767356872559,0,0,0,0.192071333527565
191.996395,-1.2125003337860107,0,0,0,0.16489872336387634
192.996395,-0.8582459688186646,0,0,0,0.23404192924499512
193.996395,-1.1014782190322876,0,0,0,0.1825450211763382
194.996395,-1.3446569442749023,0,0,0,0.14814065396785736
195.996395,-0.9533738493919373,0,0,0,0.21001610159873962
196.996395,-1.0554901361465454,0,0,0,0.18880105018615723
197.996395,-1.4803889989852905,0,0,0,0.13512307405471802
198.996395,-1.3028165102005005,0,0,0,0.15258459746837616
199.996395,-1.019152045249939,0,0,0,0.1950354129076004
200.996395,-1.2490612268447876,0,0,0,0.1605832278728485
201.996395,-1.3782439231872559,0,0,0,0.14581464231014252
202.996395,-1.4088716506958008,0,0,0,0.1421557515859604
203.996395,-1.4570354223251343,0,0,0,0.13818056881427765
204.996395,-1.0120575428009033,0,0,0,0.19851791858673096
205.996395,-0.8966414332389832,0,0,0,0.22340242564678192
206.996395,-0.9943816065788269,0,0,0,0.20228175818920135
207.996395,-0.963344156742096,0,0,0,0.21018093824386597
208.996395,-0.38617536425590515,0,0,0,0.5238735675811768
209.996395,-1.1875767707824707,0,0,0,0.16991634666919708
210.996395,-1.026057243347168,0,0,0,0.1974097043275833
211.996395,-1.2651138305664062,0,0,0,0.16015037894248962
212.996395,-1.2665599584579468,0,0,0,0.15984024107456207
213.996395,-1.1271687746047974,0,0,0,0.18078254163265228
214.996395,-0.9175176620483398,0,0,0,0.21957996487617493
215.996395,-1.092527151107788,0,0,0,0.18454493582248688
216.996395,-1.1297653913497925,0,0,0,0.1796485185623169
217.996395,-1.1150118112564087,0,0,0,0.1819251924753189
218.996395,-1.0666303634643555,0,0,0,0.18991541862487793
219.996395,-1.2588374614715576,0,0,0,0.1605633646249771
220.996395,-0.9220861792564392,0,0,0,0.21889613568782806
221.996395,-1.2758783102035522,0,0,0,0.1582719087600708
222.996395,-0.7950916290283203,0,0,0,0.25459036231040955
223.996395,-1.0073360204696655,0,0,0,0.20145955681800842
224.996395,-0.9589022994041443,0,0,0,0.21089065074920654
225.996395,-1.2183587551116943,0,0,0,0.16646644473075867
226.996395,-0.7726788520812988,0,0,0,0.26239508390426636
227.996395,-0.8956969380378723,0,0,0,0.22556978464126587
228.996395,-0.9120122194290161,0,0,0,0.22431468963623047
229.996395,-1.1555598974227905,0,0,0,0.17621521651744843
230.996395,-0.9450458884239197,0,0,0,0.21594926714897156
231.996395,-0.8339198231697083,0,0,0,0.2424599677324295
232.996395,-1.1405229568481445,0,0,0,0.17835494875907898
233.996395,-0.641873836517334,0,0,0,0.3167673647403717
234.996395,-1.002906322479248,0,0,0,0.20325222611427307
235.996395,-0.8543709516525269,0,0,0,0.2367771714925766
236.996395,-0.9371108412742615,0,0,0,0.2162996083498001
237.996395,-1.144429087638855,0,0,0,0.17743822932243347
238.996395,-0.4692344069480896,0,0,0,0.4318731427192688
239.996395,-1.1333566904067993,0,0,0,0.17919547855854034
240.996395,-0.887142539024353,0,0,0,0.2288697063922882
241.996395,-0.9720436930656433,0,0,0,0.2096596509218216
242.996395,-0.5456708073616028,0,0,0,0.37251684069633484
243.996395,-0.7489774227142334,0,0,0,0.271811842918396
244.996395,-0.5343957543373108,0,0,0,0.38154688477516174
245.996395,-0.9130487442016602,0,0,0,0.22702628374099731
246.996395,-1.216257095336914,0,0,0,0.1671552062034607
247.996395,-1.1170337200164795,0,0,0,0.17703790962696075
248.996395,-0.5231767892837524,0,0,0,0.38408100605010986
249.996395,-0.6307944059371948,0,0,0,0.31895163655281067
250.996395,-1.4041593074798584,0,0,0,0.14282512664794922
251.996395,-1.0991641283035278,0,0,0,0.1817435622215271
252.996395,-0.9669804573059082,0,0,0,0.20875351130962372
253.996395,-0.7910306453704834,0,0,0,0.25377118587493896
254.996395,-1.023905873298645,0,0,0,0.19730959832668304
255.996395,-1.2564821243286133,0,0,0,0.1598578840494156
256.996395,-1.1198421716690063,0,0,0,0.17977283895015717
257.996395,-1.2093290090560913,0,0,0,0.167308047413826
258.996395,-1.1356908082962036,0,0,0,0.17636725306510925
259.996395,-0.9982976317405701,0,0,0,0.1996290385723114
260.996395,-1.2224421501159668,0,0,0,0.16434824466705322
261.996395,-0.7632455825805664,0,0,0,0.2644506096839905
262.996395,-0.816046416759491,0,0,0,0.24674370884895325
263.996395,-0.9099414348602295,0,0,0,0.223024383187294
264.996395,-0.9946515560150146,0,0,0,0.20395241677761078
265.996395,-1.036832332611084,0,0,0,0.19570684432983398
266.996395,-1.159647822380066,0,0,0,0.17281252145767212
267.996395,-0.8167810440063477,0,0,0,0.24673399329185486
268.996395,-0.8537632822990417,0,0,0,0.23639564216136932
269.996395,-1.0190753936767578,0,0,0,0.1991187334060669
270.996395,-1.1711552143096924,0,0,0,0.17250776290893555
271.996395,-1.464086651802063,0,0,0,0.1385088413953781
272.996395,-1.3475958108901978,0,0,0,0.1510077714920044
273.996395,-1.207865595817566,0,0,0,0.16734974086284637
274.996395,-0.8368891477584839,0,0,0,0.2410552203655243
275.996395,-1.4365723133087158,0,0,0,0.1420677751302719
276.996395,-1.1184101104736328,0,0,0,0.1810196191072464
277.996395,-0.7216079831123352,0,0,0,0.28181421756744385
278.996395,-1.4720470905303955,0,0,0,0.1374041736125946
279.996395,-2.537188768386841,0,0,0,0.07938409596681595
280.996395,-2.6198618412017822,0,0,0,0.0765291228890419
281.996395,-2.598659038543701,0,0,0,0.07787580788135529
282.996395,-2.7731125354766846,0,0,0,0.07293649017810822
283.996395,-2.701150894165039,0,0,0,0.07470526546239853
284.996395,-2.563457489013672,0,0,0,0.07867912203073502
285.996395,-2.5082428455352783,0,0,0,0.08052756637334824
286.996395,-2.2066006660461426,0,0,0,0.09214745461940765
287.996395,-2.6928999423980713,0,0,0,0.07534158229827881
288.996395,-2.573524236679077,0,0,0,0.07846231758594513
289.996395,-2.334616184234619,0,0,0,0.08679495751857758
290.996395,-2.5711491107940674,0,0,0,0.07876995950937271
291.996395,-2.810476064682007,0,0,0,0.07175295054912567
292.996395,-2.9168472290039062,0,0,0,0.06962623447179794
293.996395,-2.4034831523895264,0,0,0,0.0845586284995079
294.996395,-2.5000765323638916,0,0,0,0.08089761435985565
295.996395,-2.204190254211426,0,0,0,0.09168432652950287
296.996395,-2.3012447357177734,0,0,0,0.08734742552042007
297.996395,-2.3793420791625977,0,0,0,0.08459623903036118
298.996395,-2.2626020908355713,0,0,0,0.08924844115972519
299.996395,-2.677579402923584,0,0,0,0.07578611373901367
300.996395,-2.5883615016937256,0,0,0,0.07800666242837906
301.996395,-2.5006916522979736,0,0,0,0.081501804292202
302.996395,-2.2129201889038086,0,0,0,0.09149105846881866
303.996395,-2.1025168895721436,0,0,0,0.09688680619001389
304.996395,-1.9390740394592285,0,0,0,0.10546351969242096
305.996395,-2.748753309249878,0,0,0,0.07427199929952621
306.996395,-2.363311290740967,0,0,0,0.08632250875234604
307.996395,-2.4146201610565186,0,0,0,0.08454514294862747
308.996395,-2.6992831230163574,0,0,0,0.07604721188545227
309.996395,-2.48647403717041,0,0,0,0.08241821080446243
310.996395,-2.547215223312378,0,0,0,0.08050630241632462
311.996395,-2.185115337371826,0,0,0,0.093682661652565
312.996395,-2.4712626934051514,0,0,0,0.0825006365776062
313.996395,-2.2460777759552,0,0,0,0.09071087837219238
314.996395,-2.592879295349121,0,0,0,0.07930875569581985
315.996395,-2.2312352657318115,0,0,0,0.0916343480348587
316.996395,-2.495798349380493,0,0,0,0.0822230651974678
317.996395,-2.34443736076355,0,0,0,0.08742563426494598
318.996395,-2.3200440406799316,0,0,0,0.0878111720085144
319.996395,-2.441450595855713,0,0,0,0.0836501494050026
320.996395,-2.5220272541046143,0,0,0,0.08010221272706985
321.996395,-2.2565793991088867,0,0,0,0.09014257788658142
322.996395,-2.2786014080047607,0,0,0,0.08881811797618866
323.996395,-2.613320827484131,0,0,0,0.07793084532022476
324.996395,-2.695126533508301,0,0,0,0.07581879943609238
325.996395,-2.508620262145996,0,0,0,0.08101321011781693
326.996395,-2.532564163208008,0,0,0,0.08087720721960068
327.996395,-2.485896348953247,0,0,0,0.08203831315040588
328.996395,-2.585261583328247,0,0,0,0.07840321958065033
329.996395,-2.5654823780059814,0,0,0,0.07964630424976349
330.996395,-2.537407159805298,0,0,0,0.0802694782614708
331.996395,-2.6581406593322754,0,0,0,0.07679355889558792
332.996395,-2.5758965015411377,0,0,0,0.088826023042202
333.996395,-2.5472412109375,0,0,0,0.0937809869647026
334.996395,-3.03009295463562,0,0,0,0.06725023686885834
335.996395,-3.133331060409546,0,0,0,0.06532088667154312
336.996395,-2.6990437507629395,0,0,0,0.07595258951187134
337.996395,-2.8202412128448486,0,0,0,0.07255740463733673
338.996395,-2.6213746070861816,0,0,0,0.07818923890590668
339.996395,-2.7103970050811768,0,0,0,0.07575565576553345
340.996395,-2.304471492767334,0,0,0,0.08834521472454071
341.996395,-2.376073122024536,0,0,0,0.08634136617183685
342.996395,-2.412883996963501,0,0,0,0.08518452197313309
343.996395,-2.429208755493164,0,0,0,0.08447682112455368
344.996395,-2.743170976638794,0,0,0,0.0749380886554718
345.996395,-2.381006956100464,0,0,0,0.08604183793067932
346.996395,-2.5171611309051514,0,0,0,0.0811954066157341
347.996395,-2.4655404090881348,0,0,0,0.08276636153459549
348.996395,-2.453767776489258,0,0,0,0.08363988250494003
349.996395,-2.2166664600372314,0,0,0,0.09227729588747025
350.996395,-2.5305464267730713,0,0,0,0.08080753684043884
351.996395,-2.5183534622192383,0,0,0,0.08109486848115921
352.996395,-2.511870861053467,0,0,0,0.08128777146339417
353.996395,-2.2660536766052246,0,0,0,0.0902906134724617
354.996395,-2.064779758453369,0,0,0,0.09831760823726654
355.996395,-2.7479469776153564,0,0,0,0.07418837398290634
356.996395,-2.715885639190674,0,0,0,0.07517301291227341
357.996395,-2.2937865257263184,0,0,0,0.08924567699432373
358.996395,-2.3860363960266113,0,0,0,0.08566997200250626
359.996395,-2.5414164066314697,0,0,0,0.08015938848257065
360.996395,-2.406881809234619,0,0,0,0.08539070188999176
361.996395,-2.3595364093780518,0,0,0,0.08697786182165146
362.996395,-2.7368979454040527,0,0,0,0.07504148781299591
363.996395,-2.7845749855041504,0,0,0,0.07353436201810837
364.996395,-2.741234064102173,0,0,0,0.07495786249637604
365.996395,-2.7918553352355957,0,0,0,0.07352657616138458
366.996395,-2.8967320919036865,0,0,0,0.06979718059301376
367.996395,-2.3708181381225586,0,0,0,0.08612339943647385
368.996395,-2.698084592819214,0,0,0,0.07334592938423157
369.996395,-2.578017234802246,0,0,0,0.07897906750440598
370.996395,-2.795370578765869,0,0,0,0.0723278596997261
371.996395,-2.73569655418396,0,0,0,0.07546361535787582
372.996395,-2.8510539531707764,0,0,0,0.07258502393960953
373.996395,-2.434846878051758,0,0,0,0.0824071615934372
374.996395,-2.4791994094848633,0,0,0,0.08120836317539215
375.996395,-2.1977078914642334,0,0,0,0.09206192940473557
376.996395,-2.239745616912842,0,0,0,0.09042041003704071
377.996395,-2.66507887840271,0,0,0,0.07624804228544235
378.996395,-2.695511817932129,0,0,0,0.07498658448457718
379.996395,-2.419461965560913,0,0,0,0.08434589207172394
380.996395,-2.3545641899108887,0,0,0,0.08635661005973816
381.996395,-2.6231629848480225,0,0,0,0.07767418771982193
382.996395,-2.311734437942505,0,0,0,0.08764596283435822
383.996395,-2.556623697280884,0,0,0,0.08000362664461136
384.996395,-2.4156665802001953,0,0,0,0.08418365567922592
385.996395,-2.742170572280884,0,0,0,0.07425401359796524
386.996395,-2.4127004146575928,0,0,0,0.08468757569789886
387.996395,-2.658160924911499,0,0,0,0.0765756219625473
388.996395,-2.5515975952148438,0,0,0,0.08002062141895294
389.996395,-2.416898727416992,0,0,0,0.08402739465236664
390.996395,-2.5397093296051025,0,0,0,0.07979033887386322
391.996395,-2.7448930740356445,0,0,0,0.07405898720026016
392.996395,-2.5870792865753174,0,0,0,0.07876017689704895
393.996395,-2.171316385269165,0,0,0,0.09353439509868622
394.996395,-2.3949692249298096,0,0,0,0.08467022329568863
395.996395,-2.3905975818634033,0,0,0,0.08563054352998734
396.996395,-2.7330830097198486,0,0,0,0.07384519279003143
397.996395,-2.5560803413391113,0,0,0,0.07922139763832092
398.996395,-2.598790407180786,0,0,0,0.0782957673072815
399.996395,-2.550065517425537,0,0,0,0.07942110300064087
400.996395,-2.684434413909912,0,0,0,0.07581743597984314
401.996395,-2.523850440979004,0,0,0,0.0807691216468811
402.996395,-2.208702802658081,0,0,0,0.09207449108362198
403.996395,-2.221789598464966,0,0,0,0.09145191311836243
404.996395,-2.140070915222168,0,0,0,0.0949162095785141
405.996395,-2.34950852394104,0,0,0,0.08615445345640182
406.996395,-2.4498729705810547,0,0,0,0.08365096151828766
407.996395,-2.3498568534851074,0,0,0,0.08687544614076614
408.996395,-2.461652994155884,0,0,0,0.0827879086136818
409.996395,-2.3272697925567627,0,0,0,0.08761074393987656
410.996395,-2.760326862335205,0,0,0,0.0741155743598938
411.996395,-2.157426595687866,0,0,0,0.09491395950317383
412.996395,-2.501458168029785,0,0,0,0.08177275210618973
413.996395,-2.2595739364624023,0,0,0,0.08968277275562286
414.996395,-2.379047155380249,0,0,0,0.08532562851905823
415.996395,-2.4415230751037598,0,0,0,0.08310751616954803
416.996395,-2.4327070713043213,0,0,0,0.08348040282726288
417.996395,-2.049872398376465,0,0,0,0.09857501089572906
418.996395,-2.4967799186706543,0,0,0,0.08121057599782944
419.996395,-2.5536420345306396,0,0,0,0.08029802143573761
420.996395,-2.5934455394744873,0,0,0,0.07863671332597733
421.996395,-2.738940954208374,0,0,0,0.07427673041820526
422.996395,-2.7893025875091553,0,0,0,0.0731617733836174
423.996395,-2.3094537258148193,0,0,0,0.08875191956758499
424.996395,-2.578382968902588,0,0,0,0.07935521751642227
425.996395,-2.677211284637451,0,0,0,0.07558312267065048
426.996395,-2.446817398071289,0,0,0,0.08324182033538818
427.996395,-2.6128556728363037,0,0,0,0.07806391268968582
428.996395,-2.808562755584717,0,0,0,0.07262149453163147
429.996395,-2.6686367988586426,0,0,0,0.07684672623872757
430.996395,-2.5077428817749023,0,0,0,0.0811007171869278
431.996395,-2.5824053287506104,0,0,0,0.07920432835817337
432.996395,-2.5017600059509277,0,0,0,0.0817628800868988
433.996395,-2.719510078430176,0,0,0,0.07500400394201279
434.996395,-2.33288836479187,0,0,0,0.08800876885652542
435.996395,-2.411923885345459,0,0,0,0.08477213233709335
436.996395,-2.39890193939209,0,0,0,0.08537083119153976
437.996395,-2.7187397480010986,0,0,0,0.07546182721853256
438.996395,-2.4916670322418213,0,0,0,0.08213482052087784
439.996395,-2.3295440673828125,0,0,0,0.08757796883583069
440.996395,-2.510624885559082,0,0,0,0.08142410963773727
441.996395,-2.607193946838379,0,0,0,0.07783009111881256
442.996395,-2.376112461090088,0,0,0,0.0861528068780899
443.996395,-2.3270397186279297,0,0,0,0.08719286322593689
444.996395,-2.4827444553375244,0,0,0,0.08270755410194397
445.996395,-2.4585986137390137,0,0,0,0.08314647525548935
446.996395,-2.5785460472106934,0,0,0,0.07963457703590393
447.996395,-2.550525426864624,0,0,0,0.08075828105211258
448.996395,-2.3665380477905273,0,0,0,0.08685404062271118
449.996395,-2.648859977722168,0,0,0,0.07813329249620438
450.996395,-2.4466373920440674,0,0,0,0.08374281227588654
451.996395,-2.382760763168335,0,0,0,0.08656994998455048
452.996395,-2.2599005699157715,0,0,0,0.09027750790119171
453.996395,-2.3396854400634766,0,0,0,0.08739880472421646
454.996395,-2.515890121459961,0,0,0,0.08141199499368668
455.996395,-2.715648889541626,0,0,0,0.07514850050210953
456.996395,-2.6368017196655273,0,0,0,0.0776996910572052
457.996395,-2.3438453674316406,0,0,0,0.08776095509529114
458.996395,-2.3747305870056152,0,0,0,0.08646871149539948
459.996395,-2.63073992729187,0,0,0,0.07786707580089569
460.996395,-2.7069473266601562,0,0,0,0.07588756084442139
461.996395,-2.6412506103515625,0,0,0,0.0774344876408577
462.996395,-2.82497239112854,0,0,0,0.07207327336072922
463.996395,-2.948117971420288,0,0,0,0.06944837421178818
464.996395,-3.2303483486175537,0,0,0,0.06332934647798538
465.996395,-2.897534132003784,0,0,0,0.0704658031463623
466.996395,-2.5378384590148926,0,0,0,0.08105950057506561
467.996395,-2.9375531673431396,0,0,0,0.06978531181812286
468.996395,-2.5829594135284424,0,0,0,0.07946736365556717
469.996395,-2.604692220687866,0,0,0,0.07886610180139542
470.996395,-2.601243495941162,0,0,0,0.07860242575407028
471.996395,-2.687995195388794,0,0,0,0.07634831219911575
472.996395,-3.041513681411743,0,0,0,0.06723471730947495
473.996395,-2.5774271488189697,0,0,0,0.08042500168085098
474.996395,-2.36018443107605,0,0,0,0.08657543361186981
475.996395,-2.9486887454986572,0,0,0,0.06935581564903259
476.996395,-3.0571696758270264,0,0,0,0.06716786324977875
477.996395,-2.4184138774871826,0,0,0,0.0849253386259079
478.996395,-2.717118263244629,0,0,0,0.07511583715677261
479.996395,-2.6716408729553223,0,0,0,0.07633288949728012
480.996395,-2.781934976577759,0,0,0,0.07322956621646881
481.996395,-2.6787126064300537,0,0,0,0.07708172500133514
482.996395,-2.3652307987213135,0,0,0,0.08633005619049072
483.996395,-2.56289005279541,0,0,0,0.07997718453407288
484.996395,-2.557809591293335,0,0,0,0.08029188960790634
485.996395,-2.4888522624969482,0,0,0,0.0826401337981224
486.996395,-2.8738083839416504,0,0,0,0.07149313390254974
487.996395,-2.563436985015869,0,0,0,0.08001677691936493
488.996395,-2.8384881019592285,0,0,0,0.07246837019920349
489.996395,-2.3939263820648193,0,0,0,0.0858345776796341
490.996395,-2.7118916511535645,0,0,0,0.07598995417356491
491.996395,-2.83677339553833,0,0,0,0.07231455296278
492.996395,-2.4706637859344482,0,0,0,0.08347184211015701
493.996395,-2.3103866577148438,0,0,0,0.08933848887681961
494.996395,-2.8128151893615723,0,0,0,0.07292056083679199
495.996395,-2.5967235565185547,0,0,0,0.07896557450294495
496.996395,-2.8612782955169678,0,0,0,0.07182357460260391
497.996395,-2.61836576461792,0,0,0,0.07814067602157593
498.996395,-2.590479850769043,0,0,0,0.07904098182916641
499.996395,-2.6524648666381836,0,0,0,0.0774879902601242
500.996395,-2.7934353351593018,0,0,0,0.07351347804069519
501.996395,-2.5845274925231934,0,0,0,0.07970187813043594
502.996395,-2.935091257095337,0,0,0,0.06956698000431061
503.996395,-2.714782476425171,0,0,0,0.07556142657995224
504.996395,-2.73834228515625,0,0,0,0.07474628835916519
505.996395,-2.7270290851593018,0,0,0,0.07497134804725647
506.996395,-2.7600395679473877,0,0,0,0.07375042885541916
507.996395,-3.191011667251587,0,0,0,0.06380105018615723
508.996395,-2.5268173217773438,0,0,0,0.08064784854650497
509.996395,-2.7183151245117188,0,0,0,0.07509824633598328
510.996395,-2.6167469024658203,0,0,0,0.07816024124622345
511.996395,-2.580036163330078,0,0,0,0.07892892509698868
512.996395,-2.846841335296631,0,0,0,0.0715334340929985
513.996395,-2.575094699859619,0,0,0,0.07951522618532181
514.996395,-2.548516273498535,0,0,0,0.08009634912014008
515.996395,-2.565897226333618,0,0,0,0.07928381860256195
516.996395,-2.5615806579589844,0,0,0,0.08002316206693649
517.996395,-2.6270716190338135,0,0,0,0.07729826122522354
518.996395,-2.4483094215393066,0,0,0,0.08401961624622345
519.996395,-2.6908318996429443,0,0,0,0.07582200318574905
520.996395,-2.3216989040374756,0,0,0,0.08757342398166656
521.996395,-2.3851282596588135,0,0,0,0.08595480024814606
522.996395,-2.459080934524536,0,0,0,0.08264721184968948
523.996395,-2.5456981658935547,0,0,0,0.08064944297075272
524.996395,-2.415999174118042,0,0,0,0.08486167341470718
525.996395,-2.78829026222229,0,0,0,0.07372987270355225
526.996395,-2.538196086883545,0,0,0,0.08087345957756042
527.996395,-2.3448050022125244,0,0,0,0.08724026381969452
528.996395,-2.4213907718658447,0,0,0,0.08425109088420868
529.996395,-2.165372610092163,0,0,0,0.09464862942695618
530.996395,-2.4374091625213623,0,0,0,0.08460814505815506
531.996395,-2.829360008239746,0,0,0,0.07187908887863159
532.996395,-2.544495105743408,0,0,0,0.08047101646661758
533.996395,-2.305070400238037,0,0,0,0.0890999287366867
534.996395,-2.58455753326416,0,0,0,0.07976813614368439
535.996395,-2.7077131271362305,0,0,0,0.07542763650417328
536.996395,-2.6967647075653076,0,0,0,0.07617201656103134
537.996395,-2.4353842735290527,0,0,0,0.08419819176197052
538.996395,-2.6726412773132324,0,0,0,0.07662947475910187
539.996395,-2.175912618637085,0,0,0,0.09330242872238159
540.996395,-2.35134220123291,0,0,0,0.08673612773418427
541.996395,-2.615936279296875,0,0,0,0.07826407998800278
542.996395,-2.6130552291870117,0,0,0,0.07854148745536804
543.996395,-2.4323222637176514,0,0,0,0.08394865691661835
544.996395,-2.8028759956359863,0,0,0,0.07283570617437363
545.996395,-2.765143871307373,0,0,0,0.07418391853570938
546.996395,-2.6905040740966797,0,0,0,0.07641156762838364
547.996395,-2.6251609325408936,0,0,0,0.07815470546483994
548.996395,-2.436246395111084,0,0,0,0.08354046940803528
549.996395,-2.557703971862793,0,0,0,0.0796874612569809
550.996395,-2.2450826168060303,0,0,0,0.09185943752527237
551.996395,-2.556791067123413,0,0,0,0.07991115003824234
552.996395,-2.7000932693481445,0,0,0,0.07584671676158905
553.996395,-2.406836748123169,0,0,0,0.08506222069263458
554.996395,-2.749674081802368,0,0,0,0.07417195290327072
555.996395,-2.314157485961914,0,0,0,0.08809511363506317
556.996395,-2.402855634689331,0,0,0,0.08538973331451416
557.996395,-2.5416009426116943,0,0,0,0.08060818910598755
558.996395,-2.3816280364990234,0,0,0,0.08573667705059052
559.996395,-2.3597471714019775,0,0,0,0.08754928410053253
560.996395,-2.943556308746338,0,0,0,0.06938525289297104
561.996395,-2.531440019607544,0,0,0,0.08126233518123627
562.996395,-2.3772826194763184,0,0,0,0.08631914108991623
563.996395,-2.3695783615112305,0,0,0,0.08651034533977509
564.996395,-2.394906759262085,0,0,0,0.08508577942848206
565.996395,-2.4575345516204834,0,0,0,0.08284978568553925
566.996395,-2.2964141368865967,0,0,0,0.08900607377290726
567.996395,-2.5527637004852295,0,0,0,0.0802689716219902
568.996395,-2.391578435897827,0,0,0,0.08550146967172623
569.996395,-2.7511327266693115,0,0,0,0.07382820546627045
570.996395,-2.568840980529785,0,0,0,0.0798388347029686
571.996395,-2.978945732116699,0,0,0,0.06853529065847397
572.996395,-2.7496278285980225,0,0,0,0.07449480891227722
573.996395,-2.6681623458862305,0,0,0,0.07599479705095291
574.996395,-2.986478328704834,0,0,0,0.0680965706706047
575.996395,-2.9034345149993896,0,0,0,0.07032708078622818
576.996395,-2.3149306774139404,0,0,0,0.0880441814661026
577.996395,-2.739494800567627,0,0,0,0.07430042326450348
578.996395,-2.777822256088257,0,0,0,0.07391892373561859
579.996395,-2.6827855110168457,0,0,0,0.07594772428274155
580.996395,-3.0091552734375,0,0,0,0.06709426641464233
581.996395,-2.851578950881958,0,0,0,0.07134164124727249
582.996395,-2.9254307746887207,0,0,0,0.06894739717245102
583.996395,-2.7059524059295654,0,0,0,0.07448706775903702
584.996395,-2.952666759490967,0,0,0,0.06860971450805664
585.996395,-2.7712955474853516,0,0,0,0.07275126129388809
586.996395,-2.2762274742126465,0,0,0,0.08941259235143661
587.996395,-2.524038076400757,0,0,0,0.0802847146987915
588.996395,-2.507995843887329,0,0,0,0.08197757601737976
589.996395,-2.5282392501831055,0,0,0,0.08013224601745605
590.996395,-2.661646842956543,0,0,0,0.07680197060108185
591.996395,-2.287123441696167,0,0,0,0.08934879302978516
592.996395,-2.461650848388672,0,0,0,0.0830792784690857
593.996395,-2.801882743835449,0,0,0,0.07260313630104065
594.996395,-2.528778553009033,0,0,0,0.08021154254674911
595.996395,-2.5264718532562256,0,0,0,0.08043988794088364
596.996395,-2.650128126144409,0,0,0,0.07695004343986511
597.996395,-2.7267532348632812,0,0,0,0.07560331374406815
598.996395,-2.761444330215454,0,0,0,0.07403525710105896
599.996395,-2.836081027984619,0,0,0,0.07166142761707306
600.996395,-2.8125643730163574,0,0,0,0.07220681011676788
601.996395,-2.431053400039673,0,0,0,0.08384117484092712
602.996395,-2.6780471801757812,0,0,0,0.07649824768304825
603.996395,-2.679986000061035,0,0,0,0.07562365382909775
604.996395,-2.773092031478882,0,0,0,0.07383228838443756
605.996395,-2.4243357181549072,0,0,0,0.08489006757736206
606.996395,-2.499300479888916,0,0,0,0.08154516667127609
607.996395,-2.746798276901245,0,0,0,0.0740516409277916
608.996395,-2.79866099357605,0,0,0,0.07251086831092834
609.996395,-2.941929817199707,0,0,0,0.06919942051172256
610.996395,-2.7217748165130615,0,0,0,0.07454031705856323
611.996395,-2.797356367111206,0,0,0,0.07288813591003418
612.996395,-3.029103994369507,0,0,0,0.06716887652873993
613.996395,-2.5998239517211914,0,0,0,0.07854657620191574
614.996395,-2.7267489433288574,0,0,0,0.07518379390239716
615.996395,-2.5734009742736816,0,0,0,0.07985550910234451
616.996395,-2.649733066558838,0,0,0,0.07708141952753067
617.996395,-2.6735880374908447,0,0,0,0.076762855052948
618.996395,-2.8573153018951416,0,0,0,0.07143381237983704
619.996395,-2.593022584915161,0,0,0,0.07823358476161957
620.996395,-2.8739824295043945,0,0,0,0.07082635909318924
621.996395,-2.6077969074249268,0,0,0,0.07751406729221344
622.996395,-2.4247241020202637,0,0,0,0.0835743173956871
623.996395,-2.6367273330688477,0,0,0,0.0775003731250763
624.996395,-2.7241430282592773,0,0,0,0.07512923330068588
625.996395,-2.4711005687713623,0,0,0,0.08236940950155258
626.996395,-2.7239508628845215,0,0,0,0.07467525452375412
627.996395,-2.6342568397521973,0,0,0,0.0771118625998497
628.996395,-2.5931572914123535,0,0,0,0.07767920941114426
629.996395,-2.792459011077881,0,0,0,0.07241668552160263
630.996395,-2.996009349822998,0,0,0,0.06743133813142776
631.996395,-2.9116671085357666,0,0,0,0.06988545507192612
632.996395,-3.058145046234131,0,0,0,0.0667261928319931
633.996395,-2.9744205474853516,0,0,0,0.06862989068031311
634.996395,-2.7155489921569824,0,0,0,0.07398780435323715
635.996395,-2.861860752105713,0,0,0,0.07059843838214874
636.996395,-2.8030383586883545,0,0,0,0.07194589823484421
637.996395,-2.711771011352539,0,0,0,0.07512366771697998
638.996395,-2.6666486263275146,0,0,0,0.07625813037157059
