Time (s),Take sample,Powertrain 1 ESC throttle - target (?s)
0,x,2000
0.1,x,2000
0.2,x,2000
0.3,x,2000
0.4,x,2000
0.5,x,2000
0.6,x,2000
0.7,x,2000
0.8,x,2000
0.9,x,2000
1,x,2000
1.1,x,2000
1.2,x,2000
1.3,x,2000
1.4,x,2000
1.5,x,2000
1.6,x,2000
1.7,x,2000
1.8,x,2000
1.9,x,2000
2,x,2000
2.1,x,2000
2.2,x,2000
2.3,x,2000
2.4,x,2000
2.5,x,2000
2.6,x,2000
2.7,x,2000
2.8,x,2000
2.9,x,2000
3,x,2000
3.1,x,2000
3.2,x,2000
3.3,x,2000
3.4,x,2000
3.5,x,2000
3.6,x,2000
3.7,x,2000
3.8,x,2000
3.9,x,2000
4,x,2000
4.1,x,2000
4.2,x,2000
4.3,x,2000
4.4,x,2000
4.5,x,2000
4.6,x,2000
4.7,x,2000
4.8,x,2000
4.9,x,2000
5,x,2000
5.1,x,2000
5.2,x,2000
5.3,x,2000
5.4,x,2000
5.5,x,2000
5.6,x,2000
5.7,x,2000
5.8,x,2000
5.9,x,2000
6,x,2000
6.1,x,2000
6.2,x,2000
6.3,x,2000
6.4,x,2000
6.5,x,2000
6.6,x,2000
6.7,x,2000
6.8,x,2000
6.9,x,2000
7,x,2000
7.1,x,2000
7.2,x,2000
7.3,x,2000
7.4,x,2000
7.5,x,2000
7.6,x,2000
7.7,x,2000
7.8,x,2000
7.9,x,2000
8,x,2000
8.1,x,2000
8.2,x,1686.28
8.3,x,1725.5
8.4,x,1823.52
8.5,x,1901.96
8.6,x,1921.56
8.7,x,1941.18
8.8,x,1980.4
8.9,x,2000
9,x,2000
9.1,x,2000
9.2,x,2000
9.3,x,2000
9.4,x,2000
9.5,x,1980.4
9.6,x,1980.4
9.7,x,1980.4
9.8,x,1980.4
9.9,x,1980.4
10,x,1980.4
10.1,x,1980.4
10.2,x,1960.78
10.3,x,1960.78
10.4,x,1960.78
10.5,x,1941.18
10.6,x,1921.56
10.7,x,1901.96
10.8,x,1862.74
10.9,x,1843.14
11,x,1823.52
11.1,x,1803.92
11.2,x,1803.92
11.3,x,1803.92
11.4,x,1784.32
11.5,x,1764.7
11.6,x,1764.7
11.7,x,1725.5
11.8,x,1725.5
11.9,x,1725.5
12,x,1725.5
12.1,x,1725.5
12.2,x,1725.5
12.3,x,1686.28
12.4,x,1666.66
12.5,x,1627.46
12.6,x,1607.84
12.7,x,1588.24
12.8,x,1549.02
12.9,x,1529.42
13,x,1490.2
13.1,x,1470.58
13.2,x,1450.98
13.3,x,1431.38
13.4,x,1431.38
13.5,x,1411.76
13.6,x,1372.54
13.7,x,1352.94
13.8,x,1333.34
13.9,x,1313.72
14,x,1294.12
14.1,x,1294.12
14.2,x,1294.12
14.3,x,1254.9
14.4,x,1176.48
14.5,x,1176.48
14.6,x,1176.48
14.7,x,1176.48
14.8,x,1176.48
14.9,x,1156.86
15,x,1137.26
15.1,x,1117.64
15.2,x,1117.64
15.3,x,1117.64
15.4,x,1098.04
15.5,x,1098.04
15.6,x,1078.44
15.7,x,1078.44
15.8,x,1078.44
15.9,x,1078.44
16,x,1078.44
16.1,x,1078.44
16.2,x,1078.44
16.3,x,1078.44
16.4,x,1078.44
16.5,x,1078.44
16.6,x,1078.44
16.7,x,1078.44
16.8,x,1078.44
16.9,x,1078.44
17,x,1078.44
17.1,x,1098.04
17.2,x,1098.04
17.3,x,1098.04
17.4,x,1117.64
17.5,x,1117.64
17.6,x,1137.26
17.7,x,1137.26
17.8,x,1137.26
17.9,x,1156.86
18,x,1156.86
18.1,x,1156.86
18.2,x,1176.48
18.3,x,1176.48
18.4,x,1176.48
18.5,x,1196.08
18.6,x,1196.08
18.7,x,1215.68
18.8,x,1235.3
18.9,x,1254.9
19,x,1274.5
19.1,x,1294.12
19.2,x,1313.72
19.3,x,1313.72
19.4,x,1313.72
19.5,x,1313.72
19.6,x,1294.12
19.7,x,1294.12
19.8,x,1313.72
19.9,x,1313.72
20,x,1313.72
20.1,x,1313.72
20.2,x,1313.72
20.3,x,1313.72
20.4,x,1313.72
20.5,x,1333.34
20.6,x,1352.94
20.7,x,1372.54
20.8,x,1372.54
20.9,x,1372.54
21,x,1372.54
21.1,x,1392.16
21.2,x,1411.76
21.3,x,1431.38
21.4,x,1431.38
21.5,x,1431.38
21.6,x,1431.38
21.7,x,1431.38
21.8,x,1431.38
21.9,x,1431.38
22,x,1431.38
22.1,x,1431.38
22.2,x,1411.76
22.3,x,1411.76
22.4,x,1411.76
22.5,x,1411.76
22.6,x,1411.76
22.7,x,1411.76
22.8,x,1392.16
22.9,x,1392.16
23,x,1392.16
23.1,x,1392.16
23.2,x,1392.16
23.3,x,1392.16
23.4,x,1392.16
23.5,x,1392.16
23.6,x,1392.16
23.7,x,1411.76
23.8,x,1411.76
23.9,x,1411.76
24,x,1450.98
24.1,x,1470.58
24.2,x,1490.2
24.3,x,1509.8
24.4,x,1509.8
24.5,x,1529.42
24.6,x,1529.42
24.7,x,1529.42
24.8,x,1509.8
24.9,x,1509.8
25,x,1509.8
25.1,x,1529.42
25.2,x,1529.42
25.3,x,1529.42
25.4,x,1529.42
25.5,x,1549.02
25.6,x,1549.02
25.7,x,1549.02
25.8,x,1549.02
25.9,x,1529.42
26,x,1509.8
26.1,x,1490.2
26.2,x,1490.2
26.3,x,1470.58
26.4,x,1470.58
26.5,x,1470.58
26.6,x,1470.58
26.7,x,1470.58
26.8,x,1450.98
26.9,x,1450.98
27,x,1431.38
27.1,x,1392.16
27.2,x,1372.54
27.3,x,1352.94
27.4,x,1333.34
27.5,x,1294.12
27.6,x,1274.5
27.7,x,1254.9
27.8,x,1235.3
27.9,x,1196.08
28,x,1156.86
28.1,x,1156.86
28.2,x,1156.86
28.3,x,1156.86
28.4,x,1176.48
28.5,x,1176.48
28.6,x,1176.48
28.7,x,1156.86
28.8,x,1156.86
28.9,x,1137.26
29,x,1117.64
29.1,x,1098.04
29.2,x,1078.44
29.3,x,1078.44
29.4,x,1078.44
29.5,x,1058.82
29.6,x,1058.82
29.7,x,1058.82
29.8,x,1058.82
29.9,x,1058.82
30,x,1039.22
30.1,x,1039.22
30.2,x,1039.22
30.3,x,1039.22
30.4,x,1039.22
30.5,x,1039.22
30.6,x,1058.82
30.7,x,1058.82
30.8,x,1058.82
30.9,x,1039.22
31,x,1039.22
31.1,x,1019.6
31.2,x,1019.6
31.3,x,1019.6
31.4,x,1039.22
31.5,x,1039.22
31.6,x,1039.22
31.7,x,1039.22
31.8,x,1039.22
31.9,x,1039.22
32,x,1019.6
32.1,x,1019.6
32.2,x,1019.6
32.3,x,1019.6
32.4,x,1019.6
32.5,x,1000
32.6,x,1000
32.7,x,1000
32.8,x,1000
32.9,x,1000
33,x,1000
33.1,x,1000
33.2,x,1019.6
33.3,x,1039.22
33.4,x,1078.44
33.5,x,1137.26
33.6,x,1156.86
33.7,x,1156.86
33.8,x,1156.86
33.9,x,1176.48
34,x,1176.48
34.1,x,1196.08
34.2,x,1196.08
34.3,x,1196.08
34.4,x,1215.68
34.5,x,1215.68
34.6,x,1215.68
34.7,x,1235.3
34.8,x,1235.3
34.9,x,1254.9
35,x,1254.9
35.1,x,1274.5
35.2,x,1294.12
35.3,x,1294.12
35.4,x,1294.12
35.5,x,1294.12
35.6,x,1274.5
35.7,x,1274.5
35.8,x,1274.5
35.9,x,1274.5
36,x,1274.5
36.1,x,1274.5
36.2,x,1274.5
36.3,x,1294.12
36.4,x,1294.12
36.5,x,1294.12
36.6,x,1313.72
36.7,x,1313.72
36.8,x,1333.34
36.9,x,1333.34
37,x,1333.34
37.1,x,1333.34
37.2,x,1333.34
37.3,x,1333.34
37.4,x,1333.34
37.5,x,1333.34
37.6,x,1333.34
37.7,x,1333.34
37.8,x,1352.94
37.9,x,1372.54
38,x,1392.16
38.1,x,1411.76
38.2,x,1431.38
38.3,x,1470.58
38.4,x,1490.2
38.5,x,1490.2
38.6,x,1509.8
38.7,x,1509.8
38.8,x,1529.42
38.9,x,1529.42
39,x,1549.02
39.1,x,1549.02
39.2,x,1549.02
39.3,x,1549.02
39.4,x,1549.02
39.5,x,1549.02
39.6,x,1549.02
39.7,x,1549.02
39.8,x,1549.02
39.9,x,1549.02
40,x,1549.02
40.1,x,1549.02
40.2,x,1549.02
40.3,x,1549.02
40.4,x,1549.02
40.5,x,1529.42
40.6,x,1529.42
40.7,x,1529.42
40.8,x,1529.42
40.9,x,1529.42
41,x,1509.8
41.1,x,1509.8
41.2,x,1490.2
41.3,x,1490.2
41.4,x,1490.2
41.5,x,1490.2
41.6,x,1490.2
41.7,x,1490.2
41.8,x,1490.2
41.9,x,1490.2
42,x,1490.2
42.1,x,1490.2
42.2,x,1470.58
42.3,x,1470.58
42.4,x,1470.58
42.5,x,1470.58
42.6,x,1470.58
42.7,x,1470.58
42.8,x,1470.58
42.9,x,1450.98
43,x,1431.38
43.1,x,1411.76
43.2,x,1411.76
43.3,x,1411.76
43.4,x,1372.54
43.5,x,1372.54
43.6,x,1352.94
43.7,x,1352.94
43.8,x,1352.94
43.9,x,1333.34
44,x,1313.72
44.1,x,1294.12
44.2,x,1294.12
44.3,x,1274.5
44.4,x,1254.9
44.5,x,1254.9
44.6,x,1235.3
44.7,x,1235.3
44.8,x,1235.3
44.9,x,1235.3
45,x,1235.3
45.1,x,1235.3
45.2,x,1235.3
45.3,x,1215.68
45.4,x,1215.68
45.5,x,1215.68
45.6,x,1235.3
45.7,x,1235.3
45.8,x,1235.3
45.9,x,1215.68
46,x,1176.48
46.1,x,1176.48
46.2,x,1176.48
46.3,x,1176.48
46.4,x,1156.86
46.5,x,1156.86
46.6,x,1156.86
46.7,x,1156.86
46.8,x,1156.86
46.9,x,1156.86
47,x,1156.86
47.1,x,1156.86
47.2,x,1156.86
47.3,x,1137.26
47.4,x,1137.26
47.5,x,1137.26
47.6,x,1137.26
47.7,x,1137.26
47.8,x,1137.26
47.9,x,1117.64
48,x,1098.04
48.1,x,1078.44
48.2,x,1058.82
48.3,x,1039.22
48.4,x,1039.22
48.5,x,1039.22
48.6,x,1039.22
48.7,x,1039.22
48.8,x,1039.22
48.9,x,1039.22
49,x,1039.22
49.1,x,1039.22
49.2,x,1039.22
49.3,x,1039.22
49.4,x,1019.6
49.5,x,1019.6
49.6,x,1019.6
49.7,x,1000
49.8,x,1000
49.9,x,1000
50,x,1000
50.1,x,1000
50.2,x,980.4
50.3,x,960.78
50.4,x,941.18
50.5,x,921.56
50.6,x,921.56
50.7,x,921.56
50.8,x,921.56
50.9,x,921.56
51,x,921.56
51.1,x,941.18
51.2,x,980.4
51.3,x,960.78
51.4,x,901.96
51.5,x,862.74
51.6,x,823.52
51.7,x,784.32
51.8,x,784.32
51.9,x,784.32
52,x,784.32
52.1,x,784.32
52.2,x,803.92
52.3,x,803.92
52.4,x,823.52
52.5,x,823.52
52.6,x,823.52
52.7,x,803.92
52.8,x,803.92
52.9,x,803.92
53,x,784.32
53.1,x,784.32
53.2,x,803.92
53.3,x,843.14
53.4,x,843.14
53.5,x,843.14
53.6,x,843.14
53.7,x,823.52
53.8,x,823.52
53.9,x,823.52
54,x,823.52
54.1,x,823.52
54.2,x,823.52
54.3,x,823.52
54.4,x,823.52
54.5,x,843.14
54.6,x,843.14
54.7,x,843.14
54.8,x,843.14
54.9,x,843.14
55,x,823.52
55.1,x,823.52
55.2,x,823.52
55.3,x,862.74
55.4,x,882.36
55.5,x,882.36
55.6,x,882.36
55.7,x,882.36
55.8,x,882.36
55.9,x,882.36
56,x,882.36
56.1,x,882.36
56.2,x,882.36
56.3,x,901.96
56.4,x,901.96
56.5,x,921.56
56.6,x,921.56
56.7,x,941.18
56.8,x,960.78
56.9,x,980.4
57,x,980.4
57.1,x,980.4
57.2,x,960.78
57.3,x,960.78
57.4,x,960.78
57.5,x,960.78
57.6,x,960.78
57.7,x,980.4
57.8,x,1000
57.9,x,1019.6
58,x,1039.22
58.1,x,1039.22
58.2,x,1058.82
58.3,x,1058.82
58.4,x,1058.82
58.5,x,1058.82
58.6,x,1058.82
58.7,x,1078.44
58.8,x,1078.44
58.9,x,1078.44
59,x,1058.82
59.1,x,1039.22
59.2,x,1039.22
59.3,x,1039.22
59.4,x,1039.22
59.5,x,1039.22
59.6,x,1019.6
59.7,x,1019.6
59.8,x,1019.6
59.9,x,1019.6
60,x,1039.22
60.1,x,1058.82
60.2,x,1058.82
60.3,x,1058.82
60.4,x,1058.82
60.5,x,1058.82
60.6,x,1058.82
60.7,x,1058.82
60.8,x,1058.82
60.9,x,1078.44
61,x,1098.04
61.1,x,1117.64
61.2,x,1117.64
61.3,x,1117.64
61.4,x,1117.64
61.5,x,1156.86
61.6,x,1176.48
61.7,x,1196.08
61.8,x,1196.08
61.9,x,1196.08
62,x,1215.68
62.1,x,1215.68
62.2,x,1254.9
62.3,x,1254.9
62.4,x,1294.12
62.5,x,1294.12
62.6,x,1294.12
62.7,x,1313.72
62.8,x,1333.34
62.9,x,1333.34
63,x,1352.94
63.1,x,1352.94
63.2,x,1372.54
63.3,x,1372.54
63.4,x,1372.54
63.5,x,1372.54
63.6,x,1372.54
63.7,x,1352.94
63.8,x,1372.54
63.9,x,1372.54
64,x,1372.54
64.1,x,1372.54
64.2,x,1372.54
64.3,x,1392.16
64.4,x,1392.16
64.5,x,1392.16
64.6,x,1392.16
64.7,x,1411.76
64.8,x,1411.76
64.9,x,1431.38
65,x,1431.38
65.1,x,1431.38
65.2,x,1431.38
65.3,x,1411.76
65.4,x,1411.76
65.5,x,1411.76
65.6,x,1411.76
65.7,x,1411.76
65.8,x,1411.76
65.9,x,1411.76
66,x,1431.38
66.1,x,1431.38
66.2,x,1450.98
66.3,x,1450.98
66.4,x,1470.58
66.5,x,1470.58
66.6,x,1470.58
66.7,x,1470.58
66.8,x,1450.98
66.9,x,1431.38
67,x,1431.38
67.1,x,1411.76
67.2,x,1411.76
67.3,x,1411.76
67.4,x,1392.16
67.5,x,1392.16
67.6,x,1392.16
67.7,x,1392.16
67.8,x,1392.16
67.9,x,1392.16
68,x,1392.16
68.1,x,1392.16
68.2,x,1392.16
68.3,x,1392.16
68.4,x,1392.16
68.5,x,1372.54
68.6,x,1352.94
68.7,x,1333.34
68.8,x,1333.34
68.9,x,1333.34
69,x,1333.34
69.1,x,1313.72
69.2,x,1294.12
69.3,x,1294.12
69.4,x,1294.12
69.5,x,1294.12
69.6,x,1294.12
69.7,x,1294.12
69.8,x,1294.12
69.9,x,1313.72
70,x,1313.72
70.1,x,1313.72
70.2,x,1313.72
70.3,x,1294.12
70.4,x,1294.12
70.5,x,1294.12
70.6,x,1294.12
70.7,x,1294.12
70.8,x,1274.5
70.9,x,1274.5
71,x,1274.5
71.1,x,1274.5
71.2,x,1274.5
71.3,x,1274.5
71.4,x,1274.5
71.5,x,1294.12
71.6,x,1294.12
71.7,x,1294.12
71.8,x,1294.12
71.9,x,1274.5
72,x,1274.5
72.1,x,1274.5
72.2,x,1254.9
72.3,x,1254.9
72.4,x,1235.3
72.5,x,1235.3
72.6,x,1254.9
72.7,x,1254.9
72.8,x,1274.5
72.9,x,1274.5
73,x,1274.5
73.1,x,1274.5
73.2,x,1274.5
73.3,x,1274.5
73.4,x,1274.5
73.5,x,1274.5
73.6,x,1274.5
73.7,x,1274.5
73.8,x,1294.12
73.9,x,1294.12
74,x,1313.72
74.1,x,1313.72
74.2,x,1313.72
74.3,x,1313.72
74.4,x,1313.72
74.5,x,1313.72
74.6,x,1333.34
74.7,x,1333.34
74.8,x,1333.34
74.9,x,1333.34
75,x,1352.94
75.1,x,1333.34
75.2,x,1333.34
75.3,x,1333.34
75.4,x,1333.34
75.5,x,1333.34
75.6,x,1313.72
75.7,x,1313.72
75.8,x,1313.72
75.9,x,1313.72
76,x,1313.72
76.1,x,1313.72
76.2,x,1333.34
76.3,x,1333.34
76.4,x,1333.34
76.5,x,1333.34
76.6,x,1333.34
76.7,x,1333.34
76.8,x,1352.94
76.9,x,1352.94
77,x,1352.94
77.1,x,1352.94
77.2,x,1352.94
77.3,x,1333.34
77.4,x,1333.34
77.5,x,1352.94
77.6,x,1352.94
77.7,x,1352.94
77.8,x,1352.94
77.9,x,1333.34
78,x,1333.34
78.1,x,1294.12
78.2,x,1294.12
78.3,x,1294.12
78.4,x,1294.12
78.5,x,1294.12
78.6,x,1294.12
78.7,x,1294.12
78.8,x,1294.12
78.9,x,1294.12
79,x,1274.5
79.1,x,1274.5
79.2,x,1254.9
79.3,x,1235.3
79.4,x,1215.68
79.5,x,1196.08
79.6,x,1176.48
79.7,x,1156.86
79.8,x,1156.86
79.9,x,1156.86
80,x,1156.86
80.1,x,1156.86
80.2,x,1156.86
80.3,x,1156.86
80.4,x,1156.86
80.5,x,1156.86
80.6,x,1156.86
80.7,x,1156.86
80.8,x,1156.86
80.9,x,1137.26
81,x,1137.26
81.1,x,1117.64
81.2,x,1117.64
81.3,x,1098.04
81.4,x,1098.04
81.5,x,1078.44
81.6,x,1078.44
81.7,x,1078.44
81.8,x,1078.44
81.9,x,1078.44
82,x,1078.44
82.1,x,1078.44
82.2,x,1098.04
82.3,x,1098.04
82.4,x,1098.04
82.5,x,1098.04
82.6,x,1098.04
82.7,x,1098.04
82.8,x,1117.64
82.9,x,1156.86
83,x,1156.86
83.1,x,1156.86
83.2,x,1156.86
83.3,x,1156.86
83.4,x,1156.86
83.5,x,1156.86
83.6,x,1156.86
83.7,x,1156.86
83.8,x,1156.86
83.9,x,1156.86
84,x,1156.86
84.1,x,1156.86
84.2,x,1156.86
84.3,x,1176.48
84.4,x,1196.08
84.5,x,1215.68
84.6,x,1215.68
84.7,x,1235.3
84.8,x,1235.3
84.9,x,1235.3
85,x,1235.3
85.1,x,1235.3
85.2,x,1235.3
85.3,x,1235.3
85.4,x,1254.9
85.5,x,1254.9
85.6,x,1254.9
85.7,x,1254.9
85.8,x,1254.9
85.9,x,1235.3
86,x,1215.68
86.1,x,1215.68
86.2,x,1215.68
86.3,x,1215.68
86.4,x,1215.68
86.5,x,1215.68
86.6,x,1215.68
86.7,x,1215.68
86.8,x,1215.68
86.9,x,1215.68
87,x,1196.08
87.1,x,1176.48
87.2,x,1176.48
87.3,x,1156.86
87.4,x,1156.86
87.5,x,1137.26
87.6,x,1137.26
87.7,x,1117.64
87.8,x,1117.64
87.9,x,1117.64
88,x,1098.04
88.1,x,1098.04
88.2,x,1078.44
88.3,x,1078.44
88.4,x,1078.44
88.5,x,1058.82
88.6,x,1058.82
88.7,x,1058.82
88.8,x,1058.82
88.9,x,1039.22
89,x,1039.22
89.1,x,1019.6
89.2,x,1019.6
89.3,x,1000
89.4,x,1000
89.5,x,980.4
89.6,x,980.4
89.7,x,980.4
89.8,x,980.4
89.9,x,980.4
90,x,980.4
90.1,x,980.4
90.2,x,980.4
90.3,x,980.4
90.4,x,980.4
90.5,x,960.78
90.6,x,960.78
90.7,x,960.78
90.8,x,960.78
90.9,x,960.78
91,x,980.4
91.1,x,980.4
91.2,x,980.4
91.3,x,980.4
91.4,x,980.4
91.5,x,980.4
91.6,x,980.4
91.7,x,980.4
91.8,x,980.4
91.9,x,1000
92,x,1019.6
92.1,x,1019.6
92.2,x,1039.22
92.3,x,1058.82
92.4,x,1078.44
92.5,x,1078.44
92.6,x,1098.04
92.7,x,1098.04
92.8,x,1117.64
92.9,x,1137.26
93,x,1156.86
93.1,x,1156.86
93.2,x,1156.86
93.3,x,1156.86
93.4,x,1156.86
93.5,x,1176.48
93.6,x,1176.48
93.7,x,1176.48
93.8,x,1196.08
93.9,x,1196.08
94,x,1196.08
94.1,x,1215.68
94.2,x,1215.68
94.3,x,1215.68
94.4,x,1215.68
94.5,x,1215.68
94.6,x,1215.68
94.7,x,1215.68
94.8,x,1215.68
94.9,x,1215.68
95,x,1215.68
95.1,x,1215.68
95.2,x,1196.08
95.3,x,1196.08
95.4,x,1176.48
95.5,x,1176.48
95.6,x,1176.48
95.7,x,1156.86
95.8,x,1156.86
95.9,x,1137.26
96,x,1117.64
96.1,x,1117.64
96.2,x,1117.64
96.3,x,1098.04
96.4,x,1098.04
96.5,x,1078.44
96.6,x,1078.44
96.7,x,1058.82
96.8,x,1058.82
96.9,x,1058.82
97,x,1058.82
97.1,x,1058.82
97.2,x,1039.22
97.3,x,1039.22
97.4,x,1039.22
97.5,x,1019.6
97.6,x,1019.6
97.7,x,1019.6
97.8,x,1019.6
97.9,x,1019.6
98,x,1019.6
98.1,x,1019.6
98.2,x,1019.6
98.3,x,1019.6
98.4,x,1000
98.5,x,960.78
98.6,x,960.78
98.7,x,941.18
98.8,x,941.18
98.9,x,921.56
99,x,901.96
99.1,x,862.74
99.2,x,843.14
99.3,x,823.52
99.4,x,823.52
99.5,x,803.92
99.6,x,784.32
99.7,x,764.7
99.8,x,745.1
99.9,x,745.1
100,x,745.1
100.1,x,725.5
100.2,x,705.88
100.3,x,666.66
100.4,x,647.06
100.5,x,647.06
100.6,x,627.46
100.7,x,627.46
100.8,x,627.46
100.9,x,607.84
101,x,588.24
101.1,x,588.24
101.2,x,568.62
101.3,x,549.02
101.4,x,509.8
101.5,x,490.2
101.6,x,470.58
101.7,x,470.58
101.8,x,450.98
101.9,x,450.98
102,x,450.98
102.1,x,431.38
102.2,x,431.38
102.3,x,411.76
102.4,x,411.76
102.5,x,392.16
102.6,x,372.54
102.7,x,352.94
102.8,x,333.34
102.9,x,313.72
103,x,294.12
103.1,x,254.9
103.2,x,235.3
103.3,x,235.3
103.4,x,235.3
103.5,x,215.68
103.6,x,215.68
103.7,x,215.68
103.8,x,176.48
103.9,x,156.86
104,x,137.26
104.1,x,137.26
104.2,x,137.26
104.3,x,117.64
104.4,x,117.64
104.5,x,98.04
104.6,x,98.04
104.7,x,78.44
104.8,x,58.82
104.9,x,58.82
105,x,39.22
105.1,x,19.6
105.2,x,0
105.3,x,0
105.4,x,0
105.5,x,0
105.6,x,0
105.7,x,0
105.8,x,0
105.9,x,0
106,x,0
106.1,x,0
106.2,x,0
106.3,x,0
106.4,x,0
106.5,x,0
106.6,x,0
106.7,x,0
106.8,x,0
106.9,x,0
107,x,0
107.1,x,0
107.2,x,0
107.3,x,0
107.4,x,0
107.5,x,0
107.6,x,0
107.7,x,0
107.8,x,0
107.9,x,0
108,x,0
108.1,x,0
108.2,x,0
108.3,x,0
108.4,x,0
108.5,x,0
108.6,x,0
108.7,x,0
108.8,x,0
108.9,x,0
109,x,0
109.1,x,0
109.2,x,0
109.3,x,0
109.4,x,0
109.5,x,0
109.6,x,0
109.7,x,0
109.8,x,0
109.9,x,0
110,x,0
110.1,x,0
110.2,x,0
110.3,x,0
110.4,x,0
110.5,x,0
110.6,x,0
110.7,x,0
110.8,x,0
110.9,x,19.6
111,x,98.04
111.1,x,137.26
111.2,x,156.86
111.3,x,196.08
111.4,x,215.68
111.5,x,254.9
111.6,x,352.94
111.7,x,392.16
111.8,x,450.98
111.9,x,490.2
112,x,509.8
112.1,x,549.02
112.2,x,588.24
112.3,x,607.84
112.4,x,627.46
112.5,x,666.66
112.6,x,686.28
112.7,x,705.88
112.8,x,764.7
112.9,x,784.32
113,x,823.52
113.1,x,882.36
113.2,x,921.56
113.3,x,941.18
113.4,x,980.4
113.5,x,1000
113.6,x,1039.22
113.7,x,1078.44
113.8,x,1098.04
113.9,x,1137.26
114,x,1156.86
114.1,x,1196.08
114.2,x,1215.68
114.3,x,1235.3
114.4,x,1254.9
114.5,x,1313.72
114.6,x,1333.34
114.7,x,1333.34
114.8,x,1333.34
114.9,x,1352.94
115,x,1372.54
115.1,x,1372.54
115.2,x,1392.16
115.3,x,1392.16
115.4,x,1392.16
115.5,x,1392.16
115.6,x,1392.16
115.7,x,1411.76
115.8,x,1411.76
115.9,x,1411.76
116,x,1411.76
116.1,x,1411.76
116.2,x,1411.76
116.3,x,1411.76
116.4,x,1411.76
116.5,x,1411.76
116.6,x,1411.76
116.7,x,1411.76
116.8,x,1411.76
116.9,x,1411.76
117,x,1392.16
117.1,x,1392.16
117.2,x,1392.16
117.3,x,1372.54
117.4,x,1333.34
117.5,x,1333.34
117.6,x,1333.34
117.7,x,1333.34
117.8,x,1333.34
117.9,x,1313.72
118,x,1313.72
118.1,x,1313.72
118.2,x,1313.72
118.3,x,1313.72
118.4,x,1313.72
118.5,x,1294.12
118.6,x,1274.5
118.7,x,1274.5
118.8,x,1254.9
118.9,x,1254.9
119,x,1254.9
119.1,x,1235.3
119.2,x,1235.3
119.3,x,1235.3
119.4,x,1235.3
119.5,x,1215.68
119.6,x,1215.68
119.7,x,1196.08
119.8,x,1176.48
119.9,x,1156.86
120,x,1137.26
120.1,x,1137.26
120.2,x,1117.64
120.3,x,1117.64
120.4,x,1098.04
120.5,x,1098.04
120.6,x,1098.04
120.7,x,1098.04
120.8,x,1078.44
120.9,x,1078.44
121,x,1058.82
121.1,x,1058.82
121.2,x,1039.22
121.3,x,1019.6
121.4,x,1000
121.5,x,1000
121.6,x,1823.52
121.7,x,1803.92
121.8,x,1764.7
121.9,x,1705.88
122,x,1647.06
122.1,x,1549.02
122.2,x,1490.2
122.3,x,1372.54
122.4,x,1313.72
122.5,x,1294.12
122.6,x,1274.5
122.7,x,1235.3
122.8,x,1215.68
122.9,x,1176.48
123,x,1137.26
123.1,x,1137.26
123.2,x,1137.26
123.3,x,1156.86
123.4,x,1156.86
123.5,x,1156.86
123.6,x,1137.26
123.7,x,1117.64
123.8,x,1117.64
123.9,x,1078.44
124,x,1058.82
124.1,x,1058.82
124.2,x,1058.82
124.3,x,1058.82
124.4,x,1117.64
124.5,x,1137.26
124.6,x,1117.64
124.7,x,1098.04
124.8,x,1039.22
124.9,x,960.78
125,x,960.78
125.1,x,901.96
125.2,x,803.92
125.3,x,764.7
125.4,x,823.52
125.5,x,862.74
125.6,x,882.36
125.7,x,882.36
125.8,x,862.74
125.9,x,862.74
126,x,882.36
126.1,x,901.96
126.2,x,901.96
126.3,x,941.18
126.4,x,960.78
126.5,x,1000
126.6,x,1019.6
126.7,x,1019.6
126.8,x,1000
126.9,x,980.4
127,x,960.78
127.1,x,960.78
127.2,x,960.78
127.3,x,921.56
127.4,x,862.74
127.5,x,862.74
127.6,x,882.36
127.7,x,901.96
127.8,x,921.56
127.9,x,941.18
128,x,980.4
128.1,x,1019.6
128.2,x,1039.22
128.3,x,1039.22
128.4,x,1039.22
128.5,x,1039.22
128.6,x,1058.82
128.7,x,1058.82
128.8,x,1019.6
128.9,x,960.78
129,x,960.78
129.1,x,960.78
129.2,x,960.78
129.3,x,941.18
129.4,x,941.18
129.5,x,901.96
129.6,x,862.74
129.7,x,882.36
129.8,x,901.96
129.9,x,941.18
130,x,1019.6
130.1,x,1019.6
130.2,x,1019.6
130.3,x,1039.22
130.4,x,1058.82
130.5,x,1058.82
130.6,x,1078.44
130.7,x,1078.44
130.8,x,1098.04
130.9,x,1078.44
131,x,1098.04
131.1,x,1098.04
131.2,x,1098.04
131.3,x,1137.26
131.4,x,1156.86
131.5,x,1176.48
131.6,x,1156.86
131.7,x,1176.48
131.8,x,1176.48
131.9,x,1176.48
132,x,1137.26
132.1,x,1137.26
132.2,x,1098.04
132.3,x,1019.6
132.4,x,1000
132.5,x,1000
132.6,x,1019.6
132.7,x,1058.82
132.8,x,1098.04
132.9,x,1098.04
133,x,1098.04
133.1,x,1098.04
133.2,x,1117.64
133.3,x,1117.64
133.4,x,1156.86
133.5,x,1176.48
133.6,x,1254.9
133.7,x,1274.5
133.8,x,1274.5
133.9,x,1254.9
134,x,1215.68
134.1,x,1196.08
134.2,x,1176.48
134.3,x,1156.86
134.4,x,1117.64
134.5,x,1098.04
134.6,x,1078.44
134.7,x,1078.44
134.8,x,1019.6
134.9,x,960.78
135,x,921.56
135.1,x,941.18
135.2,x,941.18
135.3,x,980.4
135.4,x,1019.6
135.5,x,1039.22
135.6,x,1039.22
135.7,x,1137.26
135.8,x,1156.86
135.9,x,1176.48
136,x,1176.48
136.1,x,1137.26
136.2,x,1137.26
136.3,x,1137.26
136.4,x,1156.86
136.5,x,1254.9
136.6,x,1274.5
136.7,x,1274.5
136.8,x,1254.9
136.9,x,1274.5
137,x,1254.9
137.1,x,1235.3
137.2,x,1235.3
137.3,x,1235.3
137.4,x,1196.08
137.5,x,1176.48
137.6,x,1098.04
137.7,x,1058.82
137.8,x,1058.82
137.9,x,1078.44
138,x,1058.82
138.1,x,1058.82
138.2,x,1039.22
138.3,x,1039.22
138.4,x,1019.6
138.5,x,1019.6
138.6,x,980.4
138.7,x,980.4
138.8,x,1000
138.9,x,1019.6
139,x,1019.6
139.1,x,1039.22
139.2,x,1039.22
139.3,x,1058.82
139.4,x,1058.82
139.5,x,1058.82
139.6,x,1058.82
139.7,x,1058.82
139.8,x,1019.6
139.9,x,1019.6
140,x,980.4
140.1,x,941.18
140.2,x,960.78
140.3,x,960.78
140.4,x,960.78
140.5,x,960.78
140.6,x,980.4
140.7,x,1000
140.8,x,1058.82
140.9,x,1078.44
141,x,1078.44
141.1,x,1078.44
141.2,x,1098.04
141.3,x,1098.04
141.4,x,1098.04
141.5,x,1058.82
141.6,x,1058.82
141.7,x,1078.44
141.8,x,1078.44
141.9,x,1098.04
142,x,1078.44
142.1,x,1078.44
142.2,x,1078.44
142.3,x,1039.22
142.4,x,1039.22
142.5,x,1058.82
142.6,x,1039.22
142.7,x,1039.22
142.8,x,1019.6
142.9,x,1019.6
143,x,1039.22
143.1,x,1058.82
143.2,x,1058.82
143.3,x,1078.44
143.4,x,1117.64
143.5,x,1117.64
143.6,x,1137.26
143.7,x,1156.86
143.8,x,1137.26
143.9,x,1117.64
144,x,1137.26
144.1,x,1137.26
144.2,x,1137.26
144.3,x,1078.44
144.4,x,1058.82
144.5,x,1019.6
144.6,x,1000
144.7,x,960.78
144.8,x,960.78
144.9,x,921.56
145,x,901.96
145.1,x,882.36
145.2,x,901.96
145.3,x,941.18
145.4,x,1039.22
145.5,x,1078.44
145.6,x,1098.04
145.7,x,1098.04
145.8,x,1098.04
145.9,x,1137.26
146,x,1176.48
146.1,x,1215.68
146.2,x,1235.3
146.3,x,1254.9
146.4,x,1215.68
146.5,x,1196.08
146.6,x,1176.48
146.7,x,1156.86
146.8,x,1156.86
146.9,x,1176.48
147,x,1176.48
147.1,x,1176.48
147.2,x,1196.08
147.3,x,1196.08
147.4,x,1196.08
147.5,x,1215.68
147.6,x,1215.68
147.7,x,1235.3
147.8,x,1235.3
147.9,x,1235.3
148,x,1235.3
148.1,x,1235.3
148.2,x,1176.48
148.3,x,1156.86
148.4,x,1176.48
148.5,x,1254.9
148.6,x,1294.12
148.7,x,1313.72
148.8,x,1333.34
148.9,x,1313.72
149,x,1294.12
149.1,x,1156.86
149.2,x,1156.86
149.3,x,1137.26
149.4,x,1117.64
149.5,x,1058.82
149.6,x,1019.6
149.7,x,1019.6
149.8,x,1058.82
149.9,x,1078.44
150,x,1098.04
150.1,x,1117.64
150.2,x,1117.64
150.3,x,1117.64
150.4,x,1117.64
150.5,x,1117.64
150.6,x,1058.82
150.7,x,1058.82
150.8,x,1019.6
150.9,x,1000
151,x,1019.6
151.1,x,1039.22
151.2,x,1058.82
151.3,x,1078.44
151.4,x,1117.64
151.5,x,1117.64
151.6,x,1137.26
151.7,x,1117.64
151.8,x,1098.04
151.9,x,1098.04
152,x,1019.6
152.1,x,1019.6
152.2,x,1019.6
152.3,x,1000
152.4,x,1000
152.5,x,1000
152.6,x,1039.22
152.7,x,1058.82
152.8,x,1058.82
152.9,x,1078.44
153,x,1098.04
153.1,x,1117.64
153.2,x,1098.04
153.3,x,1058.82
153.4,x,1019.6
153.5,x,1000
153.6,x,980.4
153.7,x,960.78
153.8,x,960.78
153.9,x,960.78
154,x,921.56
154.1,x,901.96
154.2,x,901.96
154.3,x,921.56
154.4,x,960.78
154.5,x,980.4
154.6,x,1019.6
154.7,x,1039.22
154.8,x,1078.44
154.9,x,1098.04
155,x,1137.26
155.1,x,1156.86
155.2,x,1176.48
155.3,x,1196.08
155.4,x,1235.3
155.5,x,1274.5
155.6,x,1313.72
155.7,x,1352.94
155.8,x,1352.94
155.9,x,1392.16
156,x,1372.54
156.1,x,1372.54
156.2,x,1372.54
156.3,x,1431.38
156.4,x,1450.98
156.5,x,1431.38
156.6,x,1431.38
156.7,x,1470.58
156.8,x,1490.2
156.9,x,1529.42
157,x,1568.62
157.1,x,1549.02
157.2,x,1568.62
157.3,x,1607.84
157.4,x,1627.46
157.5,x,1627.46
157.6,x,1607.84
157.7,x,1588.24
157.8,x,1568.62
157.9,x,1568.62
158,x,1568.62
158.1,x,1588.24
158.2,x,1627.46
158.3,x,1607.84
158.4,x,1568.62
158.5,x,1529.42
158.6,x,1470.58
158.7,x,1450.98
158.8,x,1470.58
158.9,x,1490.2
159,x,1568.62
159.1,x,1607.84
159.2,x,1647.06
159.3,x,1666.66
159.4,x,1686.28
159.5,x,1705.88
159.6,x,1686.28
159.7,x,1764.7
159.8,x,1745.1
159.9,x,1725.5
160,x,1686.28
160.1,x,1666.66
160.2,x,1666.66
160.3,x,1666.66
160.4,x,1686.28
160.5,x,1705.88
160.6,x,1725.5
160.7,x,1686.28
160.8,x,1705.88
160.9,x,1686.28
161,x,1686.28
161.1,x,1725.5
161.2,x,1764.7
161.3,x,1784.32
161.4,x,1784.32
161.5,x,1823.52
161.6,x,1843.14
161.7,x,1843.14
161.8,x,1843.14
161.9,x,1823.52
162,x,1823.52
162.1,x,1745.1
162.2,x,1627.46
162.3,x,1529.42
162.4,x,1450.98
162.5,x,1431.38
162.6,x,1411.76
162.7,x,1411.76
162.8,x,1372.54
162.9,x,1294.12
163,x,1254.9
163.1,x,1215.68
163.2,x,1176.48
163.3,x,1196.08
163.4,x,1156.86
163.5,x,1156.86
163.6,x,1137.26
163.7,x,1078.44
163.8,x,1058.82
163.9,x,1019.6
164,x,1039.22
164.1,x,1098.04
164.2,x,1137.26
164.3,x,1156.86
164.4,x,1176.48
164.5,x,1235.3
164.6,x,1235.3
164.7,x,1176.48
164.8,x,1156.86
164.9,x,1117.64
165,x,1078.44
165.1,x,1098.04
165.2,x,1078.44
165.3,x,1098.04
165.4,x,1117.64
165.5,x,1137.26
165.6,x,1117.64
165.7,x,1137.26
165.8,x,1098.04
165.9,x,1117.64
166,x,1117.64
166.1,x,1117.64
166.2,x,1117.64
166.3,x,1117.64
166.4,x,1098.04
166.5,x,1039.22
166.6,x,980.4
166.7,x,921.56
166.8,x,823.52
166.9,x,823.52
167,x,764.7
167.1,x,725.5
167.2,x,686.28
167.3,x,627.46
167.4,x,588.24
167.5,x,549.02
167.6,x,490.2
167.7,x,450.98
167.8,x,450.98
167.9,x,431.38
168,x,372.54
168.1,x,372.54
168.2,x,333.34
168.3,x,254.9
168.4,x,196.08
168.5,x,137.26
168.6,x,98.04
168.7,x,19.6
168.8,x,0
168.9,x,0
169,x,0
169.1,x,0
169.2,x,0
169.3,x,0
169.4,x,0
169.5,x,0
169.6,x,0
169.7,x,0
169.8,x,0
169.9,x,0
170,x,0
170.1,x,0
170.2,x,0
170.3,x,0
170.4,x,0
170.5,x,0
170.6,x,0
170.7,x,0
170.8,x,0
170.9,x,0
171,x,0
171.1,x,0
171.2,x,0
171.3,x,0
171.4,x,0
171.5,x,0
171.6,x,0
171.7,x,0
171.8,x,0
171.9,x,0
172,x,0
172.1,x,0
172.2,x,0
172.3,x,0
172.4,x,0
172.5,x,0
172.6,x,0
172.7,x,0
172.8,x,0
172.9,x,0
173,x,0
173.1,x,0
173.2,x,0
173.3,x,0
173.4,x,0
173.5,x,0
173.6,x,39.22
173.7,x,78.44
173.8,x,156.86
173.9,x,274.5
174,x,333.34
174.1,x,372.54
174.2,x,411.76
174.3,x,450.98
174.4,x,490.2
174.5,x,627.46
174.6,x,666.66
174.7,x,705.88
174.8,x,725.5
174.9,x,745.1
175,x,745.1
175.1,x,725.5
175.2,x,764.7
175.3,x,784.32
175.4,x,803.92
175.5,x,823.52
175.6,x,882.36
175.7,x,921.56
175.8,x,941.18
175.9,x,960.78
176,x,960.78
176.1,x,960.78
176.2,x,960.78
176.3,x,960.78
176.4,x,1000
176.5,x,1019.6
176.6,x,1098.04
176.7,x,1078.44
176.8,x,1078.44
176.9,x,1058.82
177,x,1019.6
177.1,x,1019.6
177.2,x,1098.04
177.3,x,1156.86
177.4,x,1156.86
177.5,x,1117.64
177.6,x,1078.44
177.7,x,1019.6
177.8,x,1000
177.9,x,921.56
178,x,862.74
178.1,x,882.36
178.2,x,901.96
178.3,x,901.96
178.4,x,901.96
178.5,x,882.36
178.6,x,882.36
178.7,x,941.18
178.8,x,980.4
178.9,x,1019.6
179,x,1039.22
179.1,x,1078.44
179.2,x,1156.86
179.3,x,1196.08
179.4,x,1196.08
179.5,x,1176.48
179.6,x,1156.86
179.7,x,1156.86
179.8,x,1176.48
179.9,x,1196.08
180,x,1196.08
180.1,x,1137.26
180.2,x,1098.04
180.3,x,1078.44
180.4,x,1098.04
180.5,x,1117.64
180.6,x,1156.86
180.7,x,1215.68
180.8,x,1313.72
180.9,x,1313.72
181,x,1313.72
181.1,x,1215.68
181.2,x,1137.26
181.3,x,1117.64
181.4,x,1137.26
181.5,x,1098.04
181.6,x,1137.26
181.7,x,1196.08
181.8,x,1254.9
181.9,x,1294.12
182,x,1333.34
182.1,x,1333.34
182.2,x,1313.72
182.3,x,1333.34
182.4,x,1294.12
182.5,x,1274.5
182.6,x,1274.5
182.7,x,1274.5
182.8,x,1274.5
182.9,x,1313.72
183,x,1333.34
183.1,x,1333.34
183.2,x,1352.94
183.3,x,1352.94
183.4,x,1392.16
183.5,x,1411.76
183.6,x,1411.76
183.7,x,1411.76
183.8,x,1392.16
183.9,x,1392.16
184,x,1392.16
184.1,x,1372.54
184.2,x,1294.12
184.3,x,1254.9
184.4,x,1235.3
184.5,x,1156.86
184.6,x,1098.04
184.7,x,1137.26
184.8,x,1137.26
184.9,x,1176.48
185,x,1274.5
185.1,x,1470.58
185.2,x,1549.02
185.3,x,1549.02
185.4,x,1529.42
185.5,x,1450.98
185.6,x,1411.76
185.7,x,1392.16
185.8,x,1431.38
185.9,x,1509.8
186,x,1568.62
186.1,x,1627.46
186.2,x,1686.28
186.3,x,1745.1
186.4,x,1803.92
186.5,x,1862.74
186.6,x,1921.56
186.7,x,1980.4
186.8,x,2000
186.9,x,2000
187,x,2000
187.1,x,2000
187.2,x,2000
187.3,x,2000
187.4,x,2000
187.5,x,2000
187.6,x,2000
187.7,x,2000
187.8,x,2000
187.9,x,2000
188,x,2000
188.1,x,1960.78
188.2,x,1960.78
188.3,x,1960.78
188.4,x,1960.78
188.5,x,1960.78
188.6,x,1960.78
188.7,x,1960.78
188.8,x,1960.78
188.9,x,1960.78
189,x,1960.78
189.1,x,1960.78
189.2,x,1960.78
189.3,x,1980.4
189.4,x,2000
189.5,x,1941.18
189.6,x,1901.96
189.7,x,1882.36
189.8,x,1882.36
189.9,x,1901.96
190,x,1921.56
190.1,x,1941.18
190.2,x,2000
190.3,x,2000
190.4,x,2000
190.5,x,2000
190.6,x,2000
190.7,x,2000
190.8,x,2000
190.9,x,2000
191,x,2000
191.1,x,2000
191.2,x,2000
191.3,x,2000
191.4,x,2000
191.5,x,2000
191.6,x,2000
191.7,x,2000
191.8,x,2000
191.9,x,2000
192,x,2000
192.1,x,2000
192.2,x,2000
192.3,x,2000
192.4,x,2000
192.5,x,2000
192.6,x,2000
192.7,x,2000
192.8,x,2000
192.9,x,2000
193,x,2000
193.1,x,2000
193.2,x,2000
193.3,x,2000
193.4,x,2000
193.5,x,2000
193.6,x,2000
193.7,x,2000
193.8,x,1941.18
193.9,x,1843.14
194,x,1764.7
194.1,x,1686.28
194.2,x,1647.06
194.3,x,1568.62
194.4,x,1549.02
194.5,x,1509.8
194.6,x,1490.2
194.7,x,1470.58
194.8,x,1470.58
194.9,x,1450.98
195,x,1431.38
195.1,x,1431.38
195.2,x,1431.38
195.3,x,1431.38
195.4,x,1431.38
195.5,x,1450.98
195.6,x,1470.58
195.7,x,1470.58
195.8,x,1470.58
195.9,x,1450.98
196,x,1509.8
196.1,x,1764.7
196.2,x,1784.32
196.3,x,1784.32
196.4,x,1745.1
196.5,x,1705.88
196.6,x,1647.06
196.7,x,1568.62
196.8,x,1529.42
196.9,x,1490.2
197,x,1490.2
197.1,x,1509.8
197.2,x,1529.42
197.3,x,1549.02
197.4,x,1549.02
197.5,x,1568.62
197.6,x,1607.84
197.7,x,1686.28
197.8,x,1725.5
197.9,x,1784.32
198,x,1823.52
198.1,x,1882.36
198.2,x,1921.56
198.3,x,1941.18
198.4,x,1941.18
198.5,x,1941.18
198.6,x,1960.78
198.7,x,1980.4
198.8,x,1980.4
198.9,x,1980.4
199,x,1980.4
199.1,x,1980.4
199.2,x,2000
199.3,x,2000
199.4,x,2000
199.5,x,2000
199.6,x,2000
199.7,x,2000
199.8,x,2000
199.9,x,2000
200,x,2000
200.1,x,2000
200.2,x,2000
200.3,x,2000
200.4,x,2000
200.5,x,2000
200.6,x,2000
200.7,x,2000
200.8,x,2000
200.9,x,2000
201,x,2000
201.1,x,2000
201.2,x,2000
201.3,x,2000
201.4,x,2000
201.5,x,2000
201.6,x,2000
201.7,x,2000
201.8,x,2000
201.9,x,2000
202,x,2000
202.1,x,2000
202.2,x,1980.4
202.3,x,1725.5
202.4,x,1705.88
202.5,x,1705.88
202.6,x,1705.88
202.7,x,1705.88
202.8,x,1627.46
202.9,x,1529.42
203,x,1470.58
203.1,x,1450.98
203.2,x,1431.38
203.3,x,1313.72
203.4,x,1235.3
203.5,x,1235.3
203.6,x,1235.3
203.7,x,1235.3
203.8,x,1215.68
203.9,x,1215.68
204,x,1196.08
204.1,x,1176.48
204.2,x,1176.48
204.3,x,1176.48
204.4,x,1176.48
204.5,x,1176.48
204.6,x,1156.86
204.7,x,1294.12
204.8,x,1294.12
204.9,x,1294.12
205,x,1294.12
205.1,x,1411.76
205.2,x,1647.06
205.3,x,1627.46
205.4,x,1627.46
205.5,x,1647.06
205.6,x,1627.46
205.7,x,1647.06
205.8,x,1647.06
205.9,x,1627.46
206,x,1647.06
206.1,x,1627.46
206.2,x,1647.06
206.3,x,1647.06
206.4,x,1647.06
206.5,x,1627.46
206.6,x,1627.46
206.7,x,1627.46
206.8,x,1647.06
206.9,x,1647.06
207,x,1647.06
207.1,x,1647.06
207.2,x,1647.06
207.3,x,1627.46
207.4,x,1627.46
207.5,x,1647.06
207.6,x,1627.46
207.7,x,1627.46
207.8,x,1647.06
207.9,x,1627.46
208,x,1627.46
208.1,x,1627.46
208.2,x,1627.46
208.3,x,1627.46
208.4,x,1647.06
208.5,x,1647.06
208.6,x,1647.06
208.7,x,1647.06
208.8,x,1627.46
208.9,x,1647.06
209,x,1647.06
209.1,x,1627.46
209.2,x,1647.06
209.3,x,1627.46
209.4,x,1647.06
209.5,x,1627.46
209.6,x,1647.06
209.7,x,1627.46
209.8,x,1627.46
209.9,x,1647.06
210,x,1627.46
210.1,x,1647.06
210.2,x,1647.06
210.3,x,1647.06
210.4,x,1627.46
210.5,x,1627.46
210.6,x,1647.06
210.7,x,1647.06
210.8,x,1647.06
210.9,x,1627.46
211,x,1647.06
211.1,x,1647.06
211.2,x,1647.06
211.3,x,1627.46
211.4,x,1647.06
211.5,x,1647.06
211.6,x,1627.46
211.7,x,1647.06
211.8,x,1647.06
211.9,x,1627.46
212,x,1647.06
212.1,x,1627.46
212.2,x,1627.46
212.3,x,1647.06
212.4,x,1647.06
212.5,x,1627.46
212.6,x,1627.46
212.7,x,1627.46
212.8,x,1627.46
212.9,x,1647.06
213,x,1647.06
213.1,x,1627.46
213.2,x,1647.06
213.3,x,1627.46
213.4,x,1627.46
213.5,x,1607.84
213.6,x,1607.84
213.7,x,1607.84
213.8,x,1607.84
213.9,x,1607.84
214,x,1607.84
214.1,x,1627.46
214.2,x,1627.46
214.3,x,1627.46
214.4,x,1607.84
214.5,x,1607.84
214.6,x,1607.84
214.7,x,1607.84
214.8,x,1607.84
214.9,x,1607.84
215,x,1607.84
215.1,x,1607.84
215.2,x,1607.84
215.3,x,1607.84
215.4,x,1607.84
215.5,x,1607.84
215.6,x,1607.84
215.7,x,1607.84
215.8,x,1607.84
215.9,x,1607.84
216,x,1607.84
216.1,x,1607.84
216.2,x,1607.84
216.3,x,1607.84
216.4,x,1607.84
216.5,x,1607.84
216.6,x,1607.84
216.7,x,1607.84
216.8,x,1627.46
216.9,x,1607.84
217,x,1607.84
217.1,x,1607.84
217.2,x,1627.46
217.3,x,1627.46
217.4,x,1607.84
217.5,x,1627.46
217.6,x,1627.46
217.7,x,1607.84
217.8,x,1627.46
217.9,x,1607.84
218,x,1627.46
218.1,x,1627.46
218.2,x,1607.84
218.3,x,1627.46
218.4,x,1607.84
218.5,x,1627.46
218.6,x,1627.46
218.7,x,1627.46
218.8,x,1627.46
218.9,x,1627.46
219,x,1627.46
219.1,x,1627.46
219.2,x,1607.84
219.3,x,1627.46
219.4,x,1627.46
219.5,x,1627.46
219.6,x,1627.46
219.7,x,1607.84
219.8,x,1607.84
219.9,x,1607.84
220,x,1607.84
220.1,x,1627.46
220.2,x,1627.46
220.3,x,1627.46
220.4,x,1607.84
220.5,x,1607.84
220.6,x,1627.46
220.7,x,1607.84
220.8,x,1607.84
220.9,x,1607.84
221,x,1607.84
221.1,x,1607.84
221.2,x,1607.84
221.3,x,1627.46
221.4,x,1627.46
221.5,x,1627.46
221.6,x,1627.46
221.7,x,1627.46
221.8,x,1607.84
221.9,x,1607.84
222,x,1607.84
222.1,x,1607.84
222.2,x,1607.84
222.3,x,1627.46
222.4,x,1627.46
222.5,x,1627.46
222.6,x,1607.84
222.7,x,1607.84
222.8,x,1627.46
222.9,x,1607.84
223,x,1627.46
223.1,x,1627.46
223.2,x,1607.84
223.3,x,1607.84
223.4,x,1607.84
223.5,x,1627.46
223.6,x,1627.46
223.7,x,1627.46
223.8,x,1627.46
223.9,x,1607.84
224,x,1607.84
224.1,x,1607.84
224.2,x,1607.84
224.3,x,1607.84
224.4,x,1627.46
224.5,x,1607.84
224.6,x,1627.46
224.7,x,1627.46
224.8,x,1607.84
224.9,x,1607.84
225,x,1607.84
225.1,x,1607.84
225.2,x,1627.46
225.3,x,1627.46
225.4,x,1607.84
225.5,x,1607.84
225.6,x,1607.84
225.7,x,1627.46
225.8,x,1627.46
225.9,x,1627.46
226,x,1607.84
226.1,x,1607.84
226.2,x,1627.46
226.3,x,1607.84
226.4,x,1607.84
226.5,x,1607.84
226.6,x,1607.84
226.7,x,1607.84
226.8,x,1627.46
226.9,x,1627.46
227,x,1607.84
227.1,x,1607.84
227.2,x,1607.84
227.3,x,1627.46
227.4,x,1627.46
227.5,x,1627.46
227.6,x,1627.46
227.7,x,1607.84
227.8,x,1607.84
227.9,x,1607.84
228,x,1607.84
228.1,x,1607.84
228.2,x,1607.84
228.3,x,1627.46
228.4,x,1627.46
228.5,x,1627.46
228.6,x,1627.46
228.7,x,1627.46
228.8,x,1627.46
228.9,x,1607.84
229,x,1627.46
229.1,x,1627.46
229.2,x,1607.84
229.3,x,1607.84
229.4,x,1627.46
229.5,x,1607.84
229.6,x,1627.46
229.7,x,1627.46
229.8,x,1627.46
229.9,x,1627.46
230,x,1627.46
230.1,x,1607.84
230.2,x,1627.46
230.3,x,1607.84
230.4,x,1607.84
230.5,x,1607.84
230.6,x,1627.46
230.7,x,1627.46
230.8,x,1607.84
230.9,x,1607.84
231,x,1607.84
231.1,x,1607.84
231.2,x,1627.46
231.3,x,1627.46
231.4,x,1627.46
231.5,x,1607.84
231.6,x,1627.46
231.7,x,1607.84
231.8,x,1627.46
231.9,x,1627.46
232,x,1627.46
232.1,x,1627.46
232.2,x,1627.46
232.3,x,1627.46
232.4,x,1627.46
232.5,x,1627.46
232.6,x,1627.46
232.7,x,1607.84
232.8,x,1607.84
232.9,x,1607.84
233,x,1627.46
233.1,x,1607.84
233.2,x,1627.46
233.3,x,1627.46
233.4,x,1627.46
233.5,x,1627.46
233.6,x,1627.46
233.7,x,1627.46
233.8,x,1607.84
233.9,x,1627.46
234,x,1627.46
234.1,x,1607.84
234.2,x,1627.46
234.3,x,1627.46
234.4,x,1627.46
234.5,x,1627.46
234.6,x,1627.46
234.7,x,1627.46
234.8,x,1627.46
234.9,x,1627.46
235,x,1627.46
235.1,x,1627.46
235.2,x,1607.84
235.3,x,1627.46
235.4,x,1607.84
235.5,x,1627.46
235.6,x,1627.46
235.7,x,1627.46
235.8,x,1627.46
235.9,x,1627.46
236,x,1627.46
236.1,x,1627.46
236.2,x,1627.46
236.3,x,1627.46
236.4,x,1627.46
236.5,x,1607.84
236.6,x,1627.46
236.7,x,1627.46
236.8,x,1627.46
236.9,x,1627.46
237,x,1627.46
237.1,x,1627.46
237.2,x,1607.84
237.3,x,1607.84
237.4,x,1627.46
237.5,x,1627.46
237.6,x,1627.46
237.7,x,1627.46
237.8,x,1607.84
237.9,x,1627.46
238,x,1607.84
238.1,x,1607.84
238.2,x,1627.46
238.3,x,1607.84
238.4,x,1627.46
238.5,x,1627.46
238.6,x,1607.84
238.7,x,1607.84
238.8,x,1607.84
238.9,x,1627.46
239,x,1627.46
239.1,x,1607.84
239.2,x,1627.46
239.3,x,1627.46
239.4,x,1607.84
239.5,x,1627.46
239.6,x,1627.46
239.7,x,1627.46
239.8,x,1607.84
239.9,x,1607.84
240,x,1607.84
240.1,x,1627.46
240.2,x,1627.46
240.3,x,1607.84
240.4,x,1627.46
240.5,x,1627.46
240.6,x,1607.84
240.7,x,1607.84
240.8,x,1607.84
240.9,x,1607.84
241,x,1607.84
241.1,x,1627.46
241.2,x,1627.46
241.3,x,1627.46
241.4,x,1627.46
241.5,x,1607.84
241.6,x,1607.84
241.7,x,1607.84
241.8,x,1607.84
241.9,x,1607.84
242,x,1607.84
242.1,x,1627.46
242.2,x,1627.46
242.3,x,1607.84
242.4,x,1607.84
242.5,x,1607.84
242.6,x,1627.46
242.7,x,1627.46
242.8,x,1627.46
242.9,x,1607.84
243,x,1607.84
243.1,x,1607.84
243.2,x,1607.84
243.3,x,1607.84
243.4,x,1627.46
243.5,x,1627.46
243.6,x,1607.84
243.7,x,1627.46
243.8,x,1627.46
243.9,x,1627.46
244,x,1607.84
244.1,x,1627.46
244.2,x,1607.84
244.3,x,1607.84
244.4,x,1627.46
244.5,x,1627.46
244.6,x,1627.46
244.7,x,1627.46
244.8,x,1627.46
244.9,x,1627.46
245,x,1607.84
245.1,x,1627.46
245.2,x,1607.84
245.3,x,1627.46
245.4,x,1627.46
245.5,x,1607.84
245.6,x,1549.02
245.7,x,1372.54
245.8,x,1352.94
245.9,x,1352.94
246,x,1352.94
246.1,x,1352.94
246.2,x,1352.94
246.3,x,1352.94
246.4,x,1352.94
246.5,x,1352.94
246.6,x,1352.94
246.7,x,1352.94
246.8,x,1352.94
246.9,x,1352.94
247,x,1352.94
247.1,x,1352.94
247.2,x,1352.94
247.3,x,1352.94
247.4,x,1352.94
247.5,x,1352.94
247.6,x,1352.94
247.7,x,1352.94
247.8,x,1352.94
247.9,x,1352.94
248,x,1352.94
248.1,x,1352.94
248.2,x,1352.94
248.3,x,1352.94
248.4,x,1352.94
248.5,x,1352.94
248.6,x,1352.94
248.7,x,1352.94
248.8,x,1352.94
248.9,x,1352.94
249,x,1352.94
249.1,x,1352.94
249.2,x,1352.94
249.3,x,1352.94
249.4,x,1352.94
249.5,x,1352.94
249.6,x,1352.94
249.7,x,1352.94
249.8,x,1352.94
249.9,x,1352.94
250,x,1352.94
250.1,x,1352.94
250.2,x,1352.94
250.3,x,1352.94
250.4,x,1352.94
250.5,x,1352.94
250.6,x,1352.94
250.7,x,1352.94
250.8,x,1352.94
250.9,x,1352.94
251,x,1352.94
251.1,x,1352.94
251.2,x,1352.94
251.3,x,1352.94
251.4,x,1352.94
251.5,x,1352.94
251.6,x,1352.94
251.7,x,1352.94
251.8,x,1352.94
251.9,x,1333.34
252,x,1313.72
252.1,x,1313.72
252.2,x,1313.72
252.3,x,1313.72
252.4,x,1313.72
252.5,x,1313.72
252.6,x,1313.72
252.7,x,1313.72
252.8,x,1313.72
252.9,x,1313.72
253,x,1313.72
253.1,x,1313.72
253.2,x,1313.72
253.3,x,1313.72
253.4,x,1313.72
253.5,x,1313.72
253.6,x,1333.34
253.7,x,1333.34
253.8,x,1313.72
253.9,x,1313.72
254,x,1313.72
254.1,x,1313.72
254.2,x,1313.72
254.3,x,1313.72
254.4,x,1313.72
254.5,x,1313.72
254.6,x,1313.72
254.7,x,1313.72
254.8,x,1313.72
254.9,x,1313.72
255,x,1313.72
255.1,x,1313.72
255.2,x,1313.72
255.3,x,1313.72
255.4,x,1313.72
255.5,x,1313.72
255.6,x,1313.72
255.7,x,1313.72
255.8,x,1313.72
255.9,x,1313.72
256,x,1313.72
256.1,x,1313.72
256.2,x,1313.72
256.3,x,1313.72
256.4,x,1333.34
256.5,x,1333.34
256.6,x,1294.12
256.7,x,1313.72
256.8,x,1313.72
256.9,x,1313.72
257,x,1313.72
257.1,x,1313.72
257.2,x,1313.72
257.3,x,1313.72
257.4,x,1313.72
257.5,x,1313.72
257.6,x,1313.72
257.7,x,1313.72
257.8,x,1313.72
257.9,x,1313.72
258,x,1313.72
258.1,x,1313.72
258.2,x,1313.72
258.3,x,1313.72
258.4,x,1313.72
258.5,x,1333.34
258.6,x,1333.34
258.7,x,1333.34
258.8,x,1313.72
258.9,x,1313.72
259,x,1313.72
259.1,x,1313.72
259.2,x,1313.72
259.3,x,1313.72
259.4,x,1313.72
259.5,x,1313.72
259.6,x,1313.72
259.7,x,1313.72
259.8,x,1313.72
259.9,x,1313.72
260,x,1313.72
260.1,x,1313.72
260.2,x,1313.72
260.3,x,1313.72
260.4,x,1313.72
260.5,x,1313.72
260.6,x,1313.72
260.7,x,1313.72
260.8,x,1313.72
260.9,x,1313.72
261,x,1313.72
261.1,x,1313.72
261.2,x,1313.72
261.3,x,1313.72
261.4,x,1313.72
261.5,x,1313.72
261.6,x,1313.72
261.7,x,1313.72
261.8,x,1313.72
261.9,x,1313.72
262,x,1313.72
262.1,x,1313.72
262.2,x,1313.72
262.3,x,1313.72
262.4,x,1313.72
262.5,x,1313.72
262.6,x,1313.72
262.7,x,1313.72
262.8,x,1313.72
262.9,x,1333.34
263,x,1333.34
263.1,x,1333.34
263.2,x,1313.72
263.3,x,1294.12
263.4,x,1313.72
263.5,x,1313.72
263.6,x,1313.72
263.7,x,1313.72
263.8,x,1313.72
263.9,x,1313.72
264,x,1313.72
264.1,x,1313.72
264.2,x,1313.72
264.3,x,1313.72
264.4,x,1313.72
264.5,x,1313.72
264.6,x,1313.72
264.7,x,1313.72
264.8,x,1313.72
264.9,x,1313.72
265,x,1313.72
265.1,x,1313.72
265.2,x,1313.72
265.3,x,1313.72
265.4,x,1313.72
265.5,x,1137.26
265.6,x,1117.64
265.7,x,1117.64
265.8,x,1117.64
265.9,x,1117.64
266,x,1117.64
266.1,x,1117.64
266.2,x,1117.64
266.3,x,1117.64
266.4,x,1117.64
266.5,x,1117.64
266.6,x,1117.64
266.7,x,1117.64
266.8,x,1117.64
266.9,x,1117.64
267,x,1117.64
267.1,x,1117.64
267.2,x,1117.64
267.3,x,1117.64
267.4,x,1117.64
267.5,x,1117.64
267.6,x,1117.64
267.7,x,1117.64
267.8,x,1117.64
267.9,x,1117.64
268,x,1117.64
268.1,x,1117.64
268.2,x,1117.64
268.3,x,1117.64
268.4,x,1117.64
268.5,x,1117.64
268.6,x,1117.64
268.7,x,1117.64
268.8,x,1117.64
268.9,x,1117.64
269,x,1117.64
269.1,x,1117.64
269.2,x,1117.64
269.3,x,1117.64
269.4,x,1117.64
269.5,x,1117.64
269.6,x,1117.64
269.7,x,1117.64
269.8,x,1117.64
269.9,x,1117.64
270,x,1117.64
270.1,x,1117.64
270.2,x,1117.64
270.3,x,1117.64
270.4,x,1117.64
270.5,x,1117.64
270.6,x,1137.26
270.7,x,1215.68
270.8,x,1372.54
270.9,x,1372.54
271,x,1372.54
271.1,x,1372.54
271.2,x,1372.54
271.3,x,1372.54
271.4,x,1352.94
271.5,x,1333.34
271.6,x,1313.72
271.7,x,1294.12
271.8,x,1294.12
271.9,x,1294.12
272,x,1294.12
272.1,x,1294.12
272.2,x,1294.12
272.3,x,1294.12
272.4,x,1294.12
272.5,x,1294.12
272.6,x,1294.12
272.7,x,1294.12
272.8,x,1294.12
272.9,x,1294.12
273,x,1294.12
273.1,x,1294.12
273.2,x,1294.12
273.3,x,1274.5
273.4,x,1294.12
273.5,x,1294.12
273.6,x,1294.12
273.7,x,1294.12
273.8,x,1294.12
273.9,x,1294.12
274,x,1294.12
274.1,x,1294.12
274.2,x,1294.12
274.3,x,1294.12
274.4,x,1294.12
274.5,x,1294.12
274.6,x,1294.12
274.7,x,1294.12
274.8,x,1294.12
274.9,x,1294.12
275,x,1294.12
275.1,x,1294.12
275.2,x,1294.12
275.3,x,1294.12
275.4,x,1294.12
275.5,x,1294.12
275.6,x,1294.12
275.7,x,1294.12
275.8,x,1294.12
275.9,x,1294.12
276,x,1294.12
276.1,x,1294.12
276.2,x,1294.12
276.3,x,1294.12
276.4,x,1294.12
276.5,x,1294.12
276.6,x,1294.12
276.7,x,1294.12
276.8,x,1294.12
276.9,x,1294.12
277,x,1294.12
277.1,x,1294.12
277.2,x,1294.12
277.3,x,1294.12
277.4,x,1294.12
277.5,x,1294.12
277.6,x,1294.12
277.7,x,1294.12
277.8,x,1294.12
277.9,x,1294.12
278,x,1294.12
278.1,x,1294.12
278.2,x,1294.12
278.3,x,1294.12
278.4,x,1294.12
278.5,x,1294.12
278.6,x,1294.12
278.7,x,1294.12
278.8,x,1294.12
278.9,x,1294.12
279,x,1294.12
279.1,x,1294.12
279.2,x,1294.12
279.3,x,1294.12
279.4,x,1294.12
279.5,x,1294.12
279.6,x,1294.12
279.7,x,1294.12
279.8,x,1313.72
279.9,x,1313.72
280,x,1313.72
280.1,x,1313.72
280.2,x,1313.72
280.3,x,1313.72
280.4,x,1294.12
280.5,x,1294.12
280.6,x,1294.12
280.7,x,1294.12
280.8,x,1294.12
280.9,x,1294.12
281,x,1294.12
281.1,x,1294.12
281.2,x,1294.12
281.3,x,1294.12
281.4,x,1294.12
281.5,x,1294.12
281.6,x,1294.12
281.7,x,1294.12
281.8,x,1294.12
281.9,x,1294.12
282,x,1294.12
282.1,x,1294.12
282.2,x,1294.12
282.3,x,1294.12
282.4,x,1294.12
282.5,x,1294.12
282.6,x,1294.12
282.7,x,1294.12
282.8,x,1294.12
282.9,x,1294.12
283,x,1294.12
283.1,x,1294.12
283.2,x,1294.12
283.3,x,1294.12
283.4,x,1294.12
283.5,x,1294.12
283.6,x,1294.12
283.7,x,1294.12
283.8,x,1294.12
283.9,x,1294.12
284,x,1294.12
284.1,x,1294.12
284.2,x,1294.12
284.3,x,1294.12
284.4,x,1294.12
284.5,x,1294.12
284.6,x,1294.12
284.7,x,1294.12
284.8,x,1294.12
284.9,x,1294.12
285,x,1294.12
285.1,x,1294.12
285.2,x,1294.12
285.3,x,1294.12
285.4,x,1294.12
285.5,x,1294.12
285.6,x,1294.12
285.7,x,1294.12
285.8,x,1294.12
285.9,x,1294.12
286,x,1294.12
286.1,x,1294.12
286.2,x,1294.12
286.3,x,1294.12
286.4,x,1294.12
286.5,x,1294.12
286.6,x,1294.12
286.7,x,1274.5
286.8,x,1294.12
286.9,x,1294.12
287,x,1294.12
287.1,x,1294.12
287.2,x,1294.12
287.3,x,1294.12
287.4,x,1294.12
287.5,x,1294.12
287.6,x,1294.12
287.7,x,1294.12
287.8,x,1294.12
287.9,x,1294.12
288,x,1294.12
288.1,x,1294.12
288.2,x,1294.12
288.3,x,1274.5
288.4,x,1294.12
288.5,x,1294.12
288.6,x,1294.12
288.7,x,1294.12
288.8,x,1294.12
288.9,x,1294.12
289,x,1294.12
289.1,x,1294.12
289.2,x,1294.12
289.3,x,1294.12
289.4,x,1294.12
289.5,x,1294.12
289.6,x,1294.12
289.7,x,1294.12
289.8,x,1294.12
289.9,x,1294.12
290,x,1294.12
290.1,x,1294.12
290.2,x,1294.12
290.3,x,1294.12
290.4,x,1294.12
290.5,x,1294.12
290.6,x,1294.12
290.7,x,1294.12
290.8,x,1294.12
290.9,x,1294.12
291,x,1294.12
291.1,x,1294.12
291.2,x,1294.12
291.3,x,1294.12
291.4,x,1294.12
291.5,x,1294.12
291.6,x,1294.12
291.7,x,1294.12
291.8,x,1294.12
291.9,x,1294.12
292,x,1294.12
292.1,x,1294.12
292.2,x,1294.12
292.3,x,1294.12
292.4,x,1294.12
292.5,x,1294.12
292.6,x,1294.12
292.7,x,1294.12
292.8,x,1294.12
292.9,x,1294.12
293,x,1294.12
293.1,x,1294.12
293.2,x,1274.5
293.3,x,1294.12
293.4,x,1294.12
293.5,x,1294.12
293.6,x,1294.12
293.7,x,1294.12
293.8,x,1294.12
293.9,x,1294.12
294,x,1294.12
294.1,x,1294.12
294.2,x,1294.12
294.3,x,1294.12
294.4,x,1294.12
294.5,x,1294.12
294.6,x,1294.12
294.7,x,1294.12
294.8,x,1294.12
294.9,x,1294.12
295,x,1294.12
295.1,x,1294.12
295.2,x,1294.12
295.3,x,1294.12
295.4,x,1294.12
295.5,x,1294.12
295.6,x,1294.12
295.7,x,1294.12
295.8,x,1294.12
295.9,x,1294.12
296,x,1294.12
296.1,x,1274.5
296.2,x,1294.12
296.3,x,1294.12
296.4,x,1274.5
296.5,x,1294.12
296.6,x,1294.12
296.7,x,1294.12
296.8,x,1274.5
296.9,x,1274.5
297,x,1294.12
297.1,x,1294.12
297.2,x,1294.12
297.3,x,1294.12
297.4,x,1294.12
297.5,x,1294.12
297.6,x,1294.12
297.7,x,1294.12
297.8,x,1294.12
297.9,x,1294.12
298,x,1294.12
298.1,x,1294.12
298.2,x,1294.12
298.3,x,1294.12
298.4,x,1294.12
298.5,x,1294.12
298.6,x,1294.12
298.7,x,1294.12
298.8,x,1294.12
298.9,x,1294.12
299,x,1294.12
299.1,x,1294.12
299.2,x,1294.12
299.3,x,1294.12
299.4,x,1294.12
299.5,x,1294.12
299.6,x,1294.12
299.7,x,1294.12
299.8,x,1294.12
299.9,x,1294.12
300,x,1294.12
300.1,x,1294.12
300.2,x,1294.12
300.3,x,1294.12
300.4,x,1274.5
300.5,x,1294.12
300.6,x,1294.12
300.7,x,1294.12
300.8,x,1294.12
300.9,x,1294.12
301,x,1294.12
301.1,x,1294.12
301.2,x,1294.12
301.3,x,1294.12
301.4,x,1294.12
301.5,x,1294.12
301.6,x,1294.12
301.7,x,1294.12
301.8,x,1294.12
301.9,x,1294.12
302,x,1294.12
302.1,x,1294.12
302.2,x,1294.12
302.3,x,1294.12
302.4,x,1294.12
302.5,x,1294.12
302.6,x,1294.12
302.7,x,1294.12
302.8,x,1294.12
302.9,x,1294.12
303,x,1294.12
303.1,x,1294.12
303.2,x,1294.12
303.3,x,1294.12
303.4,x,1294.12
303.5,x,1294.12
303.6,x,1294.12
303.7,x,1294.12
303.8,x,1294.12
303.9,x,1294.12
304,x,1294.12
304.1,x,1294.12
304.2,x,1294.12
304.3,x,1294.12
304.4,x,1274.5
304.5,x,1294.12
304.6,x,1294.12
304.7,x,1294.12
304.8,x,1294.12
304.9,x,1294.12
305,x,1294.12
305.1,x,1294.12
305.2,x,1294.12
305.3,x,1294.12
305.4,x,1294.12
305.5,x,1294.12
305.6,x,1294.12
305.7,x,1294.12
305.8,x,1294.12
305.9,x,1294.12
306,x,1294.12
306.1,x,1294.12
306.2,x,1294.12
306.3,x,1294.12
306.4,x,1294.12
306.5,x,1294.12
306.6,x,1294.12
306.7,x,1294.12
306.8,x,1294.12
306.9,x,1294.12
307,x,1294.12
307.1,x,1294.12
307.2,x,1294.12
307.3,x,1294.12
307.4,x,1294.12
307.5,x,1294.12
307.6,x,1294.12
307.7,x,1294.12
307.8,x,1294.12
307.9,x,1294.12
308,x,1274.5
308.1,x,1294.12
308.2,x,1294.12
308.3,x,1294.12
308.4,x,1294.12
308.5,x,1294.12
308.6,x,1294.12
308.7,x,1294.12
308.8,x,1294.12
308.9,x,1294.12
309,x,1294.12
309.1,x,1294.12
309.2,x,1294.12
309.3,x,1294.12
309.4,x,1294.12
309.5,x,1294.12
309.6,x,1294.12
309.7,x,1294.12
309.8,x,1294.12
309.9,x,1294.12
310,x,1294.12
310.1,x,1294.12
310.2,x,1294.12
310.3,x,1294.12
310.4,x,1294.12
310.5,x,1294.12
310.6,x,1294.12
310.7,x,1294.12
310.8,x,1294.12
310.9,x,1294.12
311,x,1294.12
311.1,x,1294.12
311.2,x,1294.12
311.3,x,1294.12
311.4,x,1294.12
311.5,x,1294.12
311.6,x,1294.12
311.7,x,1294.12
311.8,x,1294.12
311.9,x,1294.12
312,x,1294.12
312.1,x,1294.12
312.2,x,1274.5
312.3,x,1294.12
312.4,x,1294.12
312.5,x,1294.12
312.6,x,1294.12
312.7,x,1294.12
312.8,x,1294.12
312.9,x,1294.12
313,x,1294.12
313.1,x,1294.12
313.2,x,1294.12
313.3,x,1294.12
313.4,x,1294.12
313.5,x,1294.12
313.6,x,1294.12
313.7,x,1294.12
313.8,x,1294.12
313.9,x,1294.12
314,x,1294.12
314.1,x,1294.12
314.2,x,1294.12
314.3,x,1294.12
314.4,x,1294.12
314.5,x,1294.12
314.6,x,1294.12
314.7,x,1294.12
314.8,x,1294.12
314.9,x,1294.12
315,x,1294.12
315.1,x,1294.12
315.2,x,1294.12
315.3,x,1294.12
315.4,x,1294.12
315.5,x,1294.12
315.6,x,1294.12
315.7,x,1294.12
315.8,x,1294.12
315.9,x,1294.12
316,x,1294.12
316.1,x,1294.12
316.2,x,1294.12
316.3,x,1294.12
316.4,x,1294.12
316.5,x,1294.12
316.6,x,1294.12
316.7,x,1294.12
316.8,x,1294.12
316.9,x,1294.12
317,x,1294.12
317.1,x,1294.12
317.2,x,1294.12
317.3,x,1294.12
317.4,x,1294.12
317.5,x,1294.12
317.6,x,1294.12
317.7,x,1294.12
317.8,x,1294.12
317.9,x,1294.12
318,x,1294.12
318.1,x,1294.12
318.2,x,1294.12
318.3,x,1294.12
318.4,x,1294.12
318.5,x,1294.12
318.6,x,1294.12
318.7,x,1294.12
318.8,x,1274.5
318.9,x,1294.12
319,x,1294.12
319.1,x,1294.12
319.2,x,1294.12
319.3,x,1294.12
319.4,x,1294.12
319.5,x,1294.12
319.6,x,1294.12
319.7,x,1294.12
319.8,x,1294.12
319.9,x,1294.12
320,x,1294.12
320.1,x,1294.12
320.2,x,1294.12
320.3,x,1294.12
320.4,x,1294.12
320.5,x,1294.12
320.6,x,1294.12
320.7,x,1294.12
320.8,x,1294.12
320.9,x,1294.12
321,x,1294.12
321.1,x,1294.12
321.2,x,1294.12
321.3,x,1294.12
321.4,x,1294.12
321.5,x,1294.12
321.6,x,1294.12
321.7,x,1294.12
321.8,x,1294.12
321.9,x,1294.12
322,x,1294.12
322.1,x,1294.12
322.2,x,1294.12
322.3,x,1294.12
322.4,x,1294.12
322.5,x,1294.12
322.6,x,1294.12
322.7,x,1294.12
322.8,x,1294.12
322.9,x,1294.12
323,x,1294.12
323.1,x,1294.12
323.2,x,1294.12
323.3,x,1294.12
323.4,x,1294.12
323.5,x,1294.12
323.6,x,1294.12
323.7,x,1294.12
323.8,x,1294.12
323.9,x,1294.12
324,x,1294.12
324.1,x,1294.12
324.2,x,1294.12
324.3,x,1294.12
324.4,x,1294.12
324.5,x,1294.12
324.6,x,1294.12
324.7,x,1294.12
324.8,x,1294.12
324.9,x,1294.12
325,x,1294.12
325.1,x,1294.12
325.2,x,1294.12
325.3,x,1294.12
325.4,x,1294.12
325.5,x,1294.12
325.6,x,1294.12
325.7,x,1294.12
325.8,x,1294.12
325.9,x,1294.12
326,x,1294.12
326.1,x,1294.12
326.2,x,1294.12
326.3,x,1294.12
326.4,x,1294.12
326.5,x,1294.12
326.6,x,1294.12
326.7,x,1294.12
326.8,x,1294.12
326.9,x,1294.12
327,x,1294.12
327.1,x,1294.12
327.2,x,1294.12
327.3,x,1294.12
327.4,x,1294.12
327.5,x,1294.12
327.6,x,1294.12
327.7,x,1294.12
327.8,x,1294.12
327.9,x,1294.12
328,x,1294.12
328.1,x,1294.12
328.2,x,1294.12
328.3,x,1294.12
328.4,x,1294.12
328.5,x,1294.12
328.6,x,1294.12
328.7,x,1294.12
328.8,x,1294.12
328.9,x,1294.12
329,x,1294.12
329.1,x,1294.12
329.2,x,1294.12
329.3,x,1294.12
329.4,x,1294.12
329.5,x,1294.12
329.6,x,1294.12
329.7,x,1294.12
329.8,x,1294.12
329.9,x,1294.12
330,x,1294.12
330.1,x,1294.12
330.2,x,1294.12
330.3,x,1294.12
330.4,x,1294.12
330.5,x,1294.12
330.6,x,1294.12
330.7,x,1294.12
330.8,x,1294.12
330.9,x,1294.12
331,x,1294.12
331.1,x,1294.12
331.2,x,1294.12
331.3,x,1294.12
331.4,x,1294.12
331.5,x,1294.12
331.6,x,1294.12
331.7,x,1294.12
331.8,x,1294.12
331.9,x,1294.12
332,x,1294.12
332.1,x,1294.12
332.2,x,1294.12
332.3,x,1294.12
332.4,x,1294.12
332.5,x,1294.12
332.6,x,1294.12
332.7,x,1294.12
332.8,x,1294.12
332.9,x,1294.12
333,x,1294.12
333.1,x,1294.12
333.2,x,1294.12
333.3,x,1294.12
333.4,x,1294.12
333.5,x,1294.12
333.6,x,1294.12
333.7,x,1294.12
333.8,x,1294.12
333.9,x,1294.12
334,x,1294.12
334.1,x,1294.12
334.2,x,1294.12
334.3,x,1294.12
334.4,x,1294.12
334.5,x,1294.12
334.6,x,1294.12
334.7,x,1294.12
334.8,x,1294.12
334.9,x,1294.12
335,x,1294.12
335.1,x,1294.12
335.2,x,1294.12
335.3,x,1294.12
335.4,x,1294.12
335.5,x,1313.72
335.6,x,1313.72
335.7,x,1313.72
335.8,x,1294.12
335.9,x,1294.12
336,x,1294.12
336.1,x,1294.12
336.2,x,1294.12
336.3,x,1294.12
336.4,x,1294.12
336.5,x,1294.12
336.6,x,1294.12
336.7,x,1294.12
336.8,x,1294.12
336.9,x,1294.12
337,x,1294.12
337.1,x,1294.12
337.2,x,1294.12
337.3,x,1294.12
337.4,x,1294.12
337.5,x,1294.12
337.6,x,1294.12
337.7,x,1294.12
337.8,x,1294.12
337.9,x,1294.12
338,x,1294.12
338.1,x,1294.12
338.2,x,1294.12
338.3,x,1294.12
338.4,x,1294.12
338.5,x,1294.12
338.6,x,1294.12
338.7,x,1294.12
338.8,x,1294.12
338.9,x,1294.12
339,x,1294.12
339.1,x,1294.12
339.2,x,1294.12
339.3,x,1294.12
339.4,x,1294.12
339.5,x,1294.12
339.6,x,1294.12
339.7,x,1294.12
339.8,x,1294.12
339.9,x,1294.12
340,x,1294.12
340.1,x,1294.12
340.2,x,1294.12
340.3,x,1294.12
340.4,x,1294.12
340.5,x,1294.12
340.6,x,1294.12
340.7,x,1294.12
340.8,x,1294.12
340.9,x,1294.12
341,x,1294.12
341.1,x,1294.12
341.2,x,1294.12
341.3,x,1294.12
341.4,x,1294.12
341.5,x,1294.12
341.6,x,1294.12
341.7,x,1294.12
341.8,x,1294.12
341.9,x,1294.12
342,x,1294.12
342.1,x,1294.12
342.2,x,1294.12
342.3,x,1294.12
342.4,x,1294.12
342.5,x,1294.12
342.6,x,1294.12
342.7,x,1294.12
342.8,x,1294.12
342.9,x,1294.12
343,x,1294.12
343.1,x,1294.12
343.2,x,1294.12
343.3,x,1294.12
343.4,x,1294.12
343.5,x,1294.12
343.6,x,1294.12
343.7,x,1294.12
343.8,x,1294.12
343.9,x,1294.12
344,x,1294.12
344.1,x,1294.12
344.2,x,1294.12
344.3,x,1294.12
344.4,x,1294.12
344.5,x,1294.12
344.6,x,1294.12
344.7,x,1294.12
344.8,x,1294.12
344.9,x,1294.12
345,x,1294.12
345.1,x,1294.12
345.2,x,1294.12
345.3,x,1294.12
345.4,x,1294.12
345.5,x,1294.12
345.6,x,1294.12
345.7,x,1294.12
345.8,x,1294.12
345.9,x,1294.12
346,x,1294.12
346.1,x,1294.12
346.2,x,1294.12
346.3,x,1294.12
346.4,x,1294.12
346.5,x,1294.12
346.6,x,1294.12
346.7,x,1294.12
346.8,x,1294.12
346.9,x,1294.12
347,x,1294.12
347.1,x,1294.12
347.2,x,1294.12
347.3,x,1294.12
347.4,x,1294.12
347.5,x,1294.12
347.6,x,1294.12
347.7,x,1294.12
347.8,x,1294.12
347.9,x,1294.12
348,x,1294.12
348.1,x,1294.12
348.2,x,1294.12
348.3,x,1294.12
348.4,x,1294.12
348.5,x,1294.12
348.6,x,1294.12
348.7,x,1294.12
348.8,x,1294.12
348.9,x,1294.12
349,x,1294.12
349.1,x,1294.12
349.2,x,1294.12
349.3,x,1294.12
349.4,x,1294.12
349.5,x,1294.12
349.6,x,1294.12
349.7,x,1294.12
349.8,x,1294.12
349.9,x,1294.12
350,x,1294.12
350.1,x,1294.12
350.2,x,1294.12
350.3,x,1294.12
350.4,x,1294.12
350.5,x,1294.12
350.6,x,1294.12
350.7,x,1294.12
350.8,x,1294.12
350.9,x,1294.12
351,x,1294.12
351.1,x,1294.12
351.2,x,1294.12
351.3,x,1294.12
351.4,x,1294.12
351.5,x,1294.12
351.6,x,1294.12
351.7,x,1294.12
351.8,x,1294.12
351.9,x,1294.12
352,x,1294.12
352.1,x,1294.12
352.2,x,1294.12
352.3,x,1294.12
352.4,x,1294.12
352.5,x,1294.12
352.6,x,1294.12
352.7,x,1294.12
352.8,x,1294.12
352.9,x,1294.12
353,x,1294.12
353.1,x,1294.12
353.2,x,1294.12
353.3,x,1294.12
353.4,x,1294.12
353.5,x,1294.12
353.6,x,1294.12
353.7,x,1294.12
353.8,x,1294.12
353.9,x,1294.12
354,x,1294.12
354.1,x,1294.12
354.2,x,1294.12
354.3,x,1294.12
354.4,x,1294.12
354.5,x,1294.12
354.6,x,1294.12
354.7,x,1294.12
354.8,x,1294.12
354.9,x,1294.12
355,x,1313.72
355.1,x,1313.72
355.2,x,1294.12
355.3,x,1294.12
355.4,x,1294.12
355.5,x,1294.12
355.6,x,1294.12
355.7,x,1294.12
355.8,x,1294.12
355.9,x,1294.12
356,x,1294.12
356.1,x,1313.72
356.2,x,1313.72
356.3,x,1313.72
356.4,x,1313.72
356.5,x,1294.12
356.6,x,1294.12
356.7,x,1294.12
356.8,x,1294.12
356.9,x,1294.12
357,x,1294.12
357.1,x,1294.12
357.2,x,1294.12
357.3,x,1294.12
357.4,x,1294.12
357.5,x,1294.12
357.6,x,1294.12
357.7,x,1294.12
357.8,x,1294.12
357.9,x,1294.12
358,x,1294.12
358.1,x,1294.12
358.2,x,1294.12
358.3,x,1294.12
358.4,x,1294.12
358.5,x,1294.12
358.6,x,1294.12
358.7,x,1294.12
358.8,x,1294.12
358.9,x,1294.12
359,x,1294.12
359.1,x,1294.12
359.2,x,1294.12
359.3,x,1294.12
359.4,x,1294.12
359.5,x,1294.12
359.6,x,1294.12
359.7,x,1294.12
359.8,x,1294.12
359.9,x,1294.12
360,x,1294.12
360.1,x,1294.12
360.2,x,1294.12
360.3,x,1294.12
360.4,x,1294.12
360.5,x,1294.12
360.6,x,1294.12
360.7,x,1294.12
360.8,x,1294.12
360.9,x,1294.12
361,x,1294.12
361.1,x,1294.12
361.2,x,1294.12
361.3,x,1294.12
361.4,x,1294.12
361.5,x,1294.12
361.6,x,1294.12
361.7,x,1294.12
361.8,x,1294.12
361.9,x,1294.12
362,x,1294.12
362.1,x,1294.12
362.2,x,1294.12
362.3,x,1294.12
362.4,x,1294.12
362.5,x,1294.12
362.6,x,1294.12
362.7,x,1274.5
362.8,x,1294.12
362.9,x,1294.12
363,x,1294.12
363.1,x,1294.12
363.2,x,1294.12
363.3,x,1294.12
363.4,x,1294.12
363.5,x,1294.12
363.6,x,1294.12
363.7,x,1294.12
363.8,x,1294.12
363.9,x,1294.12
364,x,1294.12
364.1,x,1294.12
364.2,x,1294.12
364.3,x,1294.12
364.4,x,1294.12
364.5,x,1294.12
364.6,x,1294.12
364.7,x,1294.12
364.8,x,1294.12
364.9,x,1294.12
365,x,1294.12
365.1,x,1294.12
365.2,x,1294.12
365.3,x,1294.12
365.4,x,1294.12
365.5,x,1294.12
365.6,x,1294.12
365.7,x,1294.12
365.8,x,1294.12
365.9,x,1294.12
366,x,1294.12
366.1,x,1294.12
366.2,x,1294.12
366.3,x,1294.12
366.4,x,1294.12
366.5,x,1294.12
366.6,x,1294.12
366.7,x,1294.12
366.8,x,1294.12
366.9,x,1294.12
367,x,1294.12
367.1,x,1294.12
367.2,x,1294.12
367.3,x,1294.12
367.4,x,1294.12
367.5,x,1294.12
367.6,x,1294.12
367.7,x,1294.12
367.8,x,1294.12
367.9,x,1294.12
368,x,1294.12
368.1,x,1294.12
368.2,x,1294.12
368.3,x,1294.12
368.4,x,1294.12
368.5,x,1294.12
368.6,x,1294.12
368.7,x,1294.12
368.8,x,1294.12
368.9,x,1294.12
369,x,1294.12
369.1,x,1294.12
369.2,x,1294.12
369.3,x,1294.12
369.4,x,1294.12
369.5,x,1294.12
369.6,x,1294.12
369.7,x,1294.12
369.8,x,1274.5
369.9,x,1294.12
370,x,1294.12
370.1,x,1294.12
370.2,x,1294.12
370.3,x,1294.12
370.4,x,1294.12
370.5,x,1294.12
370.6,x,1294.12
370.7,x,1294.12
370.8,x,1294.12
370.9,x,1294.12
371,x,1294.12
371.1,x,1294.12
371.2,x,1294.12
371.3,x,1294.12
371.4,x,1294.12
371.5,x,1294.12
371.6,x,1294.12
371.7,x,1294.12
371.8,x,1294.12
371.9,x,1294.12
372,x,1294.12
372.1,x,1294.12
372.2,x,1294.12
372.3,x,1294.12
372.4,x,1294.12
372.5,x,1294.12
372.6,x,1294.12
372.7,x,1294.12
372.8,x,1294.12
372.9,x,1294.12
373,x,1294.12
373.1,x,1294.12
373.2,x,1294.12
373.3,x,1294.12
373.4,x,1294.12
373.5,x,1294.12
373.6,x,1294.12
373.7,x,1294.12
373.8,x,1294.12
373.9,x,1294.12
374,x,1294.12
374.1,x,1294.12
374.2,x,1294.12
374.3,x,1313.72
374.4,x,1313.72
374.5,x,1313.72
374.6,x,1313.72
374.7,x,1294.12
374.8,x,1294.12
374.9,x,1294.12
375,x,1294.12
375.1,x,1294.12
375.2,x,1294.12
375.3,x,1294.12
375.4,x,1294.12
375.5,x,1294.12
375.6,x,1294.12
375.7,x,1294.12
375.8,x,1294.12
375.9,x,1294.12
376,x,1294.12
376.1,x,1294.12
376.2,x,1294.12
376.3,x,1294.12
376.4,x,1294.12
376.5,x,1294.12
376.6,x,1294.12
376.7,x,1294.12
376.8,x,1294.12
376.9,x,1294.12
377,x,1274.5
377.1,x,1294.12
377.2,x,1294.12
377.3,x,1294.12
377.4,x,1294.12
377.5,x,1294.12
377.6,x,1294.12
377.7,x,1294.12
377.8,x,1294.12
377.9,x,1294.12
378,x,1294.12
378.1,x,1294.12
378.2,x,1294.12
378.3,x,1294.12
378.4,x,1294.12
378.5,x,1294.12
378.6,x,1294.12
378.7,x,1294.12
378.8,x,1294.12
378.9,x,1294.12
379,x,1294.12
379.1,x,1294.12
379.2,x,1294.12
379.3,x,1294.12
379.4,x,1294.12
379.5,x,1294.12
379.6,x,1294.12
379.7,x,1294.12
379.8,x,1294.12
379.9,x,1294.12
380,x,1294.12
380.1,x,1294.12
380.2,x,1294.12
380.3,x,1294.12
380.4,x,1294.12
380.5,x,1294.12
380.6,x,1294.12
380.7,x,1294.12
380.8,x,1294.12
380.9,x,1294.12
381,x,1294.12
381.1,x,1294.12
381.2,x,1294.12
381.3,x,1294.12
381.4,x,1294.12
381.5,x,1294.12
381.6,x,1294.12
381.7,x,1294.12
381.8,x,1294.12
381.9,x,1294.12
382,x,1294.12
382.1,x,1294.12
382.2,x,1294.12
382.3,x,1294.12
382.4,x,1294.12
382.5,x,1294.12
382.6,x,1294.12
382.7,x,1294.12
382.8,x,1294.12
382.9,x,1294.12
383,x,1294.12
383.1,x,1294.12
383.2,x,1294.12
383.3,x,1294.12
383.4,x,1294.12
383.5,x,1294.12
383.6,x,1294.12
383.7,x,1294.12
383.8,x,1294.12
383.9,x,1294.12
384,x,1294.12
384.1,x,1294.12
384.2,x,1294.12
384.3,x,1294.12
384.4,x,1294.12
384.5,x,1294.12
384.6,x,1294.12
384.7,x,1294.12
384.8,x,1294.12
384.9,x,1294.12
385,x,1274.5
385.1,x,1215.68
385.2,x,1137.26
385.3,x,1137.26
385.4,x,1137.26
385.5,x,1137.26
385.6,x,1137.26
385.7,x,1137.26
385.8,x,1137.26
385.9,x,1137.26
386,x,1137.26
386.1,x,1137.26
386.2,x,1137.26
386.3,x,1137.26
386.4,x,1137.26
386.5,x,1137.26
386.6,x,1137.26
386.7,x,1137.26
386.8,x,1137.26
386.9,x,1137.26
387,x,1137.26
387.1,x,1137.26
387.2,x,1137.26
387.3,x,1137.26
387.4,x,1137.26
387.5,x,1137.26
387.6,x,1137.26
387.7,x,1137.26
387.8,x,1137.26
387.9,x,1137.26
388,x,1137.26
388.1,x,1137.26
388.2,x,1137.26
388.3,x,1137.26
388.4,x,1137.26
388.5,x,1137.26
388.6,x,1137.26
388.7,x,1137.26
388.8,x,1137.26
388.9,x,1137.26
389,x,1137.26
389.1,x,1137.26
389.2,x,1137.26
389.3,x,1137.26
389.4,x,1137.26
389.5,x,1137.26
389.6,x,1137.26
389.7,x,1137.26
389.8,x,1137.26
389.9,x,1137.26
390,x,1137.26
390.1,x,1156.86
390.2,x,1137.26
390.3,x,1137.26
390.4,x,1137.26
390.5,x,1137.26
390.6,x,1137.26
390.7,x,1137.26
390.8,x,1137.26
390.9,x,1137.26
391,x,1137.26
391.1,x,1137.26
391.2,x,1137.26
391.3,x,1156.86
391.4,x,1137.26
391.5,x,1137.26
391.6,x,1137.26
391.7,x,1137.26
391.8,x,1137.26
391.9,x,1137.26
392,x,1137.26
392.1,x,1137.26
392.2,x,1137.26
392.3,x,1137.26
392.4,x,1137.26
392.5,x,1137.26
392.6,x,1137.26
392.7,x,1137.26
392.8,x,1137.26
392.9,x,1137.26
393,x,1137.26
393.1,x,1137.26
393.2,x,1137.26
393.3,x,1137.26
393.4,x,1137.26
393.5,x,1137.26
393.6,x,1137.26
393.7,x,1137.26
393.8,x,1137.26
393.9,x,1137.26
394,x,1137.26
394.1,x,1137.26
394.2,x,1137.26
394.3,x,1137.26
394.4,x,1137.26
394.5,x,1137.26
394.6,x,1137.26
394.7,x,1137.26
394.8,x,1137.26
394.9,x,1156.86
395,x,1137.26
395.1,x,1137.26
395.2,x,1137.26
395.3,x,1137.26
395.4,x,1137.26
395.5,x,1137.26
395.6,x,1137.26
395.7,x,1137.26
395.8,x,1137.26
395.9,x,1137.26
396,x,1137.26
396.1,x,1137.26
396.2,x,1137.26
396.3,x,1137.26
396.4,x,1137.26
396.5,x,1137.26
396.6,x,1137.26
396.7,x,1137.26
396.8,x,1137.26
396.9,x,1137.26
397,x,1137.26
397.1,x,1137.26
397.2,x,1137.26
397.3,x,1137.26
397.4,x,1137.26
397.5,x,1137.26
397.6,x,1137.26
397.7,x,1137.26
397.8,x,1137.26
397.9,x,1137.26
398,x,1137.26
398.1,x,1137.26
398.2,x,1156.86
398.3,x,1137.26
398.4,x,1137.26
398.5,x,1137.26
398.6,x,1137.26
398.7,x,1137.26
398.8,x,1137.26
398.9,x,1137.26
399,x,1137.26
399.1,x,1137.26
399.2,x,1137.26
399.3,x,1137.26
399.4,x,1137.26
399.5,x,1137.26
399.6,x,1137.26
399.7,x,1137.26
399.8,x,1137.26
399.9,x,1137.26
400,x,1137.26
400.1,x,1137.26
400.2,x,1137.26
400.3,x,1137.26
400.4,x,1137.26
400.5,x,1137.26
400.6,x,1137.26
400.7,x,1137.26
400.8,x,1137.26
400.9,x,1137.26
401,x,1137.26
401.1,x,1137.26
401.2,x,1137.26
401.3,x,1137.26
401.4,x,1137.26
401.5,x,1137.26
401.6,x,1137.26
401.7,x,1137.26
401.8,x,1137.26
401.9,x,1137.26
402,x,1137.26
402.1,x,1137.26
402.2,x,1137.26
402.3,x,1137.26
402.4,x,1137.26
402.5,x,1137.26
402.6,x,1137.26
402.7,x,1137.26
402.8,x,1137.26
402.9,x,1137.26
403,x,1137.26
403.1,x,1137.26
403.2,x,1137.26
403.3,x,1137.26
403.4,x,1137.26
403.5,x,1137.26
403.6,x,1137.26
403.7,x,1137.26
403.8,x,1137.26
403.9,x,1137.26
404,x,1137.26
404.1,x,1137.26
404.2,x,1176.48
404.3,x,1196.08
404.4,x,1254.9
404.5,x,1352.94
404.6,x,1352.94
404.7,x,1352.94
404.8,x,1352.94
404.9,x,1352.94
405,x,1352.94
405.1,x,1352.94
405.2,x,1352.94
405.3,x,1352.94
405.4,x,1352.94
405.5,x,1352.94
405.6,x,1352.94
405.7,x,1352.94
405.8,x,1352.94
405.9,x,1352.94
406,x,1352.94
406.1,x,1352.94
406.2,x,1352.94
406.3,x,1352.94
406.4,x,1352.94
406.5,x,1352.94
406.6,x,1352.94
406.7,x,1352.94
406.8,x,1352.94
406.9,x,1352.94
407,x,1352.94
407.1,x,1352.94
407.2,x,1352.94
407.3,x,1352.94
407.4,x,1352.94
407.5,x,1352.94
407.6,x,1352.94
407.7,x,1352.94
407.8,x,1352.94
407.9,x,1352.94
408,x,1352.94
408.1,x,1352.94
408.2,x,1352.94
408.3,x,1352.94
408.4,x,1352.94
408.5,x,1352.94
408.6,x,1352.94
408.7,x,1352.94
408.8,x,1352.94
408.9,x,1352.94
409,x,1352.94
409.1,x,1352.94
409.2,x,1352.94
409.3,x,1352.94
409.4,x,1352.94
409.5,x,1352.94
409.6,x,1352.94
409.7,x,1352.94
409.8,x,1352.94
409.9,x,1352.94
410,x,1352.94
410.1,x,1352.94
410.2,x,1352.94
410.3,x,1352.94
410.4,x,1352.94
410.5,x,1352.94
410.6,x,1352.94
410.7,x,1352.94
410.8,x,1352.94
410.9,x,1352.94
411,x,1352.94
411.1,x,1352.94
411.2,x,1352.94
411.3,x,1352.94
411.4,x,1352.94
411.5,x,1352.94
411.6,x,1352.94
411.7,x,1352.94
411.8,x,1352.94
411.9,x,1352.94
412,x,1352.94
412.1,x,1352.94
412.2,x,1352.94
412.3,x,1352.94
412.4,x,1352.94
412.5,x,1352.94
412.6,x,1352.94
412.7,x,1352.94
412.8,x,1352.94
412.9,x,1352.94
413,x,1352.94
413.1,x,1352.94
413.2,x,1352.94
413.3,x,1352.94
413.4,x,1352.94
413.5,x,1352.94
413.6,x,1352.94
413.7,x,1352.94
413.8,x,1352.94
413.9,x,1352.94
414,x,1352.94
414.1,x,1352.94
414.2,x,1352.94
414.3,x,1352.94
414.4,x,1352.94
414.5,x,1352.94
414.6,x,1352.94
414.7,x,1352.94
414.8,x,1352.94
414.9,x,1352.94
415,x,1352.94
415.1,x,1352.94
415.2,x,1352.94
415.3,x,1352.94
415.4,x,1352.94
415.5,x,1352.94
415.6,x,1352.94
415.7,x,1352.94
415.8,x,1352.94
415.9,x,1352.94
416,x,1352.94
416.1,x,1352.94
416.2,x,1352.94
416.3,x,1352.94
416.4,x,1352.94
416.5,x,1352.94
416.6,x,1352.94
416.7,x,1352.94
416.8,x,1352.94
416.9,x,1352.94
417,x,1352.94
417.1,x,1352.94
417.2,x,1352.94
417.3,x,1352.94
417.4,x,1352.94
417.5,x,1352.94
417.6,x,1352.94
417.7,x,1352.94
417.8,x,1352.94
417.9,x,1352.94
418,x,1352.94
418.1,x,1352.94
418.2,x,1352.94
418.3,x,1352.94
418.4,x,1352.94
418.5,x,1352.94
418.6,x,1352.94
418.7,x,1352.94
418.8,x,1352.94
418.9,x,1352.94
419,x,1352.94
419.1,x,1352.94
419.2,x,1352.94
419.3,x,1352.94
419.4,x,1352.94
419.5,x,1352.94
419.6,x,1352.94
419.7,x,1352.94
419.8,x,1352.94
419.9,x,1352.94
420,x,1352.94
420.1,x,1352.94
420.2,x,1352.94
420.3,x,1352.94
420.4,x,1352.94
420.5,x,1352.94
420.6,x,1352.94
420.7,x,1352.94
420.8,x,1352.94
420.9,x,1352.94
421,x,1352.94
421.1,x,1352.94
421.2,x,1352.94
421.3,x,1352.94
421.4,x,1352.94
421.5,x,1352.94
421.6,x,1352.94
421.7,x,1352.94
421.8,x,1352.94
421.9,x,1352.94
422,x,1352.94
422.1,x,1352.94
422.2,x,1352.94
422.3,x,1352.94
422.4,x,1352.94
422.5,x,1352.94
422.6,x,1352.94
422.7,x,1352.94
422.8,x,1352.94
422.9,x,1352.94
423,x,1352.94
423.1,x,1352.94
423.2,x,1352.94
423.3,x,1352.94
423.4,x,1352.94
423.5,x,1352.94
423.6,x,1352.94
423.7,x,1352.94
423.8,x,1352.94
423.9,x,1333.34
424,x,1333.34
424.1,x,1333.34
424.2,x,1352.94
424.3,x,1352.94
424.4,x,1352.94
424.5,x,1352.94
424.6,x,1352.94
424.7,x,1352.94
424.8,x,1352.94
424.9,x,1352.94
425,x,1352.94
425.1,x,1352.94
425.2,x,1352.94
425.3,x,1352.94
425.4,x,1352.94
425.5,x,1352.94
425.6,x,1352.94
425.7,x,1352.94
425.8,x,1352.94
425.9,x,1352.94
426,x,1352.94
426.1,x,1352.94
426.2,x,1352.94
426.3,x,1352.94
426.4,x,1352.94
426.5,x,1352.94
426.6,x,1352.94
426.7,x,1352.94
426.8,x,1352.94
426.9,x,1352.94
427,x,1352.94
427.1,x,1352.94
427.2,x,1352.94
427.3,x,1352.94
427.4,x,1352.94
427.5,x,1352.94
427.6,x,1352.94
427.7,x,1352.94
427.8,x,1352.94
427.9,x,1352.94
428,x,1352.94
428.1,x,1352.94
428.2,x,1352.94
428.3,x,1352.94
428.4,x,1352.94
428.5,x,1352.94
428.6,x,1352.94
428.7,x,1352.94
428.8,x,1352.94
428.9,x,1352.94
429,x,1352.94
429.1,x,1352.94
429.2,x,1352.94
429.3,x,1352.94
429.4,x,1352.94
429.5,x,1352.94
429.6,x,1352.94
429.7,x,1352.94
429.8,x,1352.94
429.9,x,1352.94
430,x,1352.94
430.1,x,1352.94
430.2,x,1352.94
430.3,x,1352.94
430.4,x,1352.94
430.5,x,1352.94
430.6,x,1352.94
430.7,x,1352.94
430.8,x,1352.94
430.9,x,1352.94
431,x,1352.94
431.1,x,1352.94
431.2,x,1352.94
431.3,x,1352.94
431.4,x,1352.94
431.5,x,1352.94
431.6,x,1352.94
431.7,x,1352.94
431.8,x,1352.94
431.9,x,1352.94
432,x,1352.94
432.1,x,1352.94
432.2,x,1352.94
432.3,x,1352.94
432.4,x,1352.94
432.5,x,1352.94
432.6,x,1352.94
432.7,x,1352.94
432.8,x,1352.94
432.9,x,1352.94
433,x,1352.94
433.1,x,1352.94
433.2,x,1352.94
433.3,x,1352.94
433.4,x,1352.94
433.5,x,1352.94
433.6,x,1352.94
433.7,x,1352.94
433.8,x,1352.94
433.9,x,1352.94
434,x,1352.94
434.1,x,1352.94
434.2,x,1352.94
434.3,x,1352.94
434.4,x,1352.94
434.5,x,1352.94
434.6,x,1352.94
434.7,x,1352.94
434.8,x,1352.94
434.9,x,1352.94
435,x,1352.94
435.1,x,1352.94
435.2,x,1352.94
435.3,x,1352.94
435.4,x,1352.94
435.5,x,1352.94
435.6,x,1352.94
435.7,x,1352.94
435.8,x,1352.94
435.9,x,1352.94
436,x,1352.94
436.1,x,1352.94
436.2,x,1352.94
436.3,x,1352.94
436.4,x,1352.94
436.5,x,1352.94
436.6,x,1352.94
436.7,x,1352.94
436.8,x,1352.94
436.9,x,1352.94
437,x,1352.94
437.1,x,1352.94
437.2,x,1352.94
437.3,x,1352.94
437.4,x,1352.94
437.5,x,1352.94
437.6,x,1352.94
437.7,x,1352.94
437.8,x,1352.94
437.9,x,1352.94
438,x,1352.94
438.1,x,1352.94
438.2,x,1352.94
438.3,x,1352.94
438.4,x,1352.94
438.5,x,1352.94
438.6,x,1352.94
438.7,x,1352.94
438.8,x,1352.94
438.9,x,1352.94
439,x,1352.94
439.1,x,1352.94
439.2,x,1352.94
439.3,x,1352.94
439.4,x,1352.94
439.5,x,1352.94
439.6,x,1352.94
439.7,x,1352.94
439.8,x,1352.94
439.9,x,1352.94
440,x,1352.94
440.1,x,1352.94
440.2,x,1352.94
440.3,x,1352.94
440.4,x,1352.94
440.5,x,1333.34
440.6,x,1333.34
440.7,x,1333.34
440.8,x,1333.34
440.9,x,1333.34
441,x,1333.34
441.1,x,1333.34
441.2,x,1333.34
441.3,x,1352.94
441.4,x,1352.94
441.5,x,1352.94
441.6,x,1352.94
441.7,x,1352.94
441.8,x,1352.94
441.9,x,1352.94
442,x,1352.94
442.1,x,1352.94
442.2,x,1352.94
442.3,x,1352.94
442.4,x,1352.94
442.5,x,1352.94
442.6,x,1352.94
442.7,x,1352.94
442.8,x,1352.94
442.9,x,1352.94
443,x,1352.94
443.1,x,1352.94
443.2,x,1352.94
443.3,x,1352.94
443.4,x,1352.94
443.5,x,1352.94
443.6,x,1352.94
443.7,x,1352.94
443.8,x,1352.94
443.9,x,1352.94
444,x,1352.94
444.1,x,1352.94
444.2,x,1352.94
444.3,x,1352.94
444.4,x,1352.94
444.5,x,1352.94
444.6,x,1352.94
444.7,x,1352.94
444.8,x,1352.94
444.9,x,1352.94
445,x,1352.94
445.1,x,1352.94
445.2,x,1352.94
445.3,x,1352.94
445.4,x,1352.94
445.5,x,1352.94
445.6,x,1352.94
445.7,x,1352.94
445.8,x,1352.94
445.9,x,1352.94
446,x,1352.94
446.1,x,1352.94
446.2,x,1352.94
446.3,x,1352.94
446.4,x,1352.94
446.5,x,1352.94
446.6,x,1352.94
446.7,x,1352.94
446.8,x,1352.94
446.9,x,1352.94
447,x,1352.94
447.1,x,1352.94
447.2,x,1352.94
447.3,x,1352.94
447.4,x,1352.94
447.5,x,1352.94
447.6,x,1352.94
447.7,x,1352.94
447.8,x,1352.94
447.9,x,1352.94
448,x,1352.94
448.1,x,1352.94
448.2,x,1352.94
448.3,x,1352.94
448.4,x,1352.94
448.5,x,1352.94
448.6,x,1352.94
448.7,x,1352.94
448.8,x,1352.94
448.9,x,1352.94
449,x,1352.94
449.1,x,1352.94
449.2,x,1352.94
449.3,x,1352.94
449.4,x,1352.94
449.5,x,1352.94
449.6,x,1352.94
449.7,x,1352.94
449.8,x,1352.94
449.9,x,1352.94
450,x,1352.94
450.1,x,1352.94
450.2,x,1352.94
450.3,x,1352.94
450.4,x,1352.94
450.5,x,1352.94
450.6,x,1352.94
450.7,x,1352.94
450.8,x,1352.94
450.9,x,1352.94
451,x,1352.94
451.1,x,1352.94
451.2,x,1352.94
451.3,x,1352.94
451.4,x,1352.94
451.5,x,1352.94
451.6,x,1352.94
451.7,x,1352.94
451.8,x,1352.94
451.9,x,1352.94
452,x,1352.94
452.1,x,1352.94
452.2,x,1352.94
452.3,x,1352.94
452.4,x,1352.94
452.5,x,1352.94
452.6,x,1352.94
452.7,x,1352.94
452.8,x,1352.94
452.9,x,1352.94
453,x,1352.94
453.1,x,1352.94
453.2,x,1352.94
453.3,x,1352.94
453.4,x,1352.94
453.5,x,1352.94
453.6,x,1352.94
453.7,x,1352.94
453.8,x,1352.94
453.9,x,1352.94
454,x,1352.94
454.1,x,1352.94
454.2,x,1352.94
454.3,x,1352.94
454.4,x,1352.94
454.5,x,1352.94
454.6,x,1352.94
454.7,x,1352.94
454.8,x,1352.94
454.9,x,1352.94
455,x,1352.94
455.1,x,1352.94
455.2,x,1352.94
455.3,x,1352.94
455.4,x,1352.94
455.5,x,1352.94
455.6,x,1352.94
455.7,x,1352.94
455.8,x,1352.94
455.9,x,1352.94
456,x,1352.94
456.1,x,1352.94
456.2,x,1352.94
456.3,x,1352.94
456.4,x,1352.94
456.5,x,1352.94
456.6,x,1352.94
456.7,x,1352.94
456.8,x,1352.94
456.9,x,1352.94
457,x,1352.94
457.1,x,1352.94
457.2,x,1352.94
457.3,x,1352.94
457.4,x,1352.94
457.5,x,1352.94
457.6,x,1352.94
457.7,x,1352.94
457.8,x,1352.94
457.9,x,1352.94
458,x,1352.94
458.1,x,1352.94
458.2,x,1352.94
458.3,x,1352.94
458.4,x,1352.94
458.5,x,1352.94
458.6,x,1352.94
458.7,x,1352.94
458.8,x,1352.94
458.9,x,1352.94
459,x,1352.94
459.1,x,1352.94
459.2,x,1333.34
459.3,x,1333.34
459.4,x,1352.94
459.5,x,1352.94
459.6,x,1352.94
459.7,x,1352.94
459.8,x,1352.94
459.9,x,1352.94
460,x,1352.94
460.1,x,1352.94
460.2,x,1352.94
460.3,x,1352.94
460.4,x,1333.34
460.5,x,1352.94
460.6,x,1352.94
460.7,x,1352.94
460.8,x,1333.34
460.9,x,1352.94
461,x,1352.94
461.1,x,1352.94
461.2,x,1352.94
461.3,x,1333.34
461.4,x,1333.34
461.5,x,1333.34
461.6,x,1333.34
461.7,x,1333.34
461.8,x,1333.34
461.9,x,1333.34
462,x,1352.94
462.1,x,1352.94
462.2,x,1352.94
462.3,x,1333.34
462.4,x,1352.94
462.5,x,1352.94
462.6,x,1352.94
462.7,x,1333.34
462.8,x,1333.34
462.9,x,1333.34
463,x,1333.34
463.1,x,1352.94
463.2,x,1352.94
463.3,x,1333.34
463.4,x,1333.34
463.5,x,1333.34
463.6,x,1333.34
463.7,x,1352.94
463.8,x,1352.94
463.9,x,1333.34
464,x,1352.94
464.1,x,1333.34
464.2,x,1333.34
464.3,x,1333.34
464.4,x,1352.94
464.5,x,1352.94
464.6,x,1352.94
464.7,x,1352.94
464.8,x,1352.94
464.9,x,1333.34
465,x,1352.94
465.1,x,1352.94
465.2,x,1352.94
465.3,x,1352.94
465.4,x,1352.94
465.5,x,1352.94
465.6,x,1352.94
465.7,x,1352.94
465.8,x,1352.94
465.9,x,1352.94
466,x,1352.94
466.1,x,1352.94
466.2,x,1352.94
466.3,x,1352.94
466.4,x,1352.94
466.5,x,1352.94
466.6,x,1352.94
466.7,x,1333.34
466.8,x,1333.34
466.9,x,1352.94
467,x,1352.94
467.1,x,1352.94
467.2,x,1352.94
467.3,x,1333.34
467.4,x,1333.34
467.5,x,1352.94
467.6,x,1352.94
467.7,x,1352.94
467.8,x,1333.34
467.9,x,1352.94
468,x,1333.34
468.1,x,1333.34
468.2,x,1352.94
468.3,x,1352.94
468.4,x,1333.34
468.5,x,1352.94
468.6,x,1352.94
468.7,x,1333.34
468.8,x,1333.34
468.9,x,1352.94
469,x,1352.94
469.1,x,1352.94
469.2,x,1352.94
469.3,x,1352.94
469.4,x,1352.94
469.5,x,1352.94
469.6,x,1352.94
469.7,x,1352.94
469.8,x,1352.94
469.9,x,1352.94
470,x,1352.94
470.1,x,1352.94
470.2,x,1352.94
470.3,x,1352.94
470.4,x,1333.34
470.5,x,1313.72
470.6,x,1313.72
470.7,x,1235.3
470.8,x,1117.64
470.9,x,1117.64
471,x,1117.64
471.1,x,1117.64
471.2,x,1117.64
471.3,x,1117.64
471.4,x,0
471.5,x,0
471.6,x,0
471.7,x,0
471.8,x,0
471.9,x,0
472,x,0
472.1,x,0
472.2,x,0
472.3,x,0
472.4,x,0
472.5,x,0
472.6,x,0
472.7,x,0
472.8,x,0
472.9,x,0
473,x,0
473.1,x,0
473.2,x,0
473.3,x,0
473.4,x,0
473.5,x,0
473.6,x,0
473.7,x,0
473.8,x,0
473.9,x,0
474,x,0
474.1,x,0
474.2,x,0
474.3,x,0
474.4,x,0
474.5,x,0
474.6,x,0
474.7,x,0
474.8,x,0
474.9,x,0
475,x,0
475.1,x,0
475.2,x,0
475.3,x,0
475.4,x,0
475.5,x,0
475.6,x,0
475.7,x,0
475.8,x,0
475.9,x,0
476,x,0
476.1,x,0
476.2,x,0
476.3,x,0
476.4,x,0
476.5,x,0
476.6,x,0
476.7,x,0
476.8,x,0
476.9,x,0
477,x,0
477.1,x,0
477.2,x,0
477.3,x,0
477.4,x,0
477.5,x,0
477.6,x,0
477.7,x,0
477.8,x,0
477.9,x,0
478,x,0
478.1,x,0
478.2,x,0
478.3,x,0
478.4,x,0
478.5,x,0
478.6,x,0
478.7,x,0
478.8,x,0
478.9,x,0
479,x,0
479.1,x,0
479.2,x,0
479.3,x,0
479.4,x,0
479.5,x,0
479.6,x,0
479.7,x,0
479.8,x,0
479.9,x,0
480,x,0
480.1,x,0
480.2,x,0
480.3,x,0
480.4,x,0
480.5,x,0
480.6,x,0
480.7,x,0
480.8,x,0
480.9,x,0
481,x,0
481.1,x,0
481.2,x,0
481.3,x,0
481.4,x,0
481.5,x,0
481.6,x,0
481.7,x,0
481.8,x,0
481.9,x,0
482,x,0
482.1,x,0
482.2,x,0
482.3,x,0
482.4,x,0
482.5,x,0
482.6,x,0
482.7,x,0
482.8,x,0
482.9,x,0
483,x,0
483.1,x,0
483.2,x,0
483.3,x,0
483.4,x,0
483.5,x,0
483.6,x,0
483.7,x,0
483.8,x,0
483.9,x,0
484,x,0
484.1,x,0
484.2,x,0
484.3,x,0
484.4,x,0
484.5,x,0
484.6,x,0
484.7,x,0
484.8,x,0
484.9,x,0
485,x,0
485.1,x,0
485.2,x,0
485.3,x,0
485.4,x,0
485.5,x,0
485.6,x,0
485.7,x,0
485.8,x,0
485.9,x,0
486,x,0
486.1,x,0
486.2,x,0
486.3,x,0
486.4,x,0
486.5,x,0
486.6,x,0
486.7,x,0
486.8,x,0
486.9,x,0
487,x,0
487.1,x,0
487.2,x,0
487.3,x,0
487.4,x,0
487.5,x,0
487.6,x,0
487.7,x,0
487.8,x,0
487.9,x,0
488,x,0
488.1,x,0
488.2,x,0
488.3,x,0
488.4,x,0
488.5,x,0
488.6,x,0
488.7,x,0
488.8,x,0
488.9,x,0
489,x,0
489.1,x,0
489.2,x,0
489.3,x,0
489.4,x,0
489.5,x,0
489.6,x,0
489.7,x,0
489.8,x,0
489.9,x,0
490,x,0
490.1,x,0
490.2,x,0
490.3,x,0
490.4,x,0
490.5,x,0
490.6,x,0
490.7,x,0
490.8,x,0
490.9,x,0
491,x,0
491.1,x,0
491.2,x,0
491.3,x,0
491.4,x,0
491.5,x,0
491.6,x,0
491.7,x,0
491.8,x,0
491.9,x,0
492,x,0
492.1,x,0
492.2,x,0
492.3,x,0
492.4,x,0
492.5,x,0
492.6,x,0
492.7,x,0
492.8,x,0
492.9,x,0
493,x,0
493.1,x,0
493.2,x,0
493.3,x,0
493.4,x,0
493.5,x,0
493.6,x,0
493.7,x,0
493.8,x,0
493.9,x,0
494,x,0
494.1,x,0
494.2,x,0
494.3,x,0
494.4,x,0
494.5,x,0
494.6,x,0
494.7,x,0
494.8,x,0
494.9,x,0
495,x,0
495.1,x,0
495.2,x,0
495.3,x,0
495.4,x,0
495.5,x,0
495.6,x,0
495.7,x,0
495.8,x,0
495.9,x,0
496,x,0
496.1,x,0
496.2,x,0
496.3,x,0
496.4,x,0
496.5,x,0
496.6,x,0
496.7,x,0
496.8,x,0
496.9,x,0
497,x,0
497.1,x,0
497.2,x,0
497.3,x,0
497.4,x,0
497.5,x,0
497.6,x,0
497.7,x,0
497.8,x,0
497.9,x,0
498,x,0
498.1,x,0
498.2,x,0
498.3,x,0
498.4,x,0
498.5,x,0
498.6,x,0
498.7,x,0
498.8,x,0
498.9,x,0
499,x,0
499.1,x,0
499.2,x,0
499.3,x,0
499.4,x,0
499.5,x,0
499.6,x,0
499.7,x,0
499.8,x,0
499.9,x,0
500,x,0
500.1,x,0
500.2,x,0
500.3,x,0
500.4,x,39.22
500.5,x,58.82
500.6,x,98.04
500.7,x,137.26
500.8,x,176.48
500.9,x,215.68
501,x,235.3
501.1,x,274.5
501.2,x,313.72
501.3,x,392.16
501.4,x,431.38
501.5,x,450.98
501.6,x,470.58
501.7,x,509.8
501.8,x,529.42
501.9,x,568.62
502,x,588.24
502.1,x,627.46
502.2,x,686.28
502.3,x,705.88
502.4,x,745.1
502.5,x,764.7
502.6,x,862.74
502.7,x,901.96
502.8,x,921.56
502.9,x,941.18
503,x,960.78
503.1,x,960.78
503.2,x,980.4
503.3,x,1000
503.4,x,1000
503.5,x,1000
503.6,x,1000
503.7,x,1019.6
503.8,x,1039.22
503.9,x,1039.22
504,x,1039.22
504.1,x,1058.82
504.2,x,1058.82
504.3,x,1058.82
504.4,x,1058.82
504.5,x,1058.82
504.6,x,1058.82
504.7,x,1058.82
504.8,x,1058.82
504.9,x,1039.22
505,x,1039.22
505.1,x,1019.6
505.2,x,1019.6
505.3,x,1000
505.4,x,980.4
505.5,x,980.4
505.6,x,980.4
505.7,x,960.78
505.8,x,960.78
505.9,x,960.78
506,x,960.78
506.1,x,941.18
506.2,x,921.56
506.3,x,901.96
506.4,x,882.36
506.5,x,862.74
506.6,x,862.74
506.7,x,843.14
506.8,x,823.52
506.9,x,823.52
507,x,803.92
507.1,x,784.32
507.2,x,784.32
507.3,x,784.32
507.4,x,784.32
507.5,x,784.32
507.6,x,745.1
507.7,x,725.5
507.8,x,725.5
507.9,x,725.5
508,x,745.1
508.1,x,764.7
508.2,x,764.7
508.3,x,764.7
508.4,x,764.7
508.5,x,764.7
508.6,x,764.7
508.7,x,764.7
508.8,x,764.7
508.9,x,764.7
509,x,725.5
509.1,x,686.28
509.2,x,666.66
509.3,x,666.66
509.4,x,666.66
509.5,x,725.5
509.6,x,745.1
509.7,x,745.1
509.8,x,745.1
509.9,x,745.1
510,x,725.5
510.1,x,705.88
510.2,x,686.28
510.3,x,666.66
510.4,x,666.66
510.5,x,666.66
510.6,x,666.66
510.7,x,666.66
510.8,x,666.66
510.9,x,705.88
511,x,745.1
511.1,x,764.7
511.2,x,784.32
511.3,x,784.32
511.4,x,803.92
511.5,x,803.92
511.6,x,803.92
511.7,x,823.52
511.8,x,823.52
511.9,x,823.52
512,x,843.14
512.1,x,862.74
512.2,x,882.36
512.3,x,882.36
512.4,x,901.96
512.5,x,921.56
512.6,x,941.18
512.7,x,941.18
512.8,x,960.78
512.9,x,960.78
513,x,960.78
513.1,x,980.4
513.2,x,1000
513.3,x,1000
513.4,x,1000
513.5,x,1000
513.6,x,1000
513.7,x,1000
513.8,x,1000
513.9,x,1000
514,x,1000
514.1,x,1000
514.2,x,1000
514.3,x,1000
514.4,x,1019.6
514.5,x,1039.22
514.6,x,1058.82
514.7,x,1058.82
514.8,x,1058.82
514.9,x,1058.82
515,x,1058.82
515.1,x,1058.82
515.2,x,1058.82
515.3,x,1058.82
515.4,x,1058.82
515.5,x,1058.82
515.6,x,1058.82
515.7,x,1058.82
515.8,x,1058.82
515.9,x,1039.22
516,x,1039.22
516.1,x,1039.22
516.2,x,1019.6
516.3,x,1019.6
516.4,x,1019.6
516.5,x,1019.6
516.6,x,1019.6
516.7,x,1019.6
516.8,x,1000
516.9,x,1000
517,x,1000
517.1,x,1000
517.2,x,1000
517.3,x,1000
517.4,x,1000
517.5,x,1000
517.6,x,1000
517.7,x,1000
517.8,x,1000
517.9,x,1000
518,x,941.18
518.1,x,901.96
518.2,x,882.36
518.3,x,882.36
518.4,x,901.96
518.5,x,921.56
518.6,x,921.56
518.7,x,921.56
518.8,x,921.56
518.9,x,901.96
519,x,882.36
519.1,x,882.36
519.2,x,882.36
519.3,x,882.36
519.4,x,882.36
519.5,x,882.36
519.6,x,882.36
519.7,x,882.36
519.8,x,882.36
519.9,x,901.96
520,x,901.96
520.1,x,921.56
520.2,x,941.18
520.3,x,941.18
520.4,x,960.78
520.5,x,960.78
520.6,x,980.4
520.7,x,980.4
520.8,x,1000
520.9,x,1000
521,x,1019.6
521.1,x,1019.6
521.2,x,1019.6
521.3,x,1019.6
521.4,x,1019.6
521.5,x,1039.22
521.6,x,1039.22
521.7,x,1039.22
521.8,x,1058.82
521.9,x,1058.82
522,x,1058.82
522.1,x,1058.82
522.2,x,1039.22
522.3,x,1039.22
522.4,x,1039.22
522.5,x,1039.22
522.6,x,1039.22
522.7,x,1039.22
522.8,x,1058.82
522.9,x,1058.82
523,x,1078.44
523.1,x,1117.64
523.2,x,1117.64
523.3,x,1117.64
523.4,x,1117.64
523.5,x,1117.64
523.6,x,1137.26
523.7,x,1137.26
523.8,x,1117.64
523.9,x,1098.04
524,x,1078.44
524.1,x,1078.44
524.2,x,1058.82
524.3,x,1058.82
524.4,x,1058.82
524.5,x,1058.82
524.6,x,1078.44
524.7,x,1117.64
524.8,x,1137.26
524.9,x,1176.48
525,x,1176.48
525.1,x,1176.48
525.2,x,1176.48
525.3,x,1176.48
525.4,x,1156.86
525.5,x,1156.86
525.6,x,1156.86
525.7,x,1156.86
525.8,x,1156.86
525.9,x,1156.86
526,x,1156.86
526.1,x,1137.26
526.2,x,1117.64
526.3,x,1117.64
526.4,x,1058.82
526.5,x,960.78
526.6,x,921.56
526.7,x,882.36
526.8,x,843.14
526.9,x,823.52
527,x,823.52
527.1,x,764.7
527.2,x,725.5
527.3,x,705.88
527.4,x,686.28
527.5,x,666.66
527.6,x,647.06
527.7,x,607.84
527.8,x,568.62
527.9,x,529.42
528,x,509.8
528.1,x,490.2
528.2,x,450.98
528.3,x,431.38
528.4,x,411.76
528.5,x,392.16
528.6,x,372.54
528.7,x,372.54
528.8,x,333.34
528.9,x,294.12
529,x,274.5
529.1,x,235.3
529.2,x,156.86
529.3,x,98.04
529.4,x,78.44
529.5,x,39.22
529.6,x,0
529.7,x,0
529.8,x,0
529.9,x,0
530,x,0
530.1,x,0
530.2,x,0
530.3,x,0
530.4,x,0
530.5,x,0
530.6,x,0
530.7,x,0
530.8,x,0
530.9,x,0
531,x,0
531.1,x,0
531.2,x,0
531.3,x,0
531.4,x,0
531.5,x,0
531.6,x,0
531.7,x,0
531.8,x,0
531.9,x,0
532,x,0
532.1,x,0
532.2,x,0
532.3,x,0
532.4,x,0
532.5,x,0
532.6,x,0
532.7,x,0
532.8,x,0
532.9,x,0
533,x,0
533.1,x,0
533.2,x,0
533.3,x,0
533.4,x,0
533.5,x,0
533.6,x,0
533.7,x,0
533.8,x,0
533.9,x,0
534,x,0
534.1,x,0
534.2,x,0
534.3,x,0
534.4,x,0
534.5,x,0
534.6,x,0
534.7,x,0
534.8,x,0
534.9,x,0
535,x,0
535.1,x,0
535.2,x,0
535.3,x,0
535.4,x,0
535.5,x,0
535.6,x,0
535.7,x,0
535.8,x,0
535.9,x,0
536,x,0
536.1,x,0
536.2,x,0
536.3,x,0
536.4,x,0
536.5,x,0
536.6,x,0
536.7,x,0
536.8,x,0
536.9,x,0
537,x,0
537.1,x,0
537.2,x,0
537.3,x,0
537.4,x,0
537.5,x,0
537.6,x,0
537.7,x,0
537.8,x,0
537.9,x,0
538,x,0
538.1,x,0
538.2,x,0
538.3,x,0
538.4,x,0
538.5,x,0
538.6,x,0
538.7,x,0
538.8,x,0
538.9,x,0
539,x,0
539.1,x,0
539.2,x,0
539.3,x,0
539.4,x,0
539.5,x,0
539.6,x,0
539.7,x,0
539.8,x,0
539.9,x,0
540,x,0
540.1,x,0
540.2,x,0
540.3,x,0
540.4,x,0
540.5,x,0
540.6,x,0
540.7,x,2000
540.8,x,2000
540.9,x,2000
541,x,2000
541.1,x,2000
541.2,x,2000
541.3,x,2000
541.4,x,2000
541.5,x,2000
541.6,x,2000
541.7,x,2000
541.8,x,2000
541.9,x,2000
542,x,2000
542.1,x,2000
542.2,x,2000
542.3,x,2000
542.4,x,2000
542.5,x,2000
542.6,x,2000
542.7,x,2000
542.8,x,2000
542.9,x,2000
543,x,2000
543.1,x,2000
543.2,x,2000
543.3,x,2000
543.4,x,2000
543.5,x,2000
543.6,x,2000
543.7,x,2000
543.8,x,2000
543.9,x,2000
544,x,2000
544.1,x,2000
544.2,x,2000
544.3,x,2000
544.4,x,2000
544.5,x,2000
544.6,x,2000
544.7,x,2000
544.8,x,2000
544.9,x,2000
545,x,2000
545.1,x,0
545.2,x,0
545.3,x,0
545.4,x,0
545.5,x,0
545.6,x,0
545.7,x,0
545.8,x,0
545.9,x,0
546,x,0
546.1,x,0
546.2,x,0
546.3,x,0
546.4,x,0
546.5,x,0
546.6,x,0
546.7,x,0
546.8,x,0
546.9,x,0
547,x,0
547.1,x,0
547.2,x,0
547.3,x,0
547.4,x,39.22
547.5,x,78.44
547.6,x,156.86
547.7,x,274.5
547.8,x,313.72
547.9,x,372.54
548,x,411.76
548.1,x,470.58
548.2,x,568.62
548.3,x,627.46
548.4,x,686.28
548.5,x,745.1
548.6,x,784.32
548.7,x,823.52
548.8,x,862.74
548.9,x,921.56
549,x,960.78
549.1,x,1019.6
549.2,x,1078.44
549.3,x,1137.26
549.4,x,1176.48
549.5,x,1215.68
549.6,x,1254.9
549.7,x,1294.12
549.8,x,1333.34
549.9,x,1372.54
550,x,1392.16
550.1,x,1431.38
550.2,x,1450.98
550.3,x,1490.2
550.4,x,1509.8
550.5,x,1549.02
550.6,x,1568.62
550.7,x,1588.24
550.8,x,1588.24
550.9,x,1588.24
551,x,1607.84
551.1,x,1607.84
551.2,x,1627.46
551.3,x,1627.46
551.4,x,1627.46
551.5,x,1627.46
551.6,x,1627.46
551.7,x,1627.46
551.8,x,1627.46
551.9,x,1627.46
552,x,1627.46
552.1,x,1627.46
552.2,x,1607.84
552.3,x,1607.84
552.4,x,1607.84
552.5,x,1588.24
552.6,x,1588.24
552.7,x,1588.24
552.8,x,1568.62
552.9,x,1549.02
553,x,1529.42
553.1,x,1509.8
553.2,x,1470.58
553.3,x,1411.76
553.4,x,1372.54
553.5,x,1372.54
553.6,x,1372.54
553.7,x,1352.94
553.8,x,1333.34
553.9,x,1333.34
554,x,1333.34
554.1,x,1333.34
554.2,x,1333.34
554.3,x,1333.34
554.4,x,1313.72
554.5,x,1294.12
554.6,x,1294.12
554.7,x,1274.5
554.8,x,1274.5
554.9,x,1274.5
555,x,1274.5
555.1,x,1294.12
555.2,x,1294.12
555.3,x,1313.72
555.4,x,1313.72
555.5,x,1333.34
555.6,x,1333.34
555.7,x,1333.34
555.8,x,1313.72
555.9,x,1294.12
556,x,1274.5
556.1,x,1274.5
556.2,x,1235.3
556.3,x,1235.3
556.4,x,1235.3
556.5,x,1235.3
556.6,x,1254.9
556.7,x,1254.9
556.8,x,1254.9
556.9,x,1274.5
557,x,1274.5
557.1,x,1294.12
557.2,x,1294.12
557.3,x,1294.12
557.4,x,1294.12
557.5,x,1294.12
557.6,x,1294.12
557.7,x,1294.12
557.8,x,1274.5
557.9,x,1254.9
558,x,1254.9
558.1,x,1254.9
558.2,x,1274.5
558.3,x,1274.5
558.4,x,1294.12
558.5,x,1294.12
558.6,x,1294.12
558.7,x,1313.72
558.8,x,1313.72
558.9,x,1313.72
559,x,1313.72
559.1,x,1333.34
559.2,x,1333.34
559.3,x,1333.34
559.4,x,1352.94
559.5,x,1372.54
559.6,x,1372.54
559.7,x,1372.54
559.8,x,1372.54
559.9,x,1392.16
560,x,1392.16
560.1,x,1411.76
560.2,x,1411.76
560.3,x,1431.38
560.4,x,1431.38
560.5,x,1431.38
560.6,x,1411.76
560.7,x,1392.16
560.8,x,1372.54
560.9,x,1352.94
561,x,1352.94
561.1,x,1352.94
561.2,x,1333.34
561.3,x,1333.34
561.4,x,1333.34
561.5,x,1372.54
561.6,x,1392.16
561.7,x,1411.76
561.8,x,1411.76
561.9,x,1411.76
562,x,1411.76
562.1,x,1392.16
562.2,x,1372.54
562.3,x,1372.54
562.4,x,1352.94
562.5,x,1333.34
562.6,x,1313.72
562.7,x,1313.72
562.8,x,1313.72
562.9,x,1333.34
563,x,1333.34
563.1,x,1333.34
563.2,x,1352.94
563.3,x,1392.16
563.4,x,1392.16
563.5,x,1392.16
563.6,x,1392.16
563.7,x,1392.16
563.8,x,1392.16
563.9,x,1392.16
564,x,1392.16
564.1,x,1392.16
564.2,x,1392.16
564.3,x,1411.76
564.4,x,1431.38
564.5,x,1431.38
564.6,x,1431.38
564.7,x,1411.76
564.8,x,1392.16
564.9,x,1392.16
565,x,1392.16
565.1,x,1392.16
565.2,x,1392.16
565.3,x,1392.16
565.4,x,1392.16
565.5,x,1392.16
565.6,x,1392.16
565.7,x,1392.16
565.8,x,1392.16
565.9,x,1392.16
566,x,1392.16
566.1,x,1392.16
566.2,x,1431.38
566.3,x,1450.98
566.4,x,1450.98
566.5,x,1450.98
566.6,x,1450.98
566.7,x,1470.58
566.8,x,1470.58
566.9,x,1470.58
567,x,1470.58
567.1,x,1470.58
567.2,x,1470.58
567.3,x,1470.58
567.4,x,1490.2
567.5,x,1490.2
567.6,x,1509.8
567.7,x,1529.42
567.8,x,1529.42
567.9,x,1529.42
568,x,1529.42
568.1,x,1529.42
568.2,x,1529.42
568.3,x,1529.42
568.4,x,1490.2
568.5,x,1490.2
568.6,x,1490.2
568.7,x,1490.2
568.8,x,1490.2
568.9,x,1490.2
569,x,1509.8
569.1,x,1509.8
569.2,x,1509.8
569.3,x,1509.8
569.4,x,1529.42
569.5,x,1529.42
569.6,x,1529.42
569.7,x,1549.02
569.8,x,1568.62
569.9,x,1588.24
570,x,1588.24
570.1,x,1607.84
570.2,x,1627.46
570.3,x,1627.46
570.4,x,1647.06
570.5,x,1647.06
570.6,x,1647.06
570.7,x,1666.66
570.8,x,1666.66
570.9,x,1666.66
571,x,1666.66
571.1,x,1666.66
571.2,x,1666.66
571.3,x,1686.28
571.4,x,1686.28
571.5,x,1686.28
571.6,x,1686.28
571.7,x,1686.28
571.8,x,1686.28
571.9,x,1686.28
572,x,1686.28
572.1,x,1686.28
572.2,x,1686.28
572.3,x,1686.28
572.4,x,1686.28
572.5,x,1686.28
572.6,x,1686.28
572.7,x,1686.28
572.8,x,1666.66
572.9,x,1666.66
573,x,1647.06
573.1,x,1647.06
573.2,x,1627.46
573.3,x,1607.84
573.4,x,1607.84
573.5,x,1588.24
573.6,x,1588.24
573.7,x,1568.62
573.8,x,1549.02
573.9,x,1529.42
574,x,1529.42
574.1,x,1529.42
574.2,x,1509.8
574.3,x,1490.2
574.4,x,1490.2
574.5,x,1470.58
574.6,x,1470.58
574.7,x,1470.58
574.8,x,1450.98
574.9,x,1431.38
575,x,1431.38
575.1,x,1431.38
575.2,x,1431.38
575.3,x,1431.38
575.4,x,1431.38
575.5,x,1431.38
575.6,x,1431.38
575.7,x,1431.38
575.8,x,1431.38
575.9,x,1431.38
576,x,1431.38
576.1,x,1431.38
576.2,x,1411.76
576.3,x,1411.76
576.4,x,1411.76
576.5,x,1411.76
576.6,x,1392.16
576.7,x,1372.54
576.8,x,1352.94
576.9,x,1333.34
577,x,1333.34
577.1,x,1313.72
577.2,x,1313.72
577.3,x,1313.72
577.4,x,1313.72
577.5,x,1313.72
577.6,x,1313.72
577.7,x,1294.12
577.8,x,1294.12
577.9,x,1294.12
578,x,1313.72
578.1,x,1352.94
578.2,x,1352.94
578.3,x,1352.94
578.4,x,1352.94
578.5,x,1372.54
578.6,x,1392.16
578.7,x,1392.16
578.8,x,1392.16
578.9,x,1392.16
579,x,1392.16
579.1,x,1392.16
579.2,x,1392.16
579.3,x,1392.16
579.4,x,1392.16
579.5,x,1392.16
579.6,x,1411.76
579.7,x,1411.76
579.8,x,1431.38
579.9,x,1431.38
580,x,1411.76
580.1,x,1392.16
580.2,x,1392.16
580.3,x,1392.16
580.4,x,1411.76
580.5,x,1431.38
580.6,x,1431.38
580.7,x,1431.38
580.8,x,1431.38
580.9,x,1431.38
581,x,1431.38
581.1,x,1450.98
581.2,x,1470.58
581.3,x,1470.58
581.4,x,1470.58
581.5,x,1450.98
581.6,x,1450.98
581.7,x,1470.58
581.8,x,1490.2
581.9,x,1490.2
582,x,1490.2
582.1,x,1509.8
582.2,x,1509.8
582.3,x,1509.8
582.4,x,1509.8
582.5,x,1509.8
582.6,x,1529.42
582.7,x,1529.42
582.8,x,1549.02
582.9,x,1549.02
583,x,1568.62
583.1,x,1568.62
583.2,x,1568.62
583.3,x,1568.62
583.4,x,1549.02
583.5,x,1549.02
583.6,x,1549.02
583.7,x,1549.02
583.8,x,1529.42
583.9,x,1529.42
584,x,1529.42
584.1,x,1529.42
584.2,x,1529.42
584.3,x,1529.42
584.4,x,1529.42
584.5,x,1529.42
584.6,x,1529.42
584.7,x,1529.42
584.8,x,1529.42
584.9,x,1529.42
585,x,1529.42
585.1,x,1529.42
585.2,x,1549.02
585.3,x,1549.02
585.4,x,1549.02
585.5,x,1549.02
585.6,x,1529.42
585.7,x,1529.42
585.8,x,1529.42
585.9,x,1529.42
586,x,1529.42
586.1,x,1549.02
586.2,x,1549.02
586.3,x,1549.02
586.4,x,1549.02
586.5,x,1549.02
586.6,x,1529.42
586.7,x,1529.42
586.8,x,1529.42
586.9,x,1529.42
587,x,1529.42
587.1,x,1529.42
587.2,x,1529.42
587.3,x,1509.8
587.4,x,1509.8
587.5,x,1509.8
587.6,x,1490.2
587.7,x,1490.2
587.8,x,1490.2
587.9,x,1509.8
588,x,1509.8
588.1,x,1509.8
588.2,x,1509.8
588.3,x,1490.2
588.4,x,1490.2
588.5,x,1490.2
588.6,x,1490.2
588.7,x,1490.2
588.8,x,1490.2
588.9,x,1490.2
589,x,1490.2
589.1,x,1490.2
589.2,x,1490.2
589.3,x,1490.2
589.4,x,1470.58
589.5,x,1450.98
589.6,x,1431.38
589.7,x,1431.38
589.8,x,1431.38
589.9,x,1431.38
590,x,1431.38
590.1,x,1431.38
590.2,x,1411.76
590.3,x,1411.76
590.4,x,1411.76
590.5,x,1411.76
590.6,x,1431.38
590.7,x,1450.98
590.8,x,1450.98
590.9,x,1431.38
591,x,1431.38
591.1,x,1411.76
591.2,x,1392.16
591.3,x,1392.16
591.4,x,1392.16
591.5,x,1411.76
591.6,x,1411.76
591.7,x,1411.76
591.8,x,1411.76
591.9,x,1411.76
592,x,1392.16
592.1,x,1392.16
592.2,x,1392.16
592.3,x,1392.16
592.4,x,1392.16
592.5,x,1411.76
592.6,x,1411.76
592.7,x,1411.76
592.8,x,1411.76
592.9,x,1411.76
593,x,1411.76
593.1,x,1411.76
593.2,x,1411.76
593.3,x,1411.76
593.4,x,1431.38
593.5,x,1431.38
593.6,x,1450.98
593.7,x,1450.98
593.8,x,1450.98
593.9,x,1450.98
594,x,1450.98
594.1,x,1450.98
594.2,x,1450.98
594.3,x,1450.98
594.4,x,1450.98
594.5,x,1470.58
594.6,x,1470.58
594.7,x,1450.98
594.8,x,1431.38
594.9,x,1411.76
595,x,1411.76
595.1,x,1411.76
595.2,x,1411.76
595.3,x,1411.76
595.4,x,1411.76
595.5,x,1411.76
595.6,x,1411.76
595.7,x,1411.76
595.8,x,1431.38
595.9,x,1450.98
596,x,1450.98
596.1,x,1431.38
596.2,x,1372.54
596.3,x,1352.94
596.4,x,1313.72
596.5,x,1274.5
596.6,x,1235.3
596.7,x,1196.08
596.8,x,1176.48
596.9,x,1156.86
597,x,1156.86
597.1,x,1117.64
597.2,x,1078.44
597.3,x,1039.22
597.4,x,1019.6
597.5,x,1000
597.6,x,980.4
597.7,x,960.78
597.8,x,921.56
597.9,x,901.96
598,x,882.36
598.1,x,882.36
598.2,x,882.36
598.3,x,882.36
598.4,x,882.36
598.5,x,882.36
598.6,x,882.36
598.7,x,862.74
598.8,x,843.14
598.9,x,823.52
599,x,803.92
599.1,x,784.32
599.2,x,784.32
599.3,x,764.7
599.4,x,764.7
599.5,x,764.7
599.6,x,764.7
599.7,x,764.7
599.8,x,764.7
599.9,x,764.7
600,x,764.7
600.1,x,764.7
600.2,x,764.7
600.3,x,764.7
600.4,x,784.32
600.5,x,803.92
600.6,x,823.52
600.7,x,823.52
600.8,x,823.52
600.9,x,823.52
601,x,823.52
601.1,x,823.52
601.2,x,862.74
601.3,x,862.74
601.4,x,882.36
601.5,x,882.36
601.6,x,882.36
601.7,x,862.74
601.8,x,862.74
601.9,x,843.14
602,x,843.14
602.1,x,862.74
602.2,x,921.56
602.3,x,941.18
602.4,x,960.78
602.5,x,960.78
602.6,x,960.78
602.7,x,960.78
602.8,x,921.56
602.9,x,901.96
603,x,882.36
603.1,x,882.36
603.2,x,882.36
603.3,x,901.96
603.4,x,921.56
603.5,x,941.18
603.6,x,941.18
603.7,x,941.18
603.8,x,921.56
603.9,x,921.56
604,x,921.56
604.1,x,921.56
604.2,x,921.56
604.3,x,921.56
604.4,x,941.18
604.5,x,921.56
604.6,x,921.56
604.7,x,901.96
604.8,x,901.96
604.9,x,901.96
605,x,901.96
605.1,x,921.56
605.2,x,941.18
605.3,x,960.78
605.4,x,960.78
605.5,x,980.4
605.6,x,980.4
605.7,x,980.4
605.8,x,1000
605.9,x,1000
606,x,1000
606.1,x,1000
606.2,x,1019.6
606.3,x,1019.6
606.4,x,1019.6
606.5,x,1019.6
606.6,x,1019.6
606.7,x,1019.6
606.8,x,1019.6
606.9,x,1019.6
607,x,1019.6
607.1,x,1039.22
607.2,x,1058.82
607.3,x,1078.44
607.4,x,1098.04
607.5,x,1098.04
607.6,x,1098.04
607.7,x,1098.04
607.8,x,1098.04
607.9,x,1098.04
608,x,1098.04
608.1,x,1098.04
608.2,x,1098.04
608.3,x,1098.04
608.4,x,1098.04
608.5,x,1098.04
608.6,x,1098.04
608.7,x,1098.04
608.8,x,1117.64
608.9,x,1117.64
609,x,1137.26
609.1,x,1137.26
609.2,x,1137.26
609.3,x,1137.26
609.4,x,1137.26
609.5,x,1137.26
609.6,x,1137.26
609.7,x,1137.26
609.8,x,1137.26
609.9,x,1156.86
610,x,1176.48
610.1,x,1196.08
610.2,x,1196.08
610.3,x,1196.08
610.4,x,1196.08
610.5,x,1196.08
610.6,x,1196.08
610.7,x,1215.68
610.8,x,1235.3
610.9,x,1235.3
611,x,1254.9
611.1,x,1254.9
611.2,x,1254.9
611.3,x,1254.9
611.4,x,1274.5
611.5,x,1294.12
611.6,x,1313.72
611.7,x,1313.72
611.8,x,1313.72
611.9,x,1313.72
612,x,1313.72
612.1,x,1313.72
612.2,x,1313.72
612.3,x,1313.72
612.4,x,1313.72
612.5,x,1313.72
612.6,x,1294.12
612.7,x,1274.5
612.8,x,1274.5
612.9,x,1274.5
613,x,1274.5
613.1,x,1274.5
613.2,x,1274.5
613.3,x,1274.5
613.4,x,1294.12
613.5,x,1294.12
613.6,x,1294.12
613.7,x,1294.12
613.8,x,1313.72
613.9,x,1313.72
614,x,1313.72
614.1,x,1333.34
614.2,x,1333.34
614.3,x,1333.34
614.4,x,1333.34
614.5,x,1333.34
614.6,x,1333.34
614.7,x,1333.34
614.8,x,1333.34
614.9,x,1333.34
615,x,1333.34
615.1,x,1333.34
615.2,x,1333.34
615.3,x,1313.72
615.4,x,1313.72
615.5,x,1294.12
615.6,x,1294.12
615.7,x,1313.72
615.8,x,1333.34
615.9,x,1352.94
616,x,1372.54
616.1,x,1372.54
616.2,x,1372.54
616.3,x,1372.54
616.4,x,1372.54
616.5,x,1333.34
616.6,x,1333.34
616.7,x,1333.34
616.8,x,1333.34
616.9,x,1333.34
617,x,1313.72
617.1,x,1313.72
617.2,x,1313.72
617.3,x,1313.72
617.4,x,1333.34
617.5,x,1352.94
617.6,x,1352.94
617.7,x,1352.94
617.8,x,1352.94
617.9,x,1352.94
618,x,1352.94
618.1,x,1372.54
618.2,x,1392.16
618.3,x,1392.16
618.4,x,1392.16
618.5,x,1392.16
618.6,x,1372.54
618.7,x,1352.94
618.8,x,1352.94
618.9,x,1352.94
619,x,1333.34
619.1,x,1333.34
619.2,x,1333.34
619.3,x,1333.34
619.4,x,1333.34
619.5,x,1333.34
619.6,x,1313.72
619.7,x,1274.5
619.8,x,1274.5
619.9,x,1274.5
620,x,1254.9
620.1,x,1215.68
620.2,x,1196.08
620.3,x,1196.08
620.4,x,1196.08
620.5,x,1176.48
620.6,x,1176.48
620.7,x,1156.86
620.8,x,1137.26
620.9,x,1117.64
621,x,1117.64
621.1,x,1117.64
621.2,x,1098.04
621.3,x,1098.04
621.4,x,1078.44
621.5,x,1078.44
621.6,x,1058.82
621.7,x,1058.82
621.8,x,1058.82
621.9,x,1058.82
622,x,1039.22
622.1,x,1039.22
622.2,x,1000
622.3,x,980.4
622.4,x,960.78
622.5,x,941.18
622.6,x,941.18
622.7,x,941.18
622.8,x,921.56
622.9,x,901.96
623,x,882.36
623.1,x,862.74
623.2,x,862.74
623.3,x,843.14
623.4,x,823.52
623.5,x,784.32
623.6,x,764.7
623.7,x,764.7
623.8,x,764.7
623.9,x,764.7
624,x,764.7
624.1,x,764.7
624.2,x,764.7
624.3,x,784.32
624.4,x,803.92
624.5,x,823.52
624.6,x,843.14
624.7,x,862.74
624.8,x,862.74
624.9,x,862.74
625,x,882.36
625.1,x,882.36
625.2,x,901.96
625.3,x,901.96
625.4,x,921.56
625.5,x,941.18
625.6,x,941.18
625.7,x,941.18
625.8,x,941.18
625.9,x,941.18
626,x,941.18
626.1,x,941.18
626.2,x,960.78
626.3,x,960.78
626.4,x,1000
626.5,x,1019.6
626.6,x,1019.6
626.7,x,1019.6
626.8,x,1019.6
626.9,x,1019.6
627,x,1019.6
627.1,x,1019.6
627.2,x,1019.6
627.3,x,1019.6
627.4,x,1000
627.5,x,980.4
627.6,x,980.4
627.7,x,960.78
627.8,x,941.18
627.9,x,901.96
628,x,862.74
628.1,x,843.14
628.2,x,803.92
628.3,x,784.32
628.4,x,764.7
628.5,x,686.28
628.6,x,627.46
628.7,x,588.24
628.8,x,568.62
628.9,x,529.42
629,x,490.2
629.1,x,450.98
629.2,x,372.54
629.3,x,333.34
629.4,x,313.72
629.5,x,294.12
629.6,x,274.5
629.7,x,215.68
629.8,x,176.48
629.9,x,117.64
630,x,78.44
630.1,x,39.22
630.2,x,0
630.3,x,0
630.4,x,0
630.5,x,0
630.6,x,0
630.7,x,0
630.8,x,0
630.9,x,0
631,x,0
631.1,x,0
631.2,x,0
631.3,x,0
631.4,x,0
631.5,x,0
631.6,x,0
631.7,x,0
631.8,x,0
631.9,x,0
632,x,0
632.1,x,0
632.2,x,0
632.3,x,0
632.4,x,0
632.5,x,0
632.6,x,0
632.7,x,0
632.8,x,0
632.9,x,0
633,x,0
633.1,x,0
633.2,x,0
633.3,x,0
633.4,x,0
633.5,x,0
633.6,x,0
633.7,x,0
633.8,x,0
633.9,x,0
634,x,0
634.1,x,0
634.2,x,0
634.3,x,0
634.4,x,0
634.5,x,0
634.6,x,0
634.7,x,0
634.8,x,0
634.9,x,0
635,x,0
635.1,x,0
635.2,x,0
635.3,x,0
635.4,x,0
635.5,x,0
635.6,x,0
635.7,x,0
635.8,x,0
635.9,x,0
636,x,0
636.1,x,0
636.2,x,0
636.3,x,0
636.4,x,0
636.5,x,0
636.6,x,0
636.7,x,2000
636.8,x,2000
636.9,x,2000
637,x,2000
637.1,x,2000
637.2,x,2000
637.3,x,2000
637.4,x,2000
637.5,x,2000
637.6,x,2000
637.7,x,2000
637.8,x,2000
637.9,x,2000
638,x,2000
638.1,x,2000
638.2,x,2000
638.3,x,2000
638.4,x,2000
638.5,x,2000
638.6,x,2000
638.7,x,2000
638.8,x,2000
638.9,x,0
639,x,0
