Time (s),MGM - ESC throttle (μs),MGM - force Fz (thrust) (N),MGM - torque MZ (torque) (N⋅m),MGM - voltage (V),MGM - current (A),MGM - rotation speed (rpm),MGM - electrical power (W),MGM - mechanical power (W),MGM - motor & ESC efficiency (%),MGM - propeller efficiency (N/W),MGM - powertrain efficiency (N/W)
0,1116,0.050748464,-0.00180999,17.04584694,-0.026105162,709.7394913,-0.444984585,0.134525239,-30.23143709,-0.377241194,-0.114045441
0.1,1116,0.049639348,-0.001737288,17.04582787,-0.041575663,566.0178858,-0.708691597,0.102974705,-14.53025639,-0.482053816,-0.070043653
0.2,1116,0.050381828,-0.001693207,17.04584312,-0.033023659,422.2963167,-0.5629161,0.074878305,-13.30185831,-0.672849476,-0.089501485
0.3,1116,0.049638029,-0.001583501,17.04583168,-0.043037124,278.5747477,-0.733603597,0.046194319,-6.29690513,-1.074548364,-0.06766329
0.4,1116,0.049396295,-0.001560731,17.04582787,-0.037177488,134.8531422,-0.633721054,0.022040311,-3.477920219,-2.241179466,-0.077946432
0.5,1116,0.050454643,-0.001596588,17.04581261,-0.030513942,121.628366,-0.520134926,0.020335566,-3.909671307,-2.48110342,-0.097002983
0.6,1116,0.050333664,-0.001576902,17.0458374,-0.033323999,112.961712,-0.568035483,0.018653683,-3.283894062,-2.698323011,-0.088610068
0.7,1116,0.050855793,-0.001532541,17.04583931,-0.038217828,104.2950489,-0.651454926,0.016738035,-2.569331229,-3.038336992,-0.078064941
0.8,1116,0.050811194,-0.001512085,17.04582214,-0.040668216,95.62838574,-0.693223178,0.015142292,-2.184331417,-3.355581522,-0.073297024
0.9,1116,0.050834659,-0.001498287,17.04582214,-0.03688867,86.96172263,-0.62879771,0.013644319,-2.169905975,-3.725701571,-0.080844216
1,1116,0.051632684,-0.00151527,17.04581642,-0.039462879,78.29505951,-0.67267698,0.012423756,-1.846912503,-4.155964375,-0.076757021
1.1,1116,0.051203184,-0.00146292,17.04580116,-0.040756639,69.6283964,-0.694729567,0.010666831,-1.535393391,-4.800224304,-0.073702328
1.2,1116,0.051442679,-0.001465031,17.04583359,-0.032483511,60.96173329,-0.553708494,0.00935261,-1.689085551,-5,-0.0929057
1.3,1116,0.051906925,-0.00141257,17.04582596,-0.045452304,52.29507928,-0.774772048,0.007735695,-0.998447835,-5,-0.066996381
1.4,1116,0.051848374,-0.001403571,17.04582787,-0.040036947,43.62840706,-0.682462871,0.006412573,-0.939622242,-5,-0.075972445
1.5,1116,0.05103711,-0.001391352,17.04582024,-0.042531025,34.96174395,-0.724976182,0.005093997,-0.702643348,-5,-0.070398323
1.6,1116,0.050811537,-0.001373478,17.04580498,-0.040147543,26.29508994,-0.684347212,0.003782031,-0.55264798,-5,-0.074248187
1.7,1116,0.050112892,-0.001406247,17.04579353,-0.040046129,17.62842683,-0.682618082,0.002595995,-0.380299776,-5,-0.073412783
1.8,1116,0.049914308,-0.001382523,17.04583359,-0.037903845,8.961763713,-0.646102667,0.001297462,-0.200813566,-5,-0.077254459
1.9,1116,0.049766608,-0.001352583,17.04579926,-0.036633056,0.2951006,-0.624439716,4.18E-05,-0.006693792,-5,-0.079698019
2,1116,0.049781598,-0.001403697,17.04581451,-0.043677103,0,-0.744511783,0,0,0,-0.066864751
2.1,1116,0.049415324,-0.001385429,17.04579735,-0.04456871,0,-0.759709179,0,0,0,-0.065045051
2.2,1116,0.048833858,-0.001346747,17.04581451,-0.039618716,0,-0.675333261,0,0,0,-0.072310753
2.3,1116,0.049325496,-0.001286801,17.04583549,-0.040397797,0,-0.68861419,0,0,0,-0.07163009
2.4,1118,0.049159121,-0.001339671,17.04582596,-0.048216835,0,-0.821895778,0,0,0,-0.059811868
2.5,1124,0.049031742,-0.001322689,17.04582024,-0.056065433,0,-0.955681264,0,0,0,-0.051305536
2.6,1124,0.050039966,-0.001299419,17.04581642,-0.057746019,0,-0.984328032,0,0,0,-0.050836675
2.7,1126,0.049894728,-0.001297728,17.04582977,-0.030804778,0,-0.525093019,0,0,0,-0.095020749
2.8,1128,0.049304396,-0.001277085,17.0458374,-0.043979857,0,-0.749673486,0,0,0,-0.065767825
2.9,1128,0.050183058,-0.001288829,17.04581833,-0.031319171,0,-0.533860922,0,0,0,-0.09400025
3,1130,0.050001968,-0.001294546,17.04582214,-0.018100064,0,-0.30853048,0,0,0,-0.162064925
3.1,1130,0.049982585,-0.00127873,17.04581642,-0.019505167,0,-0.332481503,0,0,0,-0.150331929
3.2,1132,0.050899282,-0.001245479,17.04582405,-0.020689135,0,-0.352663368,0,0,0,-0.144328237
3.3,1132,0.050507478,-0.00125095,17.04582787,-0.016722951,0,-0.285056531,0,0,0,-0.177184075
3.4,1143,0.050712984,-0.001252659,17.04581833,-0.011748841,0,-0.200268611,0,0,0,-0.25322482
3.5,1151,0.050232325,-0.001284388,17.04574013,-0.015044456,116.9390495,-0.256443888,0.015728392,-6.133268028,-3.193735838,-0.195880368
3.6,1151,0.051436808,0.008991023,17.04009056,0.091522895,238.0378481,1.559558392,-0.2241216,-14.37083781,0.229504019,0.032981649
3.7,1155,0.05970503,0.01225932,17.03811646,0.162651449,359.1366286,2.771274328,-0.461057097,-16.6370064,0.129495963,0.021544252
3.8,1167,0.074872322,0.014359441,17.03485107,0.232812569,480.2354454,3.965927362,-0.722138226,-18.20855886,0.103681423,0.018878894
3.9,1167,0.100239068,0.020418899,17.02711296,0.38957864,680.4879221,6.633399487,-1.455061555,-21.93538249,0.068889916,0.015111267
4,1169,0.142137498,0.020119032,17.02246857,0.513520181,907.3857864,8.741380692,-1.911734939,-21.86994106,0.074350007,0.016260302
4.1,1169,0.175012499,0.017340159,17.02000427,0.595035076,1108.400986,10.12749958,-2.012697935,-19.87359226,0.086954184,0.017280919
4.2,1184,0.186285809,0.013310342,17.01932716,0.622825742,1253.218117,10.60007477,-1.74680531,-16.47917926,0.106643714,0.017574009
4.3,1184,0.222991228,0.021673078,17.00793457,0.858723938,1420.850412,14.60512066,-3.224761248,-22.07966149,0.069149688,0.015268017
4.4,1184,0.263550699,0.020074964,17.00580788,0.974853337,1607.113277,16.57816887,-3.378546238,-20.37949115,0.078007132,0.015897455
4.5,1192,0.286973625,0.020260707,17.00171471,1.075312495,1744.199508,18.28215599,-3.700661421,-20.24193108,0.077546574,0.015696924
4.6,1192,0.323767096,0.020558557,16.99872589,1.171200395,1885.782372,19.90891457,-4.059876442,-20.39225399,0.07974802,0.016262418
4.7,1200,0.356558323,0.02225717,16.99331093,1.289368629,1999.065449,21.91064262,-4.659352303,-21.26524895,0.076525293,0.016273294
4.8,1200,0.402200818,0.022843791,16.99050903,1.386558414,2128.759922,23.55833244,-5.092411518,-21.61617875,0.078980424,0.017072549
4.9,1205,0.434739619,0.023566483,16.98713493,1.468225121,2233.115887,24.94093895,-5.511053562,-22.09641635,0.078885026,0.017430764
5,1205,0.461381793,0.02208396,16.98693466,1.4992764,2323.519178,25.46811104,-5.373433113,-21.09867185,0.085863508,0.018116059
5.1,1211,0.477167845,0.021091055,16.98637772,1.521914005,2381.846444,25.85180664,-5.260665417,-20.34931481,0.090704843,0.018457815
5.2,1211,0.499362975,0.026019804,16.97862625,1.698280811,2464.94482,28.83447456,-6.716450691,-23.29312712,0.074349232,0.017318262
5.3,1223,0.524303436,0.027609037,16.97506905,1.770112753,2549.967015,30.04778671,-7.372494221,-24.53589886,0.071116157,0.017448988
5.4,1223,0.582069814,0.03177581,16.96740723,1.970810413,2670.812477,33.43954468,-8.887275696,-26.57714486,0.065494739,0.017406631
5.5,1229,0.627736568,0.032736413,16.96416855,2.073182106,2782.402687,35.16981125,-9.538491249,-27.12124884,0.065810889,0.017848734
5.6,1232,0.675198257,0.033677425,16.96052933,2.194486141,2889.622451,37.21964645,-10.19080734,-27.38018334,0.066255622,0.01814091
5.7,1232,0.705309153,0.034252126,16.95759201,2.295299768,2982.612398,38.9227562,-10.69825554,-27.48586237,0.065927491,0.01812074
5.8,1238,0.724332869,0.034485143,16.95521736,2.354659796,3048.956521,39.92376709,-11.01062298,-27.57911682,0.065784916,0.018142898
5.9,1242,0.784543455,0.039977551,16.94491959,2.567046404,3143.564148,43.49839401,-13.16034031,-30.25477231,0.059614222,0.018036148
6,1242,0.824960589,0.039464891,16.94471169,2.626186609,3244.502906,44.4999733,-13.40873146,-30.13199866,0.061524134,0.018538451
6.1,1244,0.867824078,0.040930379,16.94044113,2.725353003,3325.187876,46.1686821,-14.25248432,-30.87045848,0.060889319,0.018796813
6.2,1244,0.902747869,0.039762497,16.94107437,2.740928173,3386.873919,46.43426895,-14.10266876,-30.3712517,0.064012557,0.019441415
6.3,1248,0.911956191,0.040312815,16.93862152,2.79055357,3424.185476,47.26813126,-14.45536423,-30.58162928,0.063087739,0.019293256
6.4,1254,0.937491,0.044859275,16.92989159,2.980729342,3481.296785,50.46342468,-16.35392189,-32.40747452,0.057325147,0.018577633
6.5,1258,0.99027288,0.045376822,16.92888451,3.057967663,3559.639893,51.76798248,-16.91487312,-32.67439306,0.058544502,0.01912906
6.6,1258,1.032387257,0.047510076,16.92328644,3.203460455,3635.39955,54.21307755,-18.08699799,-33.36279392,0.057078972,0.01904314
6.7,1264,1.060412169,0.048522476,16.91976738,3.290455341,3699.259597,55.67374039,-18.79690742,-33.76260996,0.056414187,0.019046901
6.8,1264,1.113436222,0.052070744,16.91315269,3.461760998,3784.148612,58.54929352,-20.63434029,-35.24267972,0.053960349,0.019017074
6.9,1264,1.158869743,0.051352784,16.91297722,3.512771845,3855.551519,59.41143036,-20.73381042,-34.89868939,0.055892754,0.019505838
7,1277,1.224490047,0.061204761,16.89159775,3.963866711,3956.457346,66.95603943,-25.3583107,-37.87307143,0.048287526,0.01828797
7.1,1285,1.320692301,0.062103651,16.88986206,4.11068821,4096.578877,69.42895508,-26.64201546,-38.37305903,0.049571786,0.019022211
7.2,1285,1.390102744,0.065994516,16.87973213,4.370233059,4224.685104,73.76836395,-29.19650078,-39.57862258,0.047611963,0.018844159
7.3,1289,1.455258608,0.069485724,16.87417793,4.531607628,4333.984158,76.46715546,-31.53635788,-41.24170542,0.046145424,0.01903116
7.4,1291,1.626365781,0.06627439,16.8723526,4.611488819,4417.98463,77.80666351,-30.66186333,-39.4077599,0.053041972,0.020902654
7.5,1291,1.606991172,0.071386032,16.86809158,4.719776154,4482.933427,79.61361694,-33.51229477,-42.09367037,0.047952291,0.020184878
7.6,1298,1.719963074,0.067392252,16.8681736,4.737214088,4525.815212,79.90814972,-31.94003677,-39.97093737,0.053849753,0.021524251
7.7,1298,1.726680994,0.072596744,16.8584156,4.933234215,4582.215454,83.16651154,-34.83543777,-41.88637435,0.049566794,0.020761734
7.8,1300,1.702584982,0.074666634,16.85393524,5.052080154,4640.377046,85.14743042,-36.28343964,-42.61249006,0.046924572,0.019995729
7.9,1304,1.697052479,0.075530402,16.85122681,5.144247532,4700.207026,86.68688202,-37.17640686,-42.88584888,0.045648642,0.019576808
8,1304,1.696210742,0.076765262,16.8462925,5.271793842,4750.798074,88.81018066,-38.19090271,-43.00284386,0.044413999,0.019099282
8.1,1308,1.696655035,0.078012817,16.83998108,5.425124168,4805.204701,91.3589859,-39.25603867,-42.96899438,0.043220229,0.018571299
8.2,1308,1.6967417,0.076268747,16.8399353,5.473683357,4851.615017,92.17647552,-38.74909592,-42.03794599,0.043787904,0.018407535
8.3,1310,1.649329305,0.077483639,16.83533096,5.58464241,4885.722395,94.01930237,-39.64308167,-42.16483235,0.041604467,0.017542453
8.4,1310,1.558715463,0.078528307,16.83527565,5.614549637,4916.286672,94.52249146,-40.42891312,-42.77173877,0.038554475,0.016490418
8.5,1310,1.484330177,0.076467521,16.83505249,5.616205692,4931.740749,94.54911804,-39.49170303,-41.76845253,0.037585873,0.015699038
8.6,1316,1.430179,0.074790351,16.83038902,5.693673134,4942.828168,95.82673645,-38.7123642,-40.39829373,0.036943726,0.014924635
8.7,1316,1.362731695,0.079214409,16.82322884,5.880848408,4984.504343,98.93486023,-41.34802628,-41.79318249,0.032957599,0.01377403
8.8,1329,1.186080694,0.085068755,16.80403328,6.292850494,5046.410992,105.7452698,-44.95534134,-42.51286387,0.026383532,0.011216395
8.9,1331,1.246345401,0.083941035,16.79940033,6.511227131,5145.263464,109.3847122,-45.2283287,-41.34794474,0.027556742,0.011394146
9,1331,1.620582938,0.088756286,16.79747963,6.613670826,5218.0378,111.0930023,-48.49924088,-43.65643263,0.033414602,0.014587624
9.1,1333,1.817907095,0.089188226,16.79371643,6.718109131,5266.938312,112.8220215,-49.19198608,-43.60140562,0.036955349,0.016113052
9.2,1333,1.964046478,0.0925349,16.78931236,6.839997292,5317.702755,114.8388519,-51.52977371,-44.87137794,0.03811479,0.017102631
9.3,1333,2.040635109,0.093210846,16.78866768,6.895650864,5353.305125,115.7687912,-52.25370407,-45.13626099,0.039052449,0.017626815
9.4,1351,2.123832464,0.100415409,16.76755905,7.286810875,5389.51132,122.1820297,-56.67328262,-46.38430178,0.03747502,0.017382527
9.5,1351,2.235801458,0.10796687,16.75220871,7.736244202,5506.601526,129.5991821,-62.25909042,-48.0397284,0.035911243,0.017251665
9.6,1357,2.347528934,0.108796008,16.7448616,7.971968174,5597.555312,133.489502,-63.77346039,-47.77413607,0.036810439,0.01758587
9.7,1360,2.406702518,0.115173839,16.72869492,8.373407364,5697.125264,140.0761719,-68.71289063,-49.05394614,0.035025489,0.017181383
9.8,1360,2.490766525,0.115909621,16.72635269,8.526414871,5782.651035,142.6158295,-70.18997192,-49.21612144,0.035486072,0.017464869
9.9,1362,2.561730385,0.116138503,16.72350121,8.635638237,5839.403022,144.4181061,-71.0187912,-49.17582273,0.036071163,0.01773829
10,1362,2.598353148,0.115141079,16.72367668,8.664780617,5874.25469,144.9069824,-70.82909393,-48.87900352,0.03668483,0.017931178
10.1,1374,2.653936148,0.120903067,16.70313072,9.051639557,5915.198232,151.1907196,-74.89196777,-49.53476489,0.035436861,0.017553566
10.2,1374,2.718358994,0.12467166,16.69322968,9.374201775,5998.000379,156.4857025,-78.30741119,-50.04125237,0.034713943,0.017371293
10.3,1380,2.76525569,0.129112095,16.67902184,9.727106094,6081.918086,162.2386169,-82.23110199,-50.68528652,0.033627857,0.017044375
10.4,1382,2.857674599,0.129111156,16.67489624,9.902182579,6154.747792,165.1178741,-83.2151947,-50.39744973,0.034340777,0.017306877
10.5,1384,2.891756535,0.131329581,16.67053223,10.04927826,6207.877994,167.5268097,-85.37571716,-50.96241832,0.03387095,0.017261455
10.6,1384,2.927268028,0.131130293,16.66698456,10.156497,6247.584161,169.278183,-85.79140472,-50.68072081,0.034120761,0.017292649
10.7,1386,2.94615674,0.133267045,16.66216087,10.26188374,6277.454855,170.9851532,-87.60623169,-51.23615861,0.033629537,0.017230483
10.8,1389,3.006511927,0.134461105,16.65424728,10.44947815,6316.714563,174.0281982,-88.94397736,-51.10894442,0.033802312,0.017276006
10.9,1393,3.001449823,0.135763705,16.65299225,10.53232098,6352.221347,175.3946533,-90.31043243,-51.48984194,0.033234809,0.017112549
11,1393,3.038236618,0.138296053,16.6440258,10.74161816,6386.924391,178.7837677,-92.49753571,-51.73709989,0.032846674,0.016993918
11.1,1393,3.082376957,0.138156533,16.64174461,10.83999825,6420.956583,180.3964844,-92.89659119,-51.49579048,0.033180732,0.017086679
11.2,1395,3.106910467,0.138354257,16.63931656,10.91535378,6443.281794,181.6240234,-93.35299683,-51.39903426,0.033281315,0.017106274
11.3,1401,3.117589474,0.141495183,16.62921906,11.10696507,6464.461719,184.7001495,-95.78613281,-51.86034441,0.032547399,0.016879192
11.4,1409,3.170265675,0.146151751,16.61397743,11.45792675,6509.955514,190.3617401,-99.63471222,-52.33967304,0.031818889,0.016653901
11.5,1409,3.276315451,0.15052858,16.59702301,11.93251324,6592.628852,198.0441895,-103.9216919,-52.47399211,0.03152677,0.016543355
11.6,1417,3.365105867,0.153287247,16.58486557,12.24958706,6661.978987,203.1577606,-106.9394379,-52.63862014,0.031467397,0.016564004
11.7,1417,3.421794891,0.157851577,16.57262611,12.597229,6746.11934,208.769165,-111.5145569,-53.41524482,0.030684737,0.016390327
11.8,1417,3.499320984,0.156010121,16.5702858,12.7241869,6803.954249,210.8434143,-111.1585236,-52.72089243,0.031480454,0.016596776
11.9,1422,3.520797729,0.158823967,16.56951332,12.79867172,6839.37827,212.0677643,-113.7525864,-53.63973379,0.030951364,0.016602229
12,1436,3.551970243,0.159710974,16.56062508,13.01543522,6873.697803,215.5437469,-114.9618683,-53.3357501,0.030896943,0.016479116
12.1,1436,3.611477375,0.170806825,16.52305984,13.81647205,6952.572172,228.29039,-124.3596115,-54.47430611,0.029040597,0.015819665
12.2,1438,3.700970888,0.174195945,16.51388168,14.16572094,7046.261239,233.9310455,-128.5361786,-54.94618416,0.028793221,0.015820777
12.3,1438,3.75001812,0.176277027,16.50906944,14.37380981,7114.901471,237.2982178,-131.3388519,-55.34759164,0.028552238,0.015802976
12.4,1444,3.809020758,0.179289609,16.4961586,14.68060493,7172.671102,242.173584,-134.6680756,-55.60807586,0.028284512,0.015728474
12.5,1450,3.865763187,0.182667017,16.48087311,15.05749512,7238.849406,248.1606598,-138.4708252,-55.79886436,0.027917527,0.015577663
12.6,1452,3.985552073,0.18506451,16.4712162,15.35547066,7310.410263,252.9232788,-141.6750946,-56.01505041,0.028131636,0.015757948
12.7,1452,3.993035793,0.187057719,16.46674156,15.52233791,7372.926565,255.6023254,-144.4255981,-56.50402308,0.027647702,0.015622064
12.8,1457,4.105737209,0.188124195,16.45656013,15.76446438,7426.125543,259.4288635,-146.2970428,-56.3919723,0.028064389,0.015826061
12.9,1457,4.10910368,0.190310031,16.45142555,15.93970966,7477.615042,262.230957,-149.0230408,-56.82892799,0.027573615,0.015669789
13,1461,4.224036694,0.190202639,16.44715691,16.06459808,7517.108471,264.21698,-149.7255707,-56.66766167,0.02821186,0.015986999
13.1,1461,4.216409206,0.192403644,16.438797,16.27804375,7556.952771,267.5914612,-152.2609863,-56.90053701,0.027691988,0.01575689
13.2,1465,4.218801975,0.194994524,16.43367577,16.43741798,7594.096178,270.1271973,-155.0697632,-57.40619898,0.027205832,0.015617835
13.3,1465,4.282917023,0.195912331,16.4284935,16.58322525,7627.962842,272.4374084,-156.4944611,-57.44235516,0.027367851,0.015720738
13.4,1465,4.368802071,0.195822358,16.42683029,16.64033127,7655.259702,273.3479004,-156.9823456,-57.42950439,0.027829893,0.01598257
13.5,1465,4.398630619,0.195276871,16.4260273,16.67730141,7672.650566,273.941803,-156.9006805,-57.27518797,0.02803449,0.016056806
13.6,1467,4.380101204,0.195790187,16.42400551,16.72836113,7683.318338,274.7467041,-157.5318451,-57.33712316,0.027804544,0.015942326
13.7,1467,4.375405312,0.197767854,16.41963959,16.82654953,7694.233818,276.2858887,-159.3491364,-57.67545104,0.02745798,0.015836515
13.8,1471,4.410299778,0.198798805,16.41713333,16.90766716,7706.971265,277.5754395,-160.4449768,-57.80230165,0.027487926,0.015888654
13.9,1471,4.465637207,0.200182512,16.41112518,17.03736496,7721.946245,279.6023254,-161.8756561,-57.89495707,0.027586836,0.015971387
14,1475,4.453962803,0.20232591,16.40184212,17.25629997,7744.224246,283.0350952,-164.0809021,-57.97192454,0.027144918,0.015736433
14.1,1477,4.511722565,0.204336479,16.39454651,17.45488167,7771.847498,286.164856,-166.3025055,-58.11423063,0.027129613,0.015766164
14.2,1477,4.513445854,0.205943704,16.38927078,17.60050774,7799.270252,288.4594727,-168.2019806,-58.3104372,0.026833488,0.015646724
14.3,1479,4.508523464,0.207316265,16.38493156,17.72903061,7826.811906,290.4889526,-169.920929,-58.49480033,0.026533067,0.015520465
14.4,1479,4.51885891,0.208324164,16.37997437,17.87226295,7853.148824,292.7472229,-171.3215942,-58.52202177,0.026376471,0.015436044
14.5,1479,4.593307972,0.208101541,16.37775612,17.95334816,7876.503335,294.035553,-171.6474609,-58.37643147,0.026760127,0.015621607
14.6,1479,4.665886879,0.20780246,16.37814713,17.97150612,7888.198659,294.3399658,-171.6552734,-58.31871033,0.027181728,0.015852032
14.7,1479,4.682950497,0.208733946,16.37677574,18.01101494,7893.770637,294.9623413,-172.546524,-58.49781036,0.027140221,0.015876435
14.8,1479,4.645019054,0.209609136,16.37543488,18.03550339,7901.995131,295.3392029,-173.4505157,-58.7292552,0.026780084,0.015727742
14.9,1479,4.604877472,0.209078729,16.37652969,18.01582336,7906.352464,295.0366516,-173.1070099,-58.67304802,0.026601335,0.015607814
15,1479,4.636786938,0.207889855,16.37670708,18.00067139,7909.737615,294.7917175,-172.1963654,-58.41289163,0.02692732,0.015729027
15.1,1479,4.660307407,0.20746021,16.37618065,18.02204132,7909.602979,295.1322021,-171.8375702,-58.22392702,0.027120423,0.015790576
15.2,1479,4.653548241,0.207258746,16.37633705,18.02227783,7908.768348,295.1388855,-171.6525879,-58.15992951,0.027110273,0.015767315
15.3,1479,4.597923756,0.207564607,16.37681961,17.99820709,7907.197003,294.7533875,-171.8717346,-58.31035376,0.026752064,0.015599223
15.4,1481,4.534325123,0.208162591,16.37692451,17.99933434,7904.367302,294.7737427,-172.3052063,-58.45338106,0.026315659,0.015382391
15.5,1481,4.535561562,0.208028048,16.37327194,18.07681084,7909.030044,295.976532,-172.2954254,-58.21252465,0.02632433,0.015324058
15.6,1481,4.595068932,0.207629934,16.37134552,18.1377449,7920.744602,296.9393005,-172.2203979,-57.99852014,0.026681328,0.015474776
15.7,1473,4.65159893,0.207671389,16.37162971,18.15654373,7930.573663,297.2521973,-172.4685364,-58.0209434,0.026970709,0.015648661
15.8,1473,4.603974819,0.208817586,16.37105942,18.18201637,7938.2328,297.6588745,-173.5879211,-58.31773877,0.026522437,0.015467286
15.9,1473,4.55277586,0.206075057,16.37939262,17.99318123,7922.598042,294.7173767,-170.9706879,-58.01174641,0.026628984,0.015447938
16,1467,4.464715481,0.198276684,16.40924454,17.37655067,7882.58938,285.1360779,-163.6700287,-57.40067363,0.02727876,0.015658192
16.1,1461,4.429851532,0.198328733,16.40804863,17.29842186,7840.699885,283.8333435,-162.8430023,-57.37274885,0.027203206,0.015607228
16.2,1461,4.400187016,0.196734488,16.41424179,17.09067154,7802.850655,280.530426,-160.7542267,-57.30367303,0.027372139,0.01568524
16.3,1438,4.378733635,0.197452709,16.41165161,17.10124397,7786.629557,280.659668,-161.0056915,-57.36688375,0.027196143,0.015601578
16.4,1438,4.283518314,0.181208402,16.47338486,15.76404762,7677.974835,259.6872253,-145.6980133,-56.10519052,0.029399978,0.016494913
16.5,1434,4.140490055,0.175611466,16.49526215,15.14099884,7569.092221,249.7547455,-139.1955261,-55.73288798,0.029745856,0.016578224
16.6,1434,4.120363235,0.173211604,16.49841881,14.89951038,7485.372097,245.8183594,-135.7747498,-55.23377061,0.030347051,0.016761821
16.7,1432,4.074129105,0.169044822,16.51329231,14.47483635,7404.933378,239.0272064,-131.0845947,-54.84086871,0.031080153,0.017044624
16.8,1426,3.989679098,0.166693032,16.5228672,14.21573448,7341.260133,234.8846893,-128.1494293,-54.55844402,0.031133022,0.016985692
16.9,1426,3.905379295,0.167049274,16.52415657,14.12360477,7294.304568,233.380661,-127.6018906,-54.67543602,0.030605968,0.016733946
17,1422,3.835172892,0.162238255,16.53938866,13.73659515,7229.973875,227.1948853,-122.8340073,-54.06547785,0.031222403,0.016880542
17.1,1411,3.782192707,0.153367966,16.57136536,13.07520008,7151.889841,216.6739197,-114.8640442,-53.01240087,0.032927562,0.01745569
17.2,1397,3.648705959,0.149822131,16.58629608,12.65714455,7048.815256,209.9351501,-110.5912399,-52.67876387,0.032992721,0.017380157
17.3,1391,3.491708279,0.143029615,16.60717773,12.03794956,6902.030375,199.9163666,-103.3787918,-51.71101689,0.033775866,0.017465845
17.4,1391,3.367751598,0.137687951,16.62566566,11.4971323,6762.311296,191.1474762,-97.50338745,-51.00951195,0.034539841,0.017618604
17.5,1388,3.229996681,0.136175111,16.6327095,11.23460388,6659.465769,186.861908,-94.96547699,-50.82120895,0.034012325,0.017285476
17.6,1384,3.122217417,0.133507788,16.64784241,10.8660965,6584.067474,180.8970642,-92.0512085,-50.88596344,0.033918265,0.017259635
17.7,1378,3.093698502,0.131606311,16.65656281,10.62923431,6517.611154,177.0465088,-89.82428741,-50.73485374,0.034441672,0.01747393
17.8,1378,3.056091547,0.127349928,16.6667614,10.36159325,6452.542583,172.6941986,-86.05145264,-49.82880056,0.035514701,0.01769655
17.9,1364,2.965665579,0.127199009,16.67026138,10.18932438,6384.943308,169.8587036,-85.04903412,-50.07045865,0.034870066,0.017459603
18,1364,2.894189358,0.11806675,16.69747162,9.546398163,6284.914077,159.4007111,-77.70618439,-48.74895513,0.037245292,0.018156691
18.1,1357,2.829319477,0.118400484,16.69833946,9.424483299,6208.157759,157.3732147,-76.97413635,-48.91183972,0.036756754,0.017978406
18.2,1357,2.734628201,0.114066295,16.71443748,9.019162178,6122.302099,150.7502289,-73.130867,-48.51128161,0.037393626,0.018140128
18.3,1351,2.647794962,0.108688056,16.7337513,8.597038269,6046.332036,143.8607025,-68.81806183,-47.83659577,0.03847529,0.01840527
18.4,1333,2.536561728,0.099802949,16.76214981,7.982653618,5944.150366,133.8064423,-62.12434006,-46.42851353,0.040830404,0.018956948
18.5,1316,2.383534193,0.084167168,16.80486488,6.931342602,5740.952129,116.480278,-50.60055161,-43.44130456,0.047104906,0.020462986
18.6,1312,2.141060114,0.078110784,16.81989098,6.347075462,5499.061289,106.7571182,-44.98090363,-42.13386774,0.047599312,0.020055432
18.7,1275,1.813280344,0.05373928,16.8770771,5.02258873,5197.936717,84.76661682,-29.25172234,-34.50854123,0.061988838,0.021391444
18.8,1269,1.603582501,0.04934296,16.89144516,4.415446281,4851.233838,74.58326721,-25.06721115,-33.60969722,0.063971318,0.021500567
18.9,1260,1.545442104,0.04842215,16.89505386,4.164077759,4597.303797,70.35231781,-23.31180382,-33.13580155,0.066294402,0.021967182
19,1260,1.389622211,0.044601392,16.91056252,3.752438068,4390.170205,63.45583725,-20.50493431,-32.31370747,0.067770138,0.021899045
19.1,1250,1.320793152,0.042211063,16.91815376,3.555101395,4241.350328,60.14575195,-18.74817657,-31.1712414,0.070449151,0.021959875
19.2,1221,1.206984401,0.038209114,16.92694855,3.290821075,4069.570815,55.70355988,-16.28336716,-29.2321831,0.074123763,0.021667995
19.3,1221,1.042135954,0.016220188,16.96507645,2.426629782,3771.349675,41.16796112,-6.405916691,-15.56044221,0.162683338,0.025314249
19.4,1207,0.869612217,0.008402047,16.98044586,1.959190369,3433.473367,33.26792526,-3.020976782,-9.080749005,0.28785795,0.026139658
19.5,1207,0.745901346,0.011062382,16.98012352,1.818293333,3133.781715,30.8748455,-3.630329132,-11.75820976,0.205463827,0.024158869
19.6,1182,0.661224723,0.002899895,16.9981842,1.459699988,2920.112998,24.81225014,-0.886769056,-3.57391648,0.745656013,0.026649125
19.7,1159,0.522697031,-0.006764471,17.01150513,1.065502286,2592.146475,18.12579727,1.836208344,10.13035923,-0.284661055,0.028837187
19.8,1159,0.38602066,-0.017894043,17.02407837,0.697572827,2189.490686,11.87553406,4.102798462,34.54832733,-0.094087161,0.032505538
19.9,1159,0.291607618,-0.011315167,17.02299309,0.622383416,1849.911166,10.59482861,2.191999435,20.68933398,-0.133032694,0.027523581
20,1134,0.229293674,-0.01934645,17.0352726,0.371295512,1567.083633,6.325120449,3.174841642,50.19416809,-0.072222084,0.036251277
20.1,1134,0.155994996,-0.030572023,17.04130554,0.197186112,1184.932035,3.360308886,3.793553829,112.8930092,-0.041121073,0.046422817
20.2,1120,0.109439649,-0.026838198,17.04362297,0.094512172,844.0535767,1.61082983,2.372203827,147.2659469,-0.04613417,0.067939922
20.3,1120,0.08560814,-0.018830212,17.04475403,0.0477116,773.9375139,0.813232481,1.526123643,187.6614213,-0.056095153,0.105268963
20.4,1083,0.072697677,-0.012312642,17.04534912,0.019591663,703.8214511,0.333946735,0.907491088,200,-0.080108419,0.217692435
20.5,1039,0.062159203,-0.006877408,17.0456295,0.010968919,633.7054612,0.186972126,0.45639497,200,-0.136196077,0.332451701
20.6,1039,0.056066349,-0.00459215,17.04579926,0.007294557,563.5893255,0.124341547,0.27102384,200,-0.206868708,0.450906008
20.7,1039,0.054844633,-0.003144055,17.04585075,0.001294849,493.4732992,0.02207181,0.16247344,200,-0.337560624,2.484827042
20.8,1039,0.052422367,-0.002293197,17.04585266,-0.016863776,423.3572728,-0.287457436,0.101666316,-35.36743224,-0.515631616,-0.182365656
20.9,1039,0.053262554,-0.001876739,17.0458374,-0.031210614,353.2411736,-0.532011032,0.069423087,-13.04918081,-0.767216742,-0.1001155
21,1039,0.052381761,-0.001617268,17.04582977,-0.030472821,283.1251108,-0.519434512,0.047950037,-9.231200069,-1.092423797,-0.100843824
21.1,1039,0.050286647,-0.001474219,17.0458622,-0.03839241,213.0090844,-0.654431701,0.032884303,-5.02486378,-1.529199123,-0.07684017
21.2,1039,0.049828164,-0.001397009,17.04582977,-0.030092226,142.8930216,-0.512946963,0.02090445,-4.075362906,-2.383615255,-0.097140968
21.3,1039,0.048462659,-0.001354774,17.04586411,-0.02264061,72.77695879,-0.38592875,0.010324987,-2.675360627,-4.693726063,-0.125574112
21.4,1039,0.048799355,-0.00129822,17.04584312,-0.020466097,2.66089599,-0.348861873,0.000361747,-0.103693479,-5,-0.139881596
21.5,1039,0.05012536,-0.001244885,17.04584885,-0.025893025,0,-0.44136858,0,0,0,-0.11356803
21.6,1039,0.050108463,-0.001189767,17.04584694,-0.008855791,0,-0.150954455,0,0,0,-0.331944257
21.7,1039,0.050395075,-0.001174136,17.04583549,-0.011065208,0,-0.188615724,0,0,0,-0.26718384
21.8,1039,0.050957575,-0.001164815,17.04585648,-0.007173268,0,-0.122274488,0,0,0,-0.416747391
21.9,1039,0.050967038,-0.001164399,17.04585075,-0.01411029,0,-0.240521908,0,0,0,-0.211901858
22,1039,0.052369118,-0.001136074,17.04582596,-0.008637023,0,-0.147225186,0,0,0,-0.355707586
22.1,1039,0.052054878,-0.001106445,17.04582977,-0.0182976,0,-0.311897755,0,0,0,-0.166897252
22.2,1039,0.051547676,-0.001115695,17.04583549,-0.031028228,0,-0.528902054,0,0,0,-0.097461663
22.3,1039,0.052066565,-0.001140839,17.04582787,-0.02811327,0,-0.479213953,0,0,0,-0.108649932
22.4,1039,0.052277796,-0.001112188,17.04583931,-0.032211818,0,-0.549077451,0,0,0,-0.095210239
22.5,1039,0.052142877,-0.001115903,17.04583359,-0.03928946,0,-0.669721603,0,0,0,-0.077857539
22.6,1039,0.05284714,-0.001172414,17.0458374,-0.038672976,0,-0.659213245,0,0,0,-0.080166988
22.7,1039,0.053200845,-0.001102141,17.04584122,-0.040510431,0,-0.690534353,0,0,0,-0.077043004
22.8,1039,0.052762125,-0.001082586,17.04582977,-0.041733518,0,-0.711382449,0,0,0,-0.074168436
