Time (s),MGM ESC throttle (μs),MGM force Fz (thrust) (N),MGM torque MZ (torque) (N⋅m),MGM voltage (V),MGM current (A),MGM rotation speed (rpm),MGM electrical power (W),MGM mechanical power (W),MGM motor & ESC efficiency (%),MGM propeller efficiency (N/W),MGM powertrain efficiency (N/W)
0,1000,0.000984601,0.00022224,16.956132888793945,-0.017494509,0,-0.296639234,0,0,0,-0.003319185
0.1,1000,0.000654925,0.000129435,16.956106185913086,-0.01277147,0,-0.216554388,0,0,0,-0.003024299
0.2,1000,0.000243738,0.000178715,16.956111907958984,-0.012874471,0,-0.218300968,0,0,0,-0.001116521
0.3,1000,0.000209749,0.000121756,16.95612335205078,-0.021617938,0,-0.366556406,0,0,0,-0.000572214
0.4,1000,0.000344163,0.00012586,16.95612335205078,-0.020655418,0,-0.35023582,0,0,0,-0.00098266
0.5,1000,0.000340153,0.000118786,16.95612907409668,-0.013810315,0,-0.234169483,0,0,0,-0.001452595
0.6,1000,-0.000221054,5.36609E-05,16.95612144470215,-0.021687679,0,-0.367738932,0,0,0,0.000601118
0.7,1000,0.000158683,2.14468E-05,16.956117630004883,-0.011104877,0,-0.188295603,0,0,0,-0.000842732
0.8,1000,-0.000433374,2.40752E-05,16.956119537353516,-0.017115178,0,-0.290206999,0,0,0,0.001493328
0.9,1000,-0.000509789,1.63647E-05,16.956132888793945,-0.018701134,0,-0.317098916,0,0,0,0.001607665
1,1000,-0.000846575,0.00011214,16.95611572265625,-0.013076931,0,-0.221733958,0,0,0,0.003817975
1.1,1000,-0.000111708,4.5536E-05,16.956117630004883,-0.004448938,0,-0.075436719,0,0,0,0.001480817
1.2,1000,0.000326272,5.21096E-05,16.95613670349121,-0.023723992,0,-0.402267247,0,0,0,-0.000811083
1.3,1000,-0.00029589,4.15552E-05,16.956127166748047,-0.025200311,0,-0.427299678,0,0,0,0.000692464
1.4,1000,-1.65646E-05,0.000121227,16.95614242553711,-0.028762352,0,-0.487698525,0,0,0,3.39648E-05
1.5,1000,0.000711931,7.58844E-05,16.95615005493164,-0.028980233,0,-0.491393179,0,0,0,-0.001448802
1.6,1000,0.001435501,7.37421E-05,16.95612907409668,-0.027881037,0,-0.472754478,0,0,0,-0.003036463
1.7,1000,0.002000459,6.75574E-05,16.95612907409668,-0.03263475,0,-0.553359032,0,0,0,-0.003615119
1.8,1000,0.001320783,7.60367E-05,16.956125259399414,-0.012822307,0,-0.217416644,0,0,0,-0.006074894
1.9,1000,0.001050231,8.74887E-05,16.95610809326172,-0.010680606,0,-0.181101501,0,0,0,-0.00579913
2,1000,0.000810757,4.89104E-05,16.95608139038086,-0.01509312,0,-0.255920172,0,0,0,-0.003168006
2.1,1000,0.000495261,0.000115057,16.956119537353516,-0.030892255,0,-0.523812771,0,0,0,-0.000945492
2.2,1000,0.000285232,5.16762E-05,16.95611572265625,-0.033896275,0,-0.574749172,0,0,0,-0.000496272
2.3,1000,0.000595283,4.75279E-05,16.956117630004883,-0.02630985,0,-0.446112901,0,0,0,-0.001334377
2.4,1000,0.000453784,1.29766E-05,16.95612144470215,-0.024409521,0,-0.413890809,0,0,0,-0.001096387
2.5,1000,0.000735411,-1.25164E-05,16.956127166748047,-0.032488901,0,-0.550885916,0,0,0,-0.00133496
2.6,1000,0.001156472,-0.000147015,16.95612335205078,-0.034966454,0,-0.592895508,0,0,0,-0.001950549
2.7,1000,0.001333807,-0.000157723,16.95614242553711,-0.029624099,0,-0.502310455,0,0,0,-0.002655344
2.8,1000,0.000899467,-9.57193E-05,16.956140518188477,-0.028294099,0,-0.479758739,0,0,0,-0.001874833
2.9,1000,0.000900503,3.13217E-06,16.95613670349121,-0.026129445,0,-0.443054438,0,0,0,-0.002032489
3,1000,0.000944363,-2.98E-07,16.956140518188477,-0.018636193,0,-0.315997899,0,0,0,-0.002988509
3.1,1000,0.000991666,-2.64788E-06,16.956138610839844,-0.011657226,0,-0.197661534,0,0,0,-0.005016992
3.2,1000,0.000508938,-8.65886E-06,16.95612907409668,-0.029550955,0,-0.501069784,0,0,0,-0.001015703
3.3,1000,0.000408588,2.66041E-05,16.956132888793945,-0.034457248,0,-0.584261656,0,0,0,-0.000699324
3.4,1000,0.001387521,-8.14035E-06,16.956119537353516,-0.040206563,0,-0.681747258,0,0,0,-0.002035242
3.5,1000,0.00128292,1.48635E-06,16.956134796142578,-0.044236973,0,-0.750088096,0,0,0,-0.001710359
3.6,1000,0.000863426,5.53867E-06,16.95612335205078,-0.028746154,0,-0.487423331,0,0,0,-0.001771408
3.7,1000,0.000888441,-4.42888E-05,16.956132888793945,-0.027911795,0,-0.473276109,0,0,0,-0.001877214
3.8,1000,0.001627501,-3.59219E-05,16.956127166748047,-0.037149735,0,-0.629915655,0,0,0,-0.00258368
3.9,1000,0.001821919,-3.74257E-05,16.956127166748047,-0.029769318,0,-0.504772365,0,0,0,-0.003609387
4,1000,0.001896737,-2.12104E-05,16.95612144470215,-0.035477746,0,-0.601565003,0,0,0,-0.003153005
4.1,1000,0.002256621,2.56321E-05,16.956113815307617,-0.042530194,0,-0.721146822,0,0,0,-0.003129211
4.2,1000,0.001264922,5.5258E-05,16.95611572265625,-0.032292169,0,-0.547549725,0,0,0,-0.002310149
4.3,1000,0.000912155,2.82723E-05,16.956119537353516,-0.031521272,0,-0.534478426,0,0,0,-0.001706627
4.4,1000,0.000734678,3.50562E-05,16.95614242553711,-0.023205163,0,-0.393470049,0,0,0,-0.001867176
4.5,1000,0.000496713,4.00872E-05,16.956130981445312,-0.024831327,0,-0.421043217,0,0,0,-0.001179721
4.6,1000,0.000391382,-4.20786E-05,16.95612144470215,-0.02130748,0,-0.361292213,0,0,0,-0.001083284
4.7,1000,-0.000187666,-2.40546E-05,16.956132888793945,-0.018580228,0,-0.315048814,0,0,0,0.000595674
4.8,1000,0.000245483,-2.17684E-05,16.956125259399414,-0.027577307,0,-0.46760428,0,0,0,-0.00052498
4.9,1000,0.000783094,4.16359E-05,16.95612144470215,-0.032282513,0,-0.547386229,0,0,0,-0.001430606
5,1000,0.000244832,2.96495E-05,16.956106185913086,-0.030486019,0,-0.516924202,0,0,0,-0.000473632
5.1,1000,0.001043574,5.09979E-05,16.95611572265625,-0.032630205,21.811004724412076,-0.553281546,0.000116481,-0.021052817,5,-0.001886153
5.2,1000,0.000389178,2.63973E-05,16.95610809326172,-0.028907854,89.42253050072111,-0.490164697,0.000247192,-0.050430454,1.574393630027771,-0.000793974
5.3,1000,0.00061638,-6.87869E-06,16.956127166748047,-0.032229245,157.0340631072193,-0.546483159,-0.000113117,0.020699083688668907,-5,-0.001127904
5.4,1000,0.00047918,1.56487E-05,16.95612144470215,-0.035135604,224.6455957137175,-0.595763564,0.000368134,-0.061791996,1.301643729,-0.000804312
5.5,1000,0.001255656,2.39932E-05,16.95612144470215,-0.043160845,292.2571101063779,-0.731840551,0.000734314,-0.100337982,1.7099721431732178,-0.001715751
5.6,1000,0.000999112,-2.17216E-05,16.956127166748047,-0.038770217,359.8686427128761,-0.65739274,-0.000818586,0.12452000519260764,-1.220534205,-0.001519809
5.7,1000,0.00081375,-2.22178E-05,16.95612144470215,-0.031185517,427.48015710553653,-0.528785408,-0.000994595,0.18809052417054772,-0.818172336,-0.001538905
5.8,1000,0.000210362,5.20848E-06,16.95612144470215,-0.021498142,495.09167149819694,-0.36452511,0.000270038,-0.074079487,0.7790091633796692,-0.000577086
5.9,1000,-0.0004663,3.50617E-05,16.956125259399414,-0.029084165,562.7032223185329,-0.493154734,0.00206605,-0.418945681,-0.225696564,0.000945546
6,1200,-0.000547558,1.32733E-05,16.956146240234375,-0.03085004,630.3147731388689,-0.523097813,0.000876124,-0.167487655,-0.624977827,0.001046761
6.1,1200,-0.000715691,-0.007526563,16.940771102905273,1.0341168642044067,697.9262875315293,17.51873779296875,-0.550091386,-3.14001739,0.001301039,-4.08529E-05
6.2,1200,0.000488488,-0.031697642,16.933866500854492,1.5839589834213257,1150.1573745161156,26.82254981994629,-3.817797184,-14.23353553,-0.00012795,1.82119E-05
6.3,1200,-0.000599961,-0.019085608,16.936208724975586,1.4208589792251587,1785.9858406297747,24.06396484,-3.569543123,-14.83356208,0.000168078,-2.49319E-05
6.4,1200,-0.001075077,-0.010220842,16.937986373901367,1.2886639833450317,2147.921171088632,21.827373504638672,-2.298971653,-10.53251624,0.000467634,-4.92536E-05
6.5,1200,-0.000496648,-0.005473669,16.938926696777344,1.2309657335281372,2338.9175939694715,20.851238250732422,-1.340670466,-6.429692358,0.000370448,-2.38187E-05
6.6,1200,0.000364867,-0.00298604,16.939382553100586,1.2000035047531128,2446.1915615264516,20.32731819152832,-0.764917552,-3.763002902,-0.000477002,1.79496E-05
6.7,1200,-0.000165295,-0.001497577,16.939680099487305,1.1761127710342407,2500.138034836613,19.92297363,-0.392086357,-1.968011074,0.000421579,-8.29672E-06
6.8,1200,-0.000747966,-0.000992474,16.939762115478516,1.165129304,2529.0473295930688,19.73701286315918,-0.26284802,-1.331751794,0.002845623,-3.78966E-05
6.9,1200,0.000334591,-0.000330841,16.939926147460938,1.1469166278839111,2545.395487547602,19.428682327270508,-0.088186778,-0.45389994,-0.003794113,1.72215E-05
7,1200,0.000564609,-0.000308738,16.939970016479492,1.1449651718139648,2553.3751884480093,19.395675659179688,-0.082553193,-0.425626803,-0.006839334,2.911E-05
7.1,1200,-0.000128883,-0.000184942,16.940006256103516,1.140978217124939,2558.017240001679,19.32817840576172,-0.049541336,-0.256316643,0.002601519,-6.66813E-06
7.2,1200,0.000334603,-0.000108015,16.940046310424805,1.1287111043930054,2559.4618159042175,19.120418548583984,-0.028950837,-0.151413202,-0.011557628,1.74998E-05
7.3,1200,0.002073514,-0.000133244,16.94006348,1.1503938436508179,2559.2677292487624,19.48774528503418,-0.035710108,-0.183243921,-0.05806518,0.000106401
7.4,1200,0.00079877,-2.10711E-05,16.940092086791992,1.149787187576294,2560.370176422316,19.477500915527344,-0.005649601,-0.02900578,-0.141385272,4.10099E-05
7.5,1200,0.000119492,-8.95272E-05,16.939992904663086,1.1424545049667358,2562.1912687795816,19.35317039489746,-0.024021231,-0.124120386,-0.004974431,6.17428E-06
7.6,1200,0.000299365,-4.92352E-05,16.939985275268555,1.1387701034545898,2564.316605083236,19.290748596191406,-0.013221345,-0.068537227,-0.02264254,1.55186E-05
7.7,1200,0.000841294,-0.000123532,16.94004249572754,1.1435421705245972,2563.2529169564928,19.371652603149414,-0.033158936,-0.171172468,-0.025371555,4.34291E-05
7.8,1200,-3.82399E-05,-0.000251596,16.94007682800293,1.1492671966552734,2563.2051238461404,19.468673706054688,-0.067532822,-0.346879428,0.000566241,-1.96417E-06
7.9,1200,-0.001172988,-7.26649E-06,16.940160751342773,1.1391786336898804,2564.0339263207866,19.297868728637695,-0.001951088,-0.010110383,0.6011968851089478,-6.07833E-05
8,1200,-0.000259662,-0.000157366,16.94012451171875,1.1503301858901978,2564.637168628282,19.486736297607422,-0.042263463,-0.216883235,0.006143888,-1.33251E-05
8.1,1200,0.000495706,-4.93936E-05,16.940174102783203,1.1394610404968262,2564.6543624911524,19.30266761779785,-0.013265646,-0.068724417,-0.037367616,2.56807E-05
8.2,1200,-0.000384288,3.26307E-05,16.94025230407715,1.1397919654846191,2564.4675613708123,19.30836296081543,0.008763001,0.045384484,-0.043853458,-1.99027E-05
8.3,1200,0.000285345,0.000163493,16.940250396728516,1.1456199884414673,2563.1153660535274,19.407089233398438,0.043882973,0.2261182526126504,0.006502415,1.47031E-05
8.4,1200,0.001959671,-0.000149965,16.94017982,1.1401599645614624,2564.538376772127,19.31451416015625,-0.040274154,-0.208517537,-0.048658274,0.000101461
8.5,1200,0.001760599,-5.83462E-05,16.94023323059082,1.1411027908325195,2564.4940807186294,19.330547332763672,-0.01566907,-0.081058592,-0.112361453,9.10786E-05
8.6,1200,-0.000668661,3.21618E-05,16.94024658203125,1.147512674331665,2564.8370837118287,19.43914794921875,0.008638317,0.044437734,-0.077406414,-3.43977E-05
8.7,1200,-0.001698949,-0.000381345,16.940082550048828,1.1644848585128784,2568.228937439819,19.726469039916992,-0.102560624,-0.519913714,0.016565313562750816,-8.61253E-05
8.8,1200,-0.001794954,-0.000377042,16.93998908996582,1.1655231714248657,2580.0964912988243,19.74394989013672,-0.10187196,-0.515965419,0.017619706690311432,-9.09116E-05
8.9,1200,-0.002507533,-0.000122567,16.939990997314453,1.1711283922195435,2585.483998805428,19.838905334472656,-0.033185042,-0.167272554,0.075562142,-0.000126395
9,1200,-0.000787365,0.000119163,16.940021514892578,1.1746267080307007,2588.8073685033405,19.89820098876953,0.032305117696523666,0.16235194634646177,-0.02437276,-3.95697E-05
9.1,1200,-0.001849382,-0.000139472,16.93993568,1.1797009706497192,2591.303975676439,19.984058380126953,-0.037847314,-0.189387519,0.048864297568798065,-9.25429E-05
9.2,1200,-0.001488462,-0.000155954,16.93997573852539,1.169171929359436,2590.4702190379153,19.805744171142578,-0.042306054,-0.213604979,0.035183184,-7.5153E-05
9.3,1200,-0.001274864,-0.000413117,16.939970016479492,1.1705931425094604,2590.3070230513463,19.82981300354004,-0.112060629,-0.56511187,0.011376559734344482,-6.42903E-05
9.4,1200,-0.000990884,-0.000385956,16.93999671936035,1.1590546369552612,2590.595530241888,19.634382247924805,-0.104704708,-0.533272233,0.009463601,-5.04668E-05
9.5,1200,-0.001381924,-0.000220752,16.940044403076172,1.1582602262496948,2588.4107439716972,19.62097930908203,-0.059836484,-0.30496174,0.023095013573765755,-7.0431E-05
9.6,1200,-0.002926678,-0.000204508,16.940017700195312,1.1567906141281128,2589.396622583416,19.596054077148438,-0.055454511,-0.282988162,0.052776195,-0.00014935
9.7,1200,-0.002302208,-0.000137837,16.94002342224121,1.160758137702942,2591.902846662866,19.663270950317383,-0.037412085,-0.190263789,0.061536476,-0.000117082
9.8,1200,-0.002703083,-5.87041E-05,16.940078735351562,1.152406096458435,2591.062678753441,19.52185059,-0.015928499,-0.081593188,0.16970102488994598,-0.000138464
9.9,1200,-0.001823562,1.57866E-05,16.940044403076172,1.1518231630325317,2589.8372517471516,19.51193618774414,0.004281445,0.021942696,-0.425922126,-9.34588E-05
10,1200,-0.002908139,-4.3927E-05,16.93999671936035,1.1618009805679321,2590.2353333858177,19.680904388427734,-0.011915137,-0.060541613,0.24407093226909637,-0.000147764
10.1,1200,-0.003296732,0.000117979,16.939977645874023,1.1719497442245483,2590.8592666130394,19.852802276611328,0.032009318470954895,0.16123325331136584,-0.10299287,-0.000166059
10.2,1200,-0.004509079,3.56071E-05,16.939931869506836,1.168857455253601,2589.1194808276537,19.800365447998047,0.009654215,0.048757760669104755,-0.467058063,-0.000227727
10.3,1200,-0.002979172,-5.0393E-05,16.939924240112305,1.1792786121368408,2590.2032770313135,19.976890563964844,-0.013668877,-0.068423443,0.2179529219865799,-0.000149131
10.4,1200,-0.002887493,-1.74806E-05,16.939931869506836,1.163588285446167,2589.0405056270106,19.711105346679688,-0.004739399,-0.024044309,0.6092530488967896,-0.000146491
10.5,1200,-0.002285651,-7.98036E-05,16.939918518066406,1.1682707071304321,2590.6424490880263,19.790411,-0.021650029,-0.109396561,0.1055726557970047,-0.000115493
10.6,1200,-0.001399863,9.21029E-05,16.939956665039062,1.1635386943817139,2591.936068702989,19.710294723510742,0.024999201,0.12683321256190538,-0.055996291,-7.10219E-05
10.7,1200,-0.00077016,-4.01896E-05,16.939905166625977,1.1710638999938965,2588.4792280017755,19.837711334228516,-0.010893999,-0.054915604,0.070695765,-3.8823E-05
10.8,1200,-0.000368537,-5.34419E-05,16.93993377685547,1.1644644737243652,2588.538969389716,19.725950241088867,-0.014486572,-0.073439151,0.025439905002713203,-1.86829E-05
10.9,1200,0.001167162,2.48363E-05,16.93988609313965,1.1694836616516113,2586.5004766646284,19.81092071533203,0.006727102,0.033956536,0.1735013723373413,5.89151E-05
11,1350,0.002543181,-0.00023907,16.939876556396484,1.1636607646942139,2590.2047341383363,19.712268829345703,-0.064846799,-0.328966673,-0.039218303,0.000129015
11.1,1350,0.002997211,-0.054162189,16.905744552612305,3.6150596141815186,3292.870116551263,61.115272521972656,-18.67667007,-30.55973947,-0.000160479,4.90419E-05
11.2,1350,0.001644867,-0.039505322,16.902538299560547,3.8937268257141113,4811.460936005722,65.81386566,-19.90495491,-30.24431765,-8.26361E-05,2.49927E-05
11.3,1350,0.004306139,-0.021345485,16.90674591064453,3.5725040435791016,5713.200651,60.399417877197266,-12.77068329,-21.14371806,-0.000337189,7.12944E-05
11.4,1350,0.004987065,-0.011489236,16.909135818481445,3.406334877,6194.724397812018,57.59817886352539,-7.45318222,-12.93996125,-0.000669119,8.65837E-05
11.5,1350,0.000746568,-0.006136737,16.91040802001953,3.3151333332061768,6452.860232410086,56.06025695800781,-4.146850586,-7.397130877,-0.000180033,1.33172E-05
11.6,1350,-0.000161019,-0.003475941,16.911043167114258,3.2632992267608643,6592.3216941037235,55.185794830322266,-2.399603128,-4.348225892,6.71022E-05,-2.91775E-06
11.7,1350,0.003532743,-0.00195058,16.91144371032715,3.2547178268432617,6666.704093410563,55.04197692871094,-1.36176908,-2.474055439,-0.002594231,6.41827E-05
11.8,1350,0.003643207,-0.001035582,16.91168975830078,3.2334511280059814,6704.639583331298,54.68312072753906,-0.727090657,-1.329643652,-0.005010664,6.6624E-05
11.9,1350,0.000886309,-0.000536666,16.911823272705078,3.222208023071289,6724.131012555709,54.493412017822266,-0.377892733,-0.693464978,-0.002345397,1.62645E-05
12,1350,-0.000424942,-0.000360862,16.911821365356445,3.2247886657714844,6734.227598539038,54.53704833984375,-0.254482359,-0.466622924,0.001669828,-7.7918E-06
12.1,1350,0.003372682,-0.000340574,16.911806106567383,3.234227418899536,6741.580743419582,54.69662857055664,-0.24043715,-0.439583138,-0.014027293,6.16616E-05
12.2,1350,0.003483309,-8.61656E-05,16.912214279174805,3.2003440856933594,6742.871740241903,54.12490463256836,-0.060842574,-0.112411426,-0.057251178,6.43569E-05
12.3,1350,0.000200834,-0.000244405,16.91191291809082,3.2268142700195312,6746.064553150562,54.57160186767578,-0.172659203,-0.316390186,-0.001163184,3.6802E-06
12.4,1350,0.000558604,-5.20598E-05,16.912015914916992,3.2088794708251953,6747.862623216864,54.268619537353516,-0.036787219,-0.067787274,-0.015184741,1.02933E-05
12.5,1350,0.003342212,-6.58228E-05,16.91197967529297,3.211183786392212,6748.041555959281,54.30747604370117,-0.046513867,-0.085649104,-0.0718541,6.15424E-05
12.6,1350,0.002939389,-3.75594E-05,16.911943435668945,3.2167813777923584,6751.111389035203,54.40202331542969,-0.026553575,-0.0488099,-0.110696532,5.40309E-05
12.7,1350,-0.001229716,1.24698E-05,16.91187096,3.207789182662964,6750.024387196092,54.249717712402344,0.008814392,0.016247813,-0.139512315,-2.26677E-05
12.8,1350,-0.000275512,-0.00019774,16.911863327026367,3.1981468200683594,6747.856794788772,54.08662033081055,-0.139730126,-0.258345087,0.001971744,-5.0939E-06
12.9,1350,0.003081292,-0.000243292,16.911869049072266,3.2080471515655518,6746.7948551904565,54.25407409667969,-0.17189154,-0.316826976,-0.017925795,5.67938E-05
13,1350,0.003350138,-0.000263175,16.91177749633789,3.2104926109313965,6747.517580273833,54.295135498046875,-0.185958788,-0.342496205,-0.018015489,6.17024E-05
13.1,1350,-0.001135114,-7.65937E-05,16.91186523,3.2034618854522705,6748.360370975899,54.176517486572266,-0.054127745,-0.099909981,0.020971011370420456,-2.09521E-05
13.2,1350,0.000559459,-0.000207418,16.911808013916016,3.1984832286834717,6749.150706,54.092132568359375,-0.146596938,-0.271013402,-0.003816304,1.03427E-05
13.3,1350,0.002851139,-0.000187001,16.91193389892578,3.202305793762207,6751.1003150218285,54.15718460083008,-0.132205054,-0.244113617,-0.021566033,5.26456E-05
13.4,1350,0.002303654,-0.00011912,16.911832809448242,3.2135753631591797,6751.480911376219,54.347450256347656,-0.084219769,-0.154965452,-0.027352884,4.23875E-05
13.5,1350,-0.000800561,-5.82737E-05,16.911874771118164,3.2073662281036377,6750.682417,54.242576599121094,-0.041195393,-0.075946603,0.019433271139860153,-1.47589E-05
13.6,1350,-0.000157251,-0.000169881,16.91215705871582,3.1971185207366943,6749.161196995705,54.07017135620117,-0.120067008,-0.222057756,0.00130969,-2.90827E-06
13.7,1350,0.004340704,-8.52186E-05,16.912128448486328,3.1981780529022217,6748.2216543873155,54.08799743652344,-0.060221642,-0.111340126,-0.072078794,8.02526E-05
13.8,1350,0.001725038,-0.000108527,16.912017822265625,3.201529026031494,6748.148216,54.144317626953125,-0.076692328,-0.14164428,-0.022492962,3.186E-05
13.9,1350,-0.001290304,-0.00010873,16.911888122558594,3.2113962173461914,6747.7629570964955,54.31077194213867,-0.076831311,-0.14146606,0.016793989,-2.37578E-05
14,1350,-0.00030202,-0.000151839,16.911937713623047,3.220280170440674,6749.516731109301,54.461177825927734,-0.107320912,-0.197059475,0.002814176,-5.5456E-06
14.1,1350,0.00362899,-0.00030054,16.911901473999023,3.2204349040985107,6750.129881744553,54.46367645263672,-0.212443054,-0.390063738,-0.017082177,6.66314E-05
14.2,1350,0.001024803,-0.000172046,16.911897659301758,3.2060675621032715,6748.756704086138,54.22068786621094,-0.1215894,-0.224249088,-0.008428395,1.89006E-05
14.3,1350,-0.002213279,-0.000142564,16.91181755065918,3.2090578079223633,6747.549636628338,54.270999908447266,-0.100735635,-0.185615954,0.021971162408590317,-4.0782E-05
14.4,1350,-0.000217283,-0.000241113,16.911815643310547,3.2135190963745117,6746.101272247539,54.34644317626953,-0.170334488,-0.313423434,0.001275624,-3.99811E-06
14.5,1350,0.003166344,-4.97743E-05,16.911884307861328,3.214426040649414,6746.618836662086,54.36199951171875,-0.03516572,-0.064688054,-0.090040624,5.82455E-05
14.6,1350,0.002206553,-4.19737E-05,16.911840438842773,3.2141470909118652,6747.822989905841,54.35714340209961,-0.029659919,-0.054564897,-0.074395098,4.05936E-05
14.7,1350,-0.001398316,-5.01299E-05,16.91185951,3.2222914695739746,6747.413251410991,54.49494171142578,-0.035421144,-0.064998964,0.039476864,-2.56596E-05
14.8,1350,0.000429214,-0.000222155,16.911867141723633,3.2217209339141846,6748.486848,54.48531723022461,-0.156996876,-0.288145291,-0.002733901,7.87761E-06
14.9,1350,0.003191451,-0.000253133,16.911800384521484,3.237949848175049,6748.768360942321,54.759559631347656,-0.178896576,-0.326694688,-0.017839642,5.82812E-05
15,1350,0.002646687,-0.000117017,16.91187286376953,3.231325149536133,6749.368106192962,54.64775848388672,-0.082706347,-0.151344447,-0.032001011,4.84318E-05
15.1,1350,-0.001176957,-0.000112026,16.91187858581543,3.243318557739258,6749.067359303428,54.850608825683594,-0.079175271,-0.144347106,0.014865209348499775,-2.14575E-05
15.2,1350,0.001340257,-0.000187976,16.91187286376953,3.2437596321105957,6748.031647631525,54.85805130004883,-0.132833913,-0.242141145,-0.01008972,2.44314E-05
15.3,1350,0.003156643,-0.000146603,16.91193389892578,3.225281000137329,6748.274693082951,54.545738220214844,-0.103601106,-0.189934368,-0.0304692,5.78715E-05
15.4,1350,0.00122541,-0.000156844,16.912137985229492,3.2102434635162354,6746.657887130301,54.29207992553711,-0.110811315,-0.204102159,-0.011058526,2.25707E-05
15.5,1350,-0.00164148,-8.98498E-05,16.91199493408203,3.2201852798461914,6746.191612882962,54.45975875854492,-0.063475251,-0.116554415,0.025860166177153587,-3.01412E-05
15.6,1350,-0.000424554,-0.000225906,16.911848068237305,3.218914509,6747.273369136789,54.43779373168945,-0.159618825,-0.293213269,0.002659801,-7.79889E-06
15.7,1350,0.0036127,-0.000137917,16.911943435668945,3.2051150798797607,6746.886944354306,54.20472336,-0.097442515,-0.179767562,-0.037075192,6.66492E-05
15.8,1350,0.00063424,-7.24908E-05,16.911869049072266,3.2132890224456787,6746.743565023249,54.34272384643555,-0.051216017,-0.094246323,-0.012383621,1.16711E-05
15.9,1350,-0.00158856,-9.45855E-05,16.91185760498047,3.215576172,6747.798510507855,54.38136672973633,-0.066836715,-0.122903707,0.023767782375216484,-2.92115E-05
16,1400,3.78616E-05,-0.000208318,16.911832809448242,3.2248823642730713,6746.8420654579995,54.53866958618164,-0.147182569,-0.269868271,-0.000257243,6.942163963685744e-7
16.1,1400,0.000469339,-0.01934387,16.895702362060547,4.396876335144043,7136.687552387686,74.28831481933594,-14.45668316,-19.46023852,-3.24652E-05,6.3178E-06
16.2,1400,0.001001819,-0.012349339,16.89880371,4.168997764587402,7614.278275710154,70.45107269,-9.846935272,-13.97698373,-0.000101739,1.42201E-05
16.3,1400,-0.002629405,-0.006966149,16.901582717895508,3.971149206161499,7893.500780301344,67.11870574951172,-5.758256912,-8.579213172,0.000456632,-3.91754E-05
16.4,1400,0.002097282,-0.00386842,16.903141021728516,3.8649120330810547,8050.078003929197,65.32915496826172,-3.261086464,-4.991778359,-0.000643124,3.21033E-05
16.5,1400,0.005083052,-0.002428233,16.90399932861328,3.804032564163208,8134.626930356466,64.30336761,-2.068505049,-3.216791525,-0.002457355,7.9048E-05
16.6,1400,-9.52749E-05,-0.001274498,16.90453338623047,3.7641103267669678,8180.873758736029,63.63052749633789,-1.09186101,-1.715938933,8.72592E-05,-1.49731E-06
16.7,1400,-0.001744107,-0.000752383,16.904766082763672,3.7509822845458984,8206.891861737575,63.40947723388672,-0.646615922,-1.019746438,0.002697285,-2.75055E-05
16.8,1400,0.00353996,-0.000402287,16.904977798461914,3.735574245452881,8218.815077084857,63.14979934692383,-0.346237242,-0.548279239,-0.010224087,5.60565E-05
16.9,1400,0.003029902,-0.000464425,16.904977798461914,3.7361576557159424,8223.132193772411,63.15966033935547,-0.399927497,-0.633200817,-0.007576129,4.79721E-05
17,1400,-0.001164599,-0.000344817,16.90497589111328,3.7254695892333984,8229.965442867173,62.978973388671875,-0.297176987,-0.471867016,0.003918873,-1.84919E-05
17.1,1400,0.001019117,-0.00012738,16.905141830444336,3.7184386253356934,8231.325215140976,62.86073303222656,-0.109799072,-0.174670375,-0.009281652,1.62123E-05
17.2,1400,0.006382414,-0.000318753,16.90506362915039,3.7200145721435547,8231.932537348135,62.887081146240234,-0.274779558,-0.436941208,-0.023227397,0.00010149
17.3,1400,0.003271984,-0.000337623,16.905048370361328,3.7283430099487305,8234.325689922605,63.02782059,-0.291130841,-0.461908476,-0.01123888,5.19133E-05
17.4,1400,-0.001305757,-8.06032E-06,16.905115127563477,3.717214822769165,8234.881139119749,62.839942932128906,-0.006950857,-0.011061208,0.18785548210144043,-2.07791E-05
17.5,1400,0.003129373,-0.000214646,16.904905319213867,3.7187297344207764,8234.891047447505,62.86477279663086,-0.18510139,-0.294443755,-0.016906263,4.97794E-05
17.6,1400,0.004713035,-0.000202969,16.90496826171875,3.701491594314575,8236.370885339998,62.57359695,-0.175062805,-0.279771024,-0.026921965,7.53199E-05
17.7,1400,0.000598146,-0.000126026,16.904993057250977,3.699037551879883,8235.135258584549,62.532203674316406,-0.108682804,-0.17380293,-0.005503594,9.56541E-06
17.8,1400,-2.89098E-05,9.17892E-05,16.90515899658203,3.681964159011841,8234.175316477838,62.24419021606445,0.079148039,0.12715731281787157,-0.000365262,-4.64E-07
17.9,1400,0.004299283,-0.000214578,16.904930114746094,3.702467679977417,8233.812205407723,62.58995819091797,-0.185018644,-0.295604346,-0.023237029,6.86897E-05
18,1400,0.00529581,-0.000428702,16.90489959716797,3.7079834938049316,8237.564547413189,62.68309020996094,-0.369813591,-0.58997348,-0.014320213,8.44855E-05
18.1,1400,-0.000456337,-0.000202979,16.905048370361328,3.701329469680786,8238.128739,62.57115555,-0.175108954,-0.279855705,0.002606019,-7.29309E-06
18.2,1400,-0.000873466,-4.23788E-05,16.905044555664062,3.6971542835235596,8239.654038884079,62.50055694580078,-0.036566727,-0.058506243,0.023886919021606445,-1.39753E-05
18.3,1400,0.001267065,4.8974E-05,16.905132293701172,3.7004077434539795,8238.820573666959,62.55588150024414,0.042253173887729645,0.067544688,0.029987458139657974,2.02549E-05
18.4,1400,0.002052191,-1.45708E-06,16.905183792114258,3.695904255,8236.704854269656,62.479942321777344,-0.001256799,-0.002011525,-1.632870555,3.28456E-05
18.5,1400,-0.002957782,-0.000131849,16.90515709,3.6968185901641846,8235.605029888744,62.49530029296875,-0.113710575,-0.181950605,0.026011493057012558,-4.73281E-05
18.6,1400,-0.000686785,-3.7027E-05,16.90515709,3.694089889526367,8236.660558,62.44916915893555,-0.031937338,-0.051141332,0.021504150703549385,-1.09975E-05
18.7,1400,0.004641708,-0.000291039,16.90502357,3.704392194747925,8237.422917,62.62283706665039,-0.251056463,-0.400902377,-0.018488703,7.41217E-05
18.8,1400,0.002585017,-0.000176929,16.905134201049805,3.716995955,8237.885110958234,62.83631516,-0.152631283,-0.242902967,-0.016936349,4.11389E-05
18.9,1400,-0.002537364,-7.97963E-05,16.905166625976562,3.721512794494629,8237.039988884932,62.91279220581055,-0.068830721,-0.109406549,0.036863837,-4.03315E-05
19,1400,0.001406915,-0.000110354,16.90514565,3.721485137939453,8237.560467513524,62.91224670410156,-0.095195323,-0.151314458,-0.01477924,2.23631E-05
19.1,1400,0.004831005,-6.51788E-05,16.905174255371094,3.7071990966796875,8234.971479755171,62.67084503173828,-0.056207895,-0.089687464,-0.08594887,7.70854E-05
19.2,1400,0.000338762,-0.000235278,16.905075073242188,3.714524507522583,8235.175474738382,62.794315338134766,-0.202900067,-0.323118526,-0.001669602,5.39479E-06
19.3,1400,-0.00206447,8.24548E-05,16.905187606811523,3.7089743614196777,8235.150995340397,62.70090866088867,0.071107619,0.11340763885527849,-0.029033028,-3.29257E-05
19.4,1400,0.002733709,-0.000171131,16.905109405517578,3.730423689,8236.608102363332,63.06322098,-0.14760676,-0.234061549,-0.018520216,4.33487E-05
19.5,1400,0.004181489,-0.000191456,16.905160903930664,3.7200801372528076,8236.657644002113,62.888553619384766,-0.165138334,-0.262588868,-0.02532113,6.64905E-05
19.6,1400,-0.000693416,5.22128E-05,16.905244827270508,3.7169435024261475,8235.515272,62.835838317871094,0.045029458,0.071662059,-0.01539917,-1.10354E-05
19.7,1400,-0.00083903,-6.40542E-05,16.90507698059082,3.7120702266693115,8234.856659721763,62.75283432006836,-0.055237297,-0.088023592,0.015189550817012787,-1.33704E-05
19.8,1400,0.003717273,-0.000141562,16.905052185058594,3.704716920852661,8234.175316477838,62.62843322753906,-0.12206623,-0.194905454,-0.030452922,5.93544E-05
19.9,1400,0.003587377,-0.000223018,16.90506362915039,3.7180488109588623,8235.382966778448,62.853851318359375,-0.192332536,-0.305999606,-0.018651953,5.70749E-05
20,1400,2.94665E-05,-0.000166454,16.905046463012695,3.7155632972717285,8237.129746677545,62.811771392822266,-0.143581793,-0.228590588,-0.000205225,4.691242168064491e-7
20.1,1400,0.000463561,5.97434E-05,16.905183792114258,3.7121798992156982,8238.256964670487,62.75508499145508,0.051541131,0.082130608,0.008994008,7.38683E-06
20.2,1400,0.004581909,-6.4451E-05,16.90519905090332,3.7114901542663574,8234.702789220142,62.74348068237305,-0.055578414,-0.088580383,-0.082440443,7.30261E-05
20.3,1400,0.002136956,-0.000184423,16.905214309692383,3.7209630012512207,8234.988382196638,62.90367508,-0.159040138,-0.252831238,-0.013436579,3.39719E-05
20.4,1400,-0.002093278,-0.000164095,16.905155181884766,3.716003656387329,8235.426097146328,62.819618225097656,-0.141517267,-0.225275592,0.014791677705943584,-3.3322E-05
20.5,1400,0.002988151,-0.000181946,16.905107498168945,3.7191033363342285,8233.813953936151,62.87184143066406,-0.156881794,-0.249526324,-0.019047149,4.75277E-05
20.6,1400,0.00520466,-0.000257053,16.90513801574707,3.711440086364746,8234.648585,62.742408752441406,-0.221664771,-0.353293377,-0.02347987,8.29528E-05
20.7,1400,9.45939E-05,-0.000213831,16.905187606811523,3.697815418243408,8235.476804470725,62.512264251708984,-0.184411928,-0.295001199,-0.000512949,1.5132E-06
20.8,1400,-0.001605894,-0.000120175,16.905147552490234,3.717080593109131,8237.630991493434,62.83779525756836,-0.103668123,-0.164977333,0.015490724,-2.55562E-05
20.9,1400,0.002364642,-2.59371E-05,16.90517807006836,3.7172176837921143,8239.191261693593,62.84022521972656,-0.022378651,-0.035611982,-0.105665058,3.76294E-05
21,1450,0.004607397,-0.000216065,16.905099868774414,3.722454309463501,8238.825819252243,62.928462982177734,-0.186414093,-0.296231778,-0.024715926,7.32164E-05
21.1,1450,0.006892301,-0.019335268,16.886852264404297,5.0516743659973145,8629.464555245215,85.30687713623047,-17.47280693,-20.48229426,-0.000394459,8.07942E-05
21.2,1450,0.009647442,-0.012510017,16.89026451,4.806848049163818,9119.807296389608,81.18893432617188,-11.94736671,-14.71551061,-0.000807495,0.000118827
21.3,1450,0.004886622,-0.006410701,16.893789291381836,4.5464982986450195,9400.791734792934,76.80758666992188,-6.311006069,-8.216644078,-0.000774302,6.36216E-05
21.4,1450,-0.002610455,-0.003492497,16.895612716674805,4.407490253448486,9552.317459793672,74.46724700927734,-3.493602037,-4.691461101,0.00074721,-3.50551E-05
21.5,1450,-0.003476277,-0.002240226,16.89661217,4.336402416229248,9633.163003011447,73.27050781,-2.25990057,-3.084325045,0.001538243,-4.74444E-05
21.6,1450,0.002987223,-0.001499431,16.897159576416016,4.3048601150512695,9676.228675338536,72.73990631103516,-1.519361854,-2.088759653,-0.001966104,4.10672E-05
21.7,1450,0.000870545,-0.00054794,16.897418975830078,4.289807319641113,9699.647299411165,72.48667145,-0.556567371,-0.767820282,-0.001564131,1.20097E-05
21.8,1450,-0.00212831,-0.000110404,16.897512435913086,4.279239654541016,9711.255779641491,72.30850219726562,-0.112276919,-0.155274838,0.018955896,-2.94337E-05
21.9,1450,-0.007057604,-0.000292283,16.89757537841797,4.283354759216309,9717.823252415268,72.37831115722656,-0.297441453,-0.410953863,0.023727708,-9.75099E-05
22,1450,-0.002877794,-0.000472322,16.89770508,4.268540382385254,9721.731213450783,72.12854004,-0.480850995,-0.666658487,0.005984792,-3.98981E-05
22.1,1450,0.006434707,-0.000111907,16.89783477783203,4.242922782897949,9722.548941912055,71.69620513916016,-0.113937773,-0.158917438,-0.056475624,8.97496E-05
22.2,1450,0.006745514,0.000132309,16.897666931152344,4.261181831359863,9723.123042,72.00402832,0.13471731543540955,0.18709691939875484,0.050071612,9.36824E-05
22.3,1450,-0.000913106,0.0003142,16.89775276184082,4.252161026000977,9724.309127195762,71.85196685791016,0.31995880603790283,0.44530280865728855,-0.002853823,-1.27082E-05
22.4,1450,-0.00390253,-0.000235641,16.897695541381836,4.263323783874512,9724.483980038514,72.04034423828125,-0.23996444,-0.333097298,0.016262952238321304,-5.41715E-05
22.5,1450,0.002185329,-0.000387062,16.897802352905273,4.267189979553223,9724.375571276007,72.10613250732422,-0.39415881,-0.546636991,-0.005544285,3.03071E-05
22.6,1450,0.008800487,-0.000168552,16.89769936,4.269360542297363,9725.255081,72.14237213134766,-0.171657741,-0.237943046,-0.051267635,0.000121988
22.7,1450,0.005297357,0.000174404,16.8977108,4.266026496887207,9725.178146,72.08608246,0.1776157170534134,0.24639391340315342,0.029824821278452873,7.34865E-05
22.8,1450,-0.001874358,9.44159E-05,16.897689819335938,4.261458873748779,9725.304622713831,72.00881195,0.096156098,0.13353378744795918,-0.019492866,-2.60296E-05
22.9,1450,-0.001088938,-0.000488738,16.897777557373047,4.268256664276123,9724.587726058548,72.12405395507812,-0.497709095,-0.69007366,0.0021879,-1.50981E-05
23,1450,0.006406269,-0.000453064,16.897754669189453,4.274572372436523,9726.057072780475,72.23067474365234,-0.461450845,-0.638857158,-0.013882885,8.86918E-05
23.1,1450,0.008238452,3.85121E-05,16.89782143,4.265709400177002,9728.159969635977,72.08119201660156,0.039233461022377014,0.054429536,0.20998536050319672,0.000114294
23.2,1450,0.001268279,0.000200902,16.897903442382812,4.268261432647705,9727.092784452378,72.12467193603516,0.20464253425598145,0.2837344538420439,0.006197535,1.75845E-05
23.3,1450,-0.003087194,-0.0002096,16.897811889648438,4.274196624755859,9726.173641,72.22457122802734,-0.213481963,-0.295580784,0.014461146667599678,-4.27444E-05
23.4,1450,0.000572434,-0.000444621,16.897737503051758,4.280390263,9726.739581710019,72.32891082763672,-0.452882767,-0.626143487,-0.001263979,7.91432E-06
23.5,1450,0.007678027,-0.000320822,16.89772605895996,4.262571811676025,9727.901770271512,72.02777099609375,-0.326822698,-0.453745387,-0.023492942,0.000106598
23.6,1450,0.005240644,0.000246708,16.89781951904297,4.263250827789307,9727.352149502462,72.03964233398438,0.2513082027435303,0.348847103,0.020853454247117043,7.27467E-05
23.7,1450,-0.002594744,0.000100618,16.897756576538086,4.262228488922119,9726.968638934024,72.02210235595703,0.10248956829309464,0.1423029461875558,-0.025317151,-3.6027E-05
23.8,1450,-0.003340356,-0.000215069,16.897775650024414,4.250100135803223,9725.717275422727,71.81723785,-0.219042286,-0.304999575,0.015249821357429028,-4.65119E-05
23.9,1450,0.003385794,-0.000515676,16.897706985473633,4.253896236419678,9725.380392279023,71.88109588623047,-0.525184393,-0.730629452,-0.006446867,4.71027E-05
24,1450,0.007585317,1.70132E-05,16.897729873657227,4.256860256195068,9725.262075,71.93127441,0.017326699569821358,0.024087853671517223,0.43778196,0.000105452
24.1,1450,0.001904227,0.00033434,16.89780044555664,4.244977951049805,9725.815775857478,71.73078918457031,0.34052005410194397,0.4747195169329643,0.005592113,2.65469E-05
24.2,1450,-0.004962541,-0.000222243,16.897632598876953,4.258100986480713,9726.464479904089,71.95182800292969,-0.22636658,-0.314608542,0.021922584623098373,-6.89703E-05
24.3,1450,-0.00238211,-0.000259216,16.89784049987793,4.252804756164551,9726.335088800452,71.86322021484375,-0.264021516,-0.367394509,0.009022409,-3.31478E-05
24.4,1450,0.006028108,-5.14357E-05,16.89780616760254,4.258481502532959,9725.981303215283,71.95899200439453,-0.05238742,-0.072801771,-0.115067855,8.37714E-05
24.5,1450,0.004182597,0.000364089,16.89782143,4.255821228027344,9726.080386492842,71.91410827636719,0.3708288073539734,0.5156551487743855,0.011279052123427391,5.8161E-05
24.6,1450,-0.002827134,0.000340085,16.897720336914062,4.256433010101318,9726.048330138337,71.92401123046875,0.34637948870658875,0.48159086145460606,-0.008161955,-3.93072E-05
24.7,1450,-0.005534339,-0.000198275,16.897642135620117,4.249701499938965,9725.227104620211,71.80993652,-0.201928139,-0.281198043,0.027407469227910042,-7.70693E-05
24.8,1450,0.001216886,-0.000463611,16.897586822509766,4.253842830657959,9725.22827,71.87967681884766,-0.472152054,-0.656864466,-0.002577319,1.69295E-05
24.9,1450,0.007285759,-6.02003E-05,16.897693634033203,4.240139484405518,9726.696451342139,71.64857482910156,-0.06131861,-0.085582456,-0.118818067,0.000101687
25,1450,0.004049184,0.000231224,16.897624969482422,4.250544071,9726.227845723564,71.82409668,0.23550772666931152,0.3278951393440366,0.017193421721458435,5.63764E-05
25.1,1450,-0.003453671,8.05938E-05,16.89777374267578,4.24614954,9728.294023482087,71.75047302246094,0.082104467,0.1144305570051074,-0.042064346,-4.81345E-05
25.2,1450,-0.002206892,-0.000390101,16.897804260253906,4.233311176300049,9727.655811,71.53366088867188,-0.397387505,-0.555525161,0.005553503,-3.08511E-05
25.3,1450,0.006871881,-0.000614716,16.89748191833496,4.263363361358643,9732.387328530918,72.04010772705078,-0.626501679,-0.86965682,-0.010968655,9.53897E-05
25.4,1450,0.005126133,-1.17082E-05,16.897504806518555,4.2621612548828125,9741.236048059805,72.01988983154297,-0.011943548,-0.01658368,-0.429196805,7.11766E-05
25.5,1450,-0.003837845,0.000169199,16.897659301757812,4.253082752227783,9744.878815617145,71.86714172363281,0.17266422510147095,0.240254751,-0.022227215,-5.34019E-05
25.6,1450,-0.000915981,-0.00051156,16.897541046142578,4.259408473968506,9750.299253742467,71.97352600097656,-0.522328079,-0.725722499,0.001753651,-1.27266E-05
25.7,1450,0.007492699,-0.000297891,16.897523880004883,4.245483398,9753.566088,71.73815918,-0.304263413,-0.424130494,-0.024625698,0.000104445
25.8,1450,0.003137903,0.00027046,16.89756965637207,4.2485504150390625,9753.386572102663,71.79017639160156,0.2762407064437866,0.3847890067845583,0.011359307914972305,4.37094E-05
25.9,1450,-0.004698307,-0.000140518,16.89775848388672,4.231692314147949,9751.373433039775,71.50611114501953,-0.143491223,-0.200669863,0.032742817,-6.5705E-05
26,1500,0.000351829,-0.000475069,16.897804260253906,4.228357315063477,9751.269687019743,71.44995117,-0.485116482,-0.678959815,-0.000725247,4.92413E-06
26.1,1500,0.010832524858415127,-0.018630255,16.877424240112305,5.727531433105469,10129.539915759224,96.66597747802734,-19.76228333,-20.44388801,-0.000548141,0.000112061
26.2,1500,-0.012627743,-0.012476138,16.88134193,5.4498982429504395,10605.215417610745,92.00159454345703,-13.85569382,-15.06027579,0.000911376,-0.000137256
26.3,1500,0.007555159,-0.006907134,16.885122299194336,5.170359134674072,10895.99219805101,87.30214691,-7.881217003,-9.027517587,-0.000958628,8.65404E-05
26.4,1500,0.008362601,-0.003749994,16.887615203857422,4.995542049407959,11056.987370172405,84.36279297,-4.342061996,-5.146892369,-0.001925951,9.91266E-05
26.5,1500,-0.005989088,-0.00194602,16.88915443,4.893290996551514,11140.502916299007,82.64354705810547,-2.270286322,-2.747082338,0.002638032,-7.24689E-05
26.6,1500,-0.014422265,-0.001376607,16.88972282409668,4.856391906738281,11185.88772,82.02310943603516,-1.612534523,-1.965951361,0.008943849,-0.000175832
26.7,1500,0.001338716,-0.000700702,16.890092849731445,4.838085651397705,11212.253197479615,81.71571350097656,-0.822725058,-1.006813813,-0.001627173,1.63826E-05
26.8,1500,0.003530976,-0.000225997,16.89042854309082,4.798350811004639,11223.446110787001,81.04620361328125,-0.26561752,-0.32773593,-0.013293462,4.35675E-05
26.9,1500,-0.011547528,-0.000425373,16.890419006347656,4.783192157745361,11227.987621956088,80.79012298583984,-0.500150025,-0.619073259,0.023088129237294197,-0.000142932
27,1500,-0.005266154,-0.000115344,16.89055633544922,4.784823417663574,11233.990902890584,80.81832885742188,-0.135692745,-0.167898485,0.0388094,-6.51604E-05
27.1,1500,0.008440119,-1.12022E-05,16.890501022338867,4.786712646484375,11237.738582153575,80.84997559,-0.013182918,-0.016305406,-0.64023149,0.000104392
27.2,1500,0.005598812,-0.000215826,16.89044761657715,4.807596206665039,11239.593187972368,81.20245361328125,-0.254029214,-0.312834419,-0.02204003,6.89488E-05
27.3,1500,-0.009418253,-0.000288848,16.89045524597168,4.801135540008545,11243.89923064655,81.09336853027344,-0.34010604,-0.419400539,0.027692107,-0.000116141
27.4,1500,-0.003802245,-0.000213109,16.89041519165039,4.799838066101074,11243.175339877555,81.07125854492188,-0.250911087,-0.30949451,0.015153754502534866,-4.69E-05
27.5,1500,0.009983184,-6.66069E-05,16.890514373779297,4.7893500328063965,11243.604312185107,80.89458465576172,-0.078424849,-0.096946972,-0.12729618,0.00012341
27.6,1500,0.003818852,-0.000109943,16.890413284301758,4.794638633728027,11245.131360345144,80.98342895507812,-0.129467458,-0.159869064,-0.029496618,4.7156E-05
27.7,1500,-0.01443521,-0.000258376,16.89047622680664,4.797277927398682,11240.896424493683,81.02830505371094,-0.304145515,-0.375357084,0.047461528331041336,-0.00017815
27.8,1500,-0.007000592,-0.000295128,16.890531539916992,4.7762956619262695,11240.92673231976,80.67417145,-0.347408593,-0.430631731,0.020150888711214066,-8.67761E-05
27.9,1500,0.010236356407403946,8.74786E-05,16.89059829711914,4.770528316497803,11237.109111919668,80.57707977294922,0.1029401645064354,0.12775366194546223,0.099439867,0.000127038
28,1500,0.000685076,-2.65406E-05,16.890657424926758,4.765378952026367,11237.463480347646,80.49038696289062,-0.031232571,-0.038802859,-0.021934681,8.51128E-06
28.1,1500,-0.009954695,-0.000169714,16.89057731628418,4.775330543518066,11236.357244695833,80.65808868408203,-0.199697137,-0.247584772,0.049848959,-0.000123418
28.2,1500,0.001322987,3.07287E-05,16.890718460083008,4.758986949920654,11236.438842689116,80.38270568847656,0.036157719790935516,0.044981963583268225,0.036589324,1.64586E-05
28.3,1500,0.005469859,0.000100898,16.890853881835938,4.746984958648682,11234.07832931196,80.18062591552734,0.11869937926530838,0.14803997473791242,0.04608161,6.82192E-05
28.4,1500,-0.006066174,-0.000344304,16.890575408935547,4.768643379211426,11233.108478877495,80.54512786865234,-0.405015141,-0.502842478,0.014977647922933102,-7.5314E-05
28.5,1500,-0.01094265,-0.000440577,16.890342712402344,4.799416542053223,11234.056181285212,81.06378936767578,-0.51830703,-0.639381632,0.021112294867634773,-0.000134988
28.6,1500,0.005144044,-0.000268507,16.890073776245117,4.819453239440918,11241.239136065478,81.40091705322266,-0.316081494,-0.388302095,-0.016274422,6.31939E-05
28.7,1500,0.00873695,-9.77942E-05,16.890403747558594,4.804349899291992,11241.563196667379,81.14740753173828,-0.11512462,-0.141870975,-0.075891241,0.000107668
28.8,1500,-0.004819727,-0.000206671,16.890499114990234,4.802290916442871,11240.532730580759,81.11309051513672,-0.243273184,-0.299918512,0.019811995327472687,-5.94198E-05
28.9,1500,-0.012312515,-6.69171E-05,16.890605926513672,4.783188343048096,11239.77503492883,80.79094696044922,-0.078763194,-0.097490125,0.15632319450378418,-0.0001524
29,1500,0.005503244,-4.04137E-06,16.89050865,4.776463985443115,11238.041660414347,80.67690277,-0.00475606,-0.005895194,-1.157101393,6.82134E-05
29.1,1500,0.007622467,-5.01669E-05,16.89050293,4.797001361846924,11240.424321818251,81.02376556396484,-0.05905119,-0.072881317,-0.129082367,9.40769E-05
29.2,1500,-0.006966671,2.15852E-05,16.890657424926758,4.7831878662109375,11239.077954929058,80.79119110107422,0.025404756888747215,0.03144496,-0.274227023,-8.62306E-05
29.3,1500,-0.007771503,-0.000152529,16.890504837036133,4.7950544357299805,11237.183715799241,80.99089050292969,-0.179489642,-0.221617077,0.043297783,-9.59553E-05
29.4,1500,0.000816923,-0.000333156,16.890316009521484,4.8129048347473145,11239.689939878692,81.29148102,-0.392130733,-0.482376153,-0.002083292,1.00493E-05
29.5,1500,0.001590825,-0.000128941,16.890565872192383,4.804590225219727,11241.42797713565,81.15224457,-0.151789501,-0.187042879,-0.010480466,1.9603E-05
29.6,1500,-0.012080479,-0.000197165,16.890806198120117,4.776355743408203,11237.90410951138,80.67649841308594,-0.232029855,-0.287605263,0.052064333111047745,-0.00014974
29.7,1500,-0.005405799,-0.000284953,16.89050293,4.801466464996338,11238.709598273661,81.09918212890625,-0.335364878,-0.413524359,0.016119157895445824,-6.66566E-05
29.8,1500,0.008305239,4.04946E-05,16.890554428100586,4.794078350067139,11240.712246165984,80.97463989257812,0.047667231410741806,0.058866862673312426,0.17423371970653534,0.000102566
29.9,1500,0.005642224,-9.96436E-05,16.890535354614258,4.794600963592529,11241.239136065478,80.98337555,-0.117298424,-0.144842593,-0.048101444,6.96714E-05
30,1500,-0.003695963,-0.000143232,16.890562057495117,4.783975124359131,11240.66561874125,80.80403137207031,-0.168601334,-0.208654604,0.021921314299106598,-4.57398E-05
30.1,1500,-0.000710771,-5.31711E-05,16.89058494567871,4.787469863891602,11241.610989777731,80.86316680908203,-0.062594049,-0.077407365,0.011355255730450153,-8.7898E-06
30.2,1500,0.012773102149367332,-0.000153284,16.890430450439453,4.803534507751465,11242.051618941467,81.13376617,-0.180455685,-0.222417479,-0.07078249,0.000157433
30.3,1500,0.004891389,-0.00016051,16.890432357788086,4.817389965057373,11243.436453456065,81.36779785,-0.188985914,-0.232261303,-0.025882294,6.01146E-05
30.4,1500,-0.007618196,-0.000275109,16.890506744384766,4.805850028991699,11241.988671918076,81.17324066,-0.323874921,-0.398992235,0.023522032,-9.38511E-05
30.5,1500,0.004257561,0.000100456,16.89059829711914,4.794428349,11238.622171852285,80.98076629638672,0.11822706460952759,0.14599401038140059,0.036011729,5.2575E-05
30.6,1500,0.014563980512320995,-1.84443E-05,16.890392303466797,4.808753014,11241.64713,81.22172546386719,-0.021713052,-0.026733059,-0.670747757,0.000179311
30.7,1500,0.00505795,-2.73267E-06,16.890594482421875,4.791996955871582,11241.759031851261,80.93967438,-0.003216991,-0.003974554,-1.572260976,6.24904E-05
30.8,1500,-0.00893014,-0.00025256,16.89052963256836,4.797063827514648,11238.85880603281,81.02494812011719,-0.297245771,-0.366857089,0.030042951926589012,-0.000110215
30.9,1500,-0.00011627,4.04472E-05,16.89059066772461,4.789676189422607,11239.668957537562,80.90045928955078,0.047607034,0.058846432,-0.002442287,-1.4372E-06
31,1550,0.008564878,-0.000110222,16.890331268310547,4.808110237121582,11238.784202153234,81.21057129,-0.129722342,-0.15973578,-0.066024691,0.000105465
31.1,1550,0.001204636,-0.018670354,16.869298934936523,6.363583087921143,11603.317408723286,107.34918212890625,-22.68628311,-21.13316655,-5.30997E-05,1.12217E-05
31.2,1550,0.00390952,-0.011937323,16.875,5.952280521392822,12071.947506697505,100.44473266601562,-15.09082222,-15.02400488,-0.000259066,3.89221E-05
31.3,1550,0.005560995,-0.006778347,16.879568099975586,5.617254734039307,12343.62802533798,94.81683349609375,-8.761838913,-9.240805358,-0.000634684,5.86499E-05
31.4,1550,0.004096064,-0.003577575,16.88254165649414,5.390314579,12496.335172712914,91.00221252441406,-4.681662083,-5.144558847,-0.000874917,4.50106E-05
31.5,1550,0.001553741,-0.001974924,16.884174346923828,5.270798206329346,12578.25256385676,88.99307250976562,-2.601353884,-2.923096903,-0.000597282,1.74591E-05
31.6,1550,-0.000601092,-0.00095489,16.885196685791016,5.179095268249512,12621.520482638633,87.45004272460938,-1.262099028,-1.44322291,0.000476264,-6.87355E-06
31.7,1550,-0.00310453,-0.000857786,16.88536262512207,5.158979892730713,12643.234874337235,87.11124420166016,-1.135705709,-1.303741708,0.002733569,-3.56387E-05
31.8,1550,-0.002060608,-0.00045685,16.88571548461914,5.137754440307617,12655.475739015516,86.75466156,-0.605452776,-0.697890809,0.003403417,-2.37521E-05
31.9,1550,0.001810022,-0.000350254,16.88566780090332,5.158668041229248,12663.396572792197,87.10755157470703,-0.464473993,-0.533218961,-0.003896928,2.07792E-05
32,1550,0.003289874,2.50939E-05,16.885940551757812,5.132586956,12660.98010650536,86.66855621,0.033270922,0.038388685788959265,0.098881379,3.79593E-05
32.1,1550,0.004112611,-0.000436279,16.885475158691406,5.1731061935424805,12666.03451934652,87.35035705566406,-0.578673124,-0.662473682,-0.007106966,4.70818E-05
32.2,1550,0.003404224,-0.000117241,16.885934829711914,5.135611534118652,12668.222511252161,86.71960449,-0.15553312,-0.17935175,-0.021887451,3.92555E-05
32.3,1550,0.000113702,6.68161E-05,16.886064529418945,5.126811981201172,12669.739068241632,86.57167816,0.088649698,0.10240034898743033,0.001282598,1.31338E-06
32.4,1550,-0.003108556,-0.000294489,16.88593292236328,5.1314544677734375,12669.380037071182,86.64939880371094,-0.390708596,-0.450907461,0.0079562,-3.58751E-05
32.5,1550,-0.002774059,-3.19608E-05,16.886056900024414,5.117825984954834,12670.534065833346,86.41989899,-0.042407293,-0.049071212,0.065414667,-3.20998E-05
32.6,1550,-0.000775484,-0.00013706,16.885799407958984,5.128025054931641,12671.003837137541,86.59080505371094,-0.181865662,-0.21002884,0.004264047,-8.95573E-06
32.7,1550,0.001168765,4.79908E-05,16.886117935180664,5.113879680633545,12670.960706769662,86.35357666015625,0.063679039,0.07374222,0.018353997,1.35346E-05
32.8,1550,0.006354167,-0.000166904,16.885913848876953,5.125333309173584,12670.867451920194,86.54593658447266,-0.221462891,-0.255890563,-0.028691791,7.34196E-05
32.9,1550,0.006720419,0.000135412,16.88605308532715,5.112664222717285,12666.434349513613,86.33271789550781,0.17961446940898895,0.2080491278320551,0.037415798753499985,7.78432E-05
33,1550,0.004531713,-0.000462913,16.88579750061035,5.149532794952393,12665.768743025536,86.95396423339844,-0.613987327,-0.706106192,-0.007380792,5.21162E-05
33.1,1550,0.001368734,-0.000629791,16.885637283325195,5.166625022888184,12668.855478542924,87.24175262451172,-0.835530698,-0.957718771,-0.001638162,1.5689E-05
33.2,1550,-0.002133996,-0.000270442,16.885957717895508,5.136209964752197,12669.824163291772,86.72982788085938,-0.358817875,-0.413719146,0.005947295,-2.46051E-05
33.3,1550,-0.002737071,-0.000600183,16.885698318481445,5.139417648,12669.70526,86.78265380859375,-0.796303749,-0.917583983,0.00343722,-3.15394E-05
33.4,1550,-0.001296518,-0.000115593,16.88597297668457,5.122267723083496,12667.45315874405,86.49447631835938,-0.153337628,-0.177280256,0.008455318,-1.49896E-05
33.5,1550,0.001876137,-5.59035E-05,16.88599205,5.136433124542236,12668.477796402578,86.73377227783203,-0.074163787,-0.085507397,-0.025297213,2.1631E-05
33.6,1550,0.003963767,-0.000235778,16.88570213317871,5.157195568084717,12664.26151152101,87.08287048339844,-0.312689066,-0.359070697,-0.012676384,4.55172E-05
33.7,1550,0.004577406,-0.000187582,16.88581657409668,5.145912170410156,12667.621017473093,86.89292907714844,-0.248837173,-0.286372169,-0.018395185,5.26787E-05
33.8,1550,0.003577347,-0.000197829,16.885753631591797,5.149578094482422,12668.846153057977,86.95450592041016,-0.262455672,-0.301831029,-0.013630289,4.11404E-05
33.9,1550,0.001085326,-0.000102453,16.885944366455078,5.137357711791992,12669.784529980749,86.74913787841797,-0.135932133,-0.156695663,-0.00798432,1.25111E-05
34,1550,-0.002028153,-0.000195405,16.88593292236328,5.137143611907959,12670.401177672855,86.74546051,-0.259271473,-0.298887654,0.007822508,-2.33805E-05
34.1,1550,-0.002586546,-0.000426265,16.885751724243164,5.1641130447387695,12670.70075887677,87.19992828,-0.565599859,-0.648624217,0.004573103,-2.96623E-05
34.2,1550,-2.30657E-05,-0.000183062,16.886028289794922,5.141429901123047,12669.969873994065,86.81832885742188,-0.242886513,-0.279764086,9.4965E-05,-2.66E-07
34.3,1550,0.001800103,-0.000264312,16.885873794555664,5.159747123718262,12669.992022020813,87.12683868408203,-0.350688785,-0.40250374,-0.00513305,2.06607E-05
34.4,1550,0.004097913,-0.000182359,16.885862350463867,5.158412456512451,12667.069648175613,87.10424041748047,-0.241897583,-0.27771045,-0.016940696,4.70461E-05
34.5,1550,0.004948079,8.8608E-05,16.885967254638672,5.157174587249756,12667.58138416207,87.08387756347656,0.117542565,0.13497625477612019,0.042096063,5.68197E-05
34.6,1550,0.00373495,-4.33093E-05,16.885801315307617,5.163148403167725,12669.410344897258,87.18389892578125,-0.05746007,-0.065906747,-0.065000787,4.28399E-05
34.7,1550,0.000538471,-0.000199597,16.885807037353516,5.158814430236816,12670.24264442876,87.11074829101562,-0.264830709,-0.304016122,-0.002033266,6.18146E-06
34.8,1550,-0.001897704,-7.48175E-05,16.885887145996094,5.160409927368164,12670.740392187794,87.13809967041016,-0.099273667,-0.113926816,0.019115887582302094,-2.17781E-05
34.9,1550,-0.001553083,0.000251809,16.88651466369629,5.101888656616211,12669.354391987577,86.15311431884766,0.3340829312801361,0.38777810987085104,-0.004648796,-1.8027E-05
35,1550,-0.001469572,-0.000424669,16.885709762573242,5.161293983459473,12665.051846370252,87.15211486816406,-0.563230395,-0.646261312,0.002609184,-1.68621E-05
35.1,1550,0.001620088,-0.000172535,16.885822296142578,5.141650676727295,12667.885628108457,86.82099914550781,-0.22888121,-0.263624266,-0.00707829,1.86601E-05
35.2,1550,0.003344499,-0.000376887,16.88564682006836,5.144887447357178,12669.68311533195,86.87475586,-0.500041425,-0.575588876,-0.006688444,3.84979E-05
35.3,1550,0.003320539,0.000245582,16.886146545410156,5.111363887786865,12669.65630456273,86.31124114990234,0.32582908868789673,0.3775048302486539,0.010191043838858604,3.84717E-05
35.4,1550,0.001332969,-0.000269255,16.88570785522461,5.129267216,12668.118765232128,86.61130524,-0.357194543,-0.41241101,-0.003731773,1.53902E-05
35.5,1550,-0.000994637,-0.000224982,16.885784149169922,5.122056484222412,12668.41368369357,86.48993682861328,-0.298469186,-0.345091219,0.003332461,-1.15E-05
35.6,1550,-0.003113092,-2.1643E-05,16.88592529296875,5.123930931091309,12671.500419210957,86.52231598,-0.028719306,-0.033192948,0.10839718580245972,-3.59802E-05
35.7,1550,-0.004218515,-0.000162164,16.885791778564453,5.125992298126221,12670.823155866696,86.55644226074219,-0.215173632,-0.248593441,0.019605169,-4.87372E-05
35.8,1550,-0.001197509,-0.000370144,16.885738372802734,5.149927616119385,12671.162370381637,86.96032715,-0.491151899,-0.564799923,0.002438165,-1.37708E-05
35.9,1550,-4.17647E-05,-2.68672E-05,16.886064529418945,5.127703666687012,12670.535231518965,86.58673858642578,-0.03564889,-0.041171306,0.001171557,-4.82E-07
36,1600,0.001794881,-9.92955E-05,16.885967254638672,5.132935523986816,12670.437313927023,86.67458344,-0.131749764,-0.152005081,-0.013623412,2.07083E-05
36.1,1600,0.000307923,-0.017438477,16.864511489868164,6.704176902770996,13011.04016043799,113.06266784667969,-23.76015091,-21.01502717,-1.29597E-05,2.72348E-06
36.2,1600,-0.002308788,-0.011247786,16.87114715576172,6.225291728973389,13446.634727988205,105.0278091430664,-15.8383255,-15.08012563,0.000145772,-2.19826E-05
36.3,1600,-0.003382225,-0.006265908,16.87667465209961,5.809737205505371,13698.695591986248,98.04904174804688,-8.988595009,-9.167447686,0.00037628,-3.44952E-05
36.4,1600,-0.001673128,-0.003253377,16.879825592041016,5.5812907218933105,13833.885981574254,94.21121215820312,-4.713106155,-5.002701655,0.000354995,-1.77593E-05
36.5,1600,-0.002871179,-0.001990613,16.881343841552734,5.473143100738525,13904.828442621347,92.39401245117188,-2.898552418,-3.137164935,0.000990556,-3.10754E-05
36.6,1600,-0.002667823,-0.001060756,16.88224220275879,5.405716896057129,13942.828628093901,91.26062012,-1.548798323,-1.697115786,0.001722511,-2.9233E-05
36.7,1600,-0.001609623,-0.00035774,16.883155822753906,5.3274760246276855,13961.464444074443,89.94461059570312,-0.523030281,-0.581502635,0.003077494,-1.78957E-05
36.8,1600,-0.002509421,-0.00053273,16.882917404174805,5.352998733520508,13973.707640123961,90.37423706054688,-0.779555619,-0.862586126,0.003219041,-2.7767E-05
36.9,1600,-0.003837306,-0.000616379,16.882946014404297,5.3604559898376465,13984.760671157146,90.50028991699219,-0.902675867,-0.997428689,0.004251034,-4.2401E-05
37,1600,-0.003113171,-0.000444426,16.88286590576172,5.359991550445557,13996.73809088568,90.49201965332031,-0.651411116,-0.719854794,0.004779119,-3.44027E-05
37.1,1600,-0.003386969,-0.000491673,16.88286781311035,5.349205017089844,14005.874734762298,90.30992126464844,-0.7211321,-0.798508152,0.004696738,-3.75038E-05
37.2,1600,-0.003622466,-0.000231241,16.88329315185547,5.342982292175293,14009.201601517065,90.20713806152344,-0.339239955,-0.376067753,0.010678183287382126,-4.01572E-05
37.3,1600,-0.002492641,-0.00029152,16.883140563964844,5.349765777587891,14011.101669074975,90.32084655761719,-0.427730024,-0.473567331,0.005827604,-2.75976E-05
37.4,1600,-0.004239409,-0.000145845,16.883291244506836,5.342645168304443,14013.803728338307,90.20143127441406,-0.214031458,-0.237281667,0.019807411,-4.69994E-05
37.5,1600,-0.001457766,-6.5094E-05,16.883377075195312,5.331860065460205,14012.739457368754,90.01980590820312,-0.095519617,-0.106109562,0.015261428,-1.61938E-05
37.6,1600,-0.001580125,-5.59968E-05,16.883310317993164,5.331311225891113,14013.639366666119,90.01018524169922,-0.082175635,-0.091295934,0.019228635355830193,-1.7555E-05
37.7,1600,-0.002820668,-0.000346915,16.883188247680664,5.341121196746826,14013.442365796618,90.17515563964844,-0.509091794,-0.564558851,0.005540588,-3.12799E-05
37.8,1600,-0.001186023,-0.000169844,16.883203506469727,5.345247268676758,14013.373590345136,90.24489594,-0.249242365,-0.276184455,0.004758511,-1.31423E-05
37.9,1600,-0.00086528,-4.54924E-06,16.88353729248047,5.319481372833252,14012.762771081121,89.81166076660156,-0.006675614,-0.007432903,0.1296180635690689,-9.63439E-06
38,1600,-0.001608316,-0.000220382,16.88325309753418,5.341892242431641,14010.49084981096,90.18852233886719,-0.32333827,-0.358513789,0.004974098,-1.78328E-05
38.1,1600,-6.44323E-05,3.28292E-05,16.88324546813965,5.315885066986084,14010.876691750633,89.74938965,0.048167493,0.053668878,-0.001337672,-7.18E-07
38.2,1600,-0.000423248,-0.000141268,16.883211135864258,5.323075294494629,14009.318170078901,89.87060547,-0.207246855,-0.23060583,0.00204224,-4.70952E-06
38.3,1600,0.000121688,-9.07066E-05,16.88320541381836,5.3332953453063965,14009.815917837936,90.04312133789062,-0.133076072,-0.147791486,-0.000914428,1.35145E-06
38.4,1600,0.001109331,-0.00021952,16.88299560546875,5.330498695373535,14013.331625662875,89.99478912353516,-0.322139055,-0.357953017,-0.003443639,1.23266E-05
38.5,1600,-0.000179932,-0.000329923,16.883142471313477,5.327273368835449,14014.04852231816,89.94111633300781,-0.484177589,-0.538327312,0.000371623,-2.00055E-06
38.6,1600,0.000397598,-0.000252887,16.883148193359375,5.336947441101074,14014.976408070366,90.10447692871094,-0.371148765,-0.411909353,-0.001071263,4.41263E-06
38.7,1600,0.000770277,-0.000226933,16.883285522460938,5.3311238288879395,14011.396587536416,90.00688934326172,-0.332972556,-0.36994121,-0.002313335,8.55798E-06
38.8,1600,0.000259991,-0.00030726,16.88321876525879,5.339301586151123,14011.496836499595,90.14459991455078,-0.450837255,-0.500126742,-0.000576684,2.88415E-06
38.9,1600,0.001362964,7.5678E-05,16.883459091186523,5.330024719238281,14011.403581650127,89.98925781,0.11104011535644531,0.1233926392160356,0.012274517677724361,1.51459E-05
39,1600,-0.000213341,-0.000441162,16.88304328918457,5.3616251945495605,14012.387420312012,90.52055358886719,-0.647349119,-0.715140533,0.000329561,-2.35683E-06
39.1,1600,-0.000188628,-2.83708E-05,16.883617401123047,5.318199634552002,14014.585903388219,89.79045104980469,-0.041637093,-0.046371407,0.004530277,-2.10075E-06
39.2,1600,0.000764902,-0.000149301,16.883310317993164,5.330641269683838,14014.605720043732,89.99887084960938,-0.219114482,-0.2434636,-0.003490877,8.49902E-06
39.3,1600,-0.000241792,-0.000201125,16.88371467590332,5.3104448318481445,14012.105324392372,89.66003418,-0.295120329,-0.329154846,0.000819299,-2.69676E-06
39.4,1600,-0.00023305,-0.0002706,16.883352279663086,5.331476688,14010.834727068372,90.01319885253906,-0.397026747,-0.441076141,0.000586988,-2.58907E-06
39.5,1600,-0.000953527,-0.000435981,16.883283615112305,5.334999084472656,14009.438235697591,90.07230377197266,-0.639612913,-0.710110553,0.001490787,-1.05862E-05
39.6,1600,-0.001446928,-0.000468574,16.88330841064453,5.333680152893066,14011.843045128244,90.05016326904297,-0.687547207,-0.763515756,0.002104478,-1.6068E-05
39.7,1600,-0.000539886,-0.000268033,16.8833065,5.3358845710754395,14012.950446465675,90.08737182617188,-0.393320024,-0.436598388,0.001372638,-5.99292E-06
39.8,1600,-0.000274247,-7.40173E-05,16.883358001708984,5.327210903167725,14011.47119141599,89.94120788574219,-0.108603917,-0.120749895,0.002525203,-3.04918E-06
39.9,1600,-0.000846157,-0.000262784,16.883207321166992,5.336256027,14013.086831683022,90.09311676,-0.38562125,-0.428025192,0.00219427,-9.39203E-06
40,1600,0.000228965,-0.000109303,16.883167266845703,5.344344615936279,14012.995908204792,90.22946166992188,-0.160394624,-0.177763018,-0.001427513,2.53759E-06
40.1,1600,0.000598797,-0.00048289,16.88287353515625,5.358414173126221,14015.088313889728,90.46543121,-0.708716094,-0.783410948,-0.000844904,6.61907E-06
40.2,1600,0.001047035,-0.000368369,16.883119583129883,5.3449578285217285,14018.274132684675,90.23956298828125,-0.540761828,-0.599251362,-0.001936223,1.16028E-05
40.3,1600,0.001116766,-0.000193407,16.883182525634766,5.349084377288818,14019.54123295182,90.30957031,-0.283945769,-0.314413826,-0.003933026,1.2366E-05
40.4,1600,-0.000251926,-0.000231356,16.883310317993164,5.330862998962402,14018.522423721382,90.00261688232422,-0.33963412,-0.377360289,0.000741758,-2.7991E-06
40.5,1600,0.000879289,-0.000145841,16.883129119873047,5.332402706,14015.914784993136,90.02764129638672,-0.214057252,-0.237768353,-0.004107726,9.76687E-06
40.6,1600,0.000938342,-0.000191136,16.883148193359375,5.328860282897949,14016.022028070025,89.96794128417969,-0.280540586,-0.311822863,-0.003344765,1.04297E-05
40.7,1600,-0.000948931,-0.000365086,16.883298873901367,5.320028781890869,14016.841505059723,89.81963348388672,-0.535888195,-0.596626988,0.001770763,-1.05648E-05
40.8,1600,0.001579425,-0.000339047,16.883148193359375,5.332213878631592,14018.890780376782,90.02455902,-0.497739047,-0.552892545,-0.0031732,1.75444E-05
40.9,1600,0.000610412,-0.000229027,16.883255004882812,5.3268818855285645,14016.63284733404,89.93510437011719,-0.336169362,-0.373791042,-0.001815787,6.78725E-06
41,1650,-1.0305E-05,-0.000229715,16.883403778076172,5.323159217834473,14017.17605683219,89.87304688,-0.337192893,-0.375188002,3.0561E-05,-1.15E-07
41.1,1650,0.000994765,-0.016551767,16.86162567138672,6.936244487762451,14344.753532243727,116.95635986328125,-24.86371803,-21.2589696,-4.00087E-05,8.50544E-06
41.2,1650,-0.001335304,-0.0112937,16.867990493774414,6.468471050262451,14777.22173096553,109.1101074,-17.47662926,-16.01742357,7.64051E-05,-1.22381E-05
41.3,1650,0.002299035,-0.006382062,16.873926162719727,6.02497673,15034.03626,101.6650161743164,-10.0476675,-9.883111715,-0.000228813,2.26138E-05
41.4,1650,-0.000308394,-0.003575087,16.877504348754883,5.748275279998779,15170.667437927486,97.01654052734375,-5.679628849,-5.854289234,5.42982E-05,-3.17877E-06
41.5,1650,0.001202545,-0.001967531,16.879432678222656,5.622272491455078,15243.702304659513,94.90077209472656,-3.140803099,-3.30956541,-0.000382878,1.26716E-05
41.6,1650,0.001189149,-0.001180831,16.88045883178711,5.548271656036377,15283.19806478041,93.65737152,-1.889864087,-2.017848752,-0.000629224,1.26968E-05
41.7,1650,-0.000589075,-0.000729481,16.881032943725586,5.510138988494873,15303.690817950983,93.01683807373047,-1.169065595,-1.256832201,0.000503885,-6.33299E-06
41.8,1650,0.002827217,-0.00050385,16.881113052368164,5.499615669250488,15314.152846375662,92.83963012695312,-0.808021128,-0.87034069,-0.003498939,3.04527E-05
41.9,1650,-0.000606072,-0.000381654,16.88141632080078,5.483760356903076,15318.03807654162,92.57363891601562,-0.612211823,-0.661324104,0.000989971,-6.54692E-06
42,1650,0.002983464,-0.000346797,16.881332397460938,5.494604587554932,15322.325468245906,92.75624847,-0.556453288,-0.599909201,-0.005361572,3.21646E-05
42.1,1650,-0.001017062,-0.000425483,16.88129425048828,5.503326892852783,15325.51478409771,92.90328216552734,-0.682850242,-0.735011976,0.001489437,-1.09475E-05
42.2,1650,0.00228837,-4.6181E-05,16.881601333618164,5.489558219909668,15326.737588311356,92.67253112792969,-0.074121132,-0.079981773,-0.030873382,2.46931E-05
42.3,1650,0.001857606,-0.000295833,16.881446838378906,5.497375011444092,15327.675965234128,92.80364227294922,-0.474844009,-0.51166527,-0.003912034,2.00165E-05
42.4,1650,0.001249049,-0.000224624,16.881383895874023,5.4935712814331055,15328.376542290756,92.73908233642578,-0.360562414,-0.388792274,-0.00346417,1.34684E-05
42.5,1650,0.001702617,-0.000381802,16.881240844726562,5.4867634773254395,15328.368382491428,92.62337493896484,-0.612861574,-0.66167051,-0.002778143,1.83822E-05
42.6,1650,-0.000130296,-0.000314363,16.88146973,5.478437900543213,15328.915089046433,92.48408508300781,-0.504627466,-0.545637077,0.000258201,-1.40884E-06
42.7,1650,0.001418815,-0.000109636,16.881772994995117,5.461444378,15328.440654999766,92.19886779785156,-0.175986126,-0.190876669,-0.008062083,1.53886E-05
42.8,1650,-0.001073512,-0.000378105,16.881563186645508,5.484062194824219,15327.015021488523,92.57954406738281,-0.606874108,-0.65551647,0.00176892,-1.15956E-05
42.9,1650,0.002511093,-0.000349772,16.881389617919922,5.483623981,15327.987203294228,92.57118988,-0.561434507,-0.606489414,-0.004472638,2.71261E-05
43,1650,-0.000192075,-0.000266962,16.881669998168945,5.481094837188721,15328.48728,92.53003692626953,-0.428526968,-0.46312199,0.000448222,-2.07582E-06
43.1,1650,0.001689699,-0.000228152,16.881702423095703,5.477719306945801,15328.676123494672,92.47322845458984,-0.366233438,-0.396042643,-0.004613722,1.82723E-05
43.2,1650,-0.00016073,3.08978E-05,16.882259368896484,5.430789470672607,15325.885472124344,91.68399810791016,0.049588516,0.054086337331682444,-0.003241284,-1.75309E-06
43.3,1650,0.001658572,-0.000178469,16.881752014160156,5.450049877166748,15325.102131388814,92.00639343261719,-0.286414027,-0.31129797,-0.005790819,1.80267E-05
43.4,1650,0.002945052,-0.000238451,16.88150405883789,5.466780662536621,15325.830684900282,92.28748321533203,-0.382694274,-0.414676266,-0.007695575,3.19117E-05
43.5,1650,-0.000159615,-0.000306815,16.881378173828125,5.482167720794678,15326.950908779516,92.54654693603516,-0.492448628,-0.532109151,0.000324126,-1.7247E-06
43.6,1650,0.003408709,-0.000354463,16.881296157836914,5.488948345184326,15328.110765969772,92.66056060791016,-0.568968117,-0.614034804,-0.005991038,3.67871E-05
43.7,1650,-7.26808E-05,-0.000353028,16.88138771057129,5.483000755310059,15327.817013193948,92.56066131591797,-0.566653848,-0.612197258,0.000128263,-7.85E-07
43.8,1650,0.002803462,-0.000399735,16.881332397460938,5.497004985809326,15327.266809582088,92.79676818847656,-0.641601026,-0.691404473,-0.004369478,3.02108E-05
43.9,1650,0.000325614,-0.000419054,16.881515502929688,5.480126857757568,15327.618846638828,92.51284790039062,-0.672625959,-0.727062207,-0.000484093,3.51966E-06
44,1650,0.00196006,-0.000309995,16.881486892700195,5.4802775382995605,15326.399539482036,92.5152359,-0.49753505,-0.537787192,-0.003939541,2.11863E-05
44.1,1650,0.001660787,-0.00044329,16.881301879882812,5.479513168334961,15330.215994196511,92.50131225585938,-0.711647928,-0.769338151,-0.00233372,1.79542E-05
44.2,1650,0.000771031,-0.000230123,16.881546020507812,5.461240768432617,15328.941899815654,92.19419098,-0.369403988,-0.40068035,-0.002087228,8.36311E-06
44.3,1650,0.001861862,-0.000403979,16.881420135498047,5.4713592529296875,15327.903273929705,92.36431121826172,-0.648440778,-0.702046882,-0.002871291,2.01578E-05
44.4,1650,-0.000672948,-0.000522358,16.881444931030273,5.481020927429199,15328.129416939666,92.52754974365234,-0.838467002,-0.90618087,0.000802594,-7.27295E-06
44.5,1650,0.002443083,-0.000173893,16.88184166,5.460359097,15331.163696604228,92.18091583251953,-0.279180884,-0.302861887,-0.008750895,2.65031E-05
44.6,1650,-0.00063508,-0.000327437,16.881689071655273,5.465458869934082,15330.963198677871,92.26617431640625,-0.525685847,-0.569749251,0.001208097,-6.88312E-06
44.7,1650,0.002794627,-0.000407937,16.881444931030273,5.485868931,15329.229824163387,92.60939789,-0.654850125,-0.707109831,-0.004267582,3.01765E-05
44.8,1650,0.000984659,-0.00050961,16.88145637512207,5.475315093994141,15328.843982223714,92.43128967285156,-0.818042576,-0.88502774,-0.001203677,1.06529E-05
44.9,1650,0.001120542,-0.000393499,16.881366729736328,5.489708423614502,15325.878478010634,92.67378234863281,-0.63153559,-0.681460928,-0.001774313,1.20912E-05
45,1650,0.002609372,-0.000254347,16.881418228149414,5.493264198303223,15325.968235803248,92.73409271240234,-0.408209801,-0.440193899,-0.006392232,2.81382E-05
45.1,1650,0.00083502,-0.000150234,16.88184928894043,5.460363864898682,15326.046336739677,92.18103790283203,-0.241117254,-0.261569256,-0.003463128,9.05848E-06
45.2,1650,0.003262264,-0.000239565,16.881629943847656,5.480943202972412,15325.261830318528,92.52725219726562,-0.38446787,-0.415518507,-0.008485141,3.52573E-05
45.3,1650,0.000105794,-0.000239871,16.88165855407715,5.470595359802246,15326.709611856517,92.35272216796875,-0.384995341,-0.416874932,-0.000274794,1.14555E-06
45.4,1650,0.002763555,-0.000170938,16.881643295288086,5.4595770835876465,15326.842500017008,92.16663360595703,-0.274359077,-0.297677238,-0.010072768,2.99843E-05
45.5,1650,0.00185453,-0.00013293,16.881629943847656,5.464615345001221,15326.648996204363,92.25161743164062,-0.213353291,-0.231273239,-0.008692294,2.0103E-05
45.6,1650,-0.001616282,-0.000509689,16.881258010864258,5.486379146575928,15327.72375834448,92.61698150634766,-0.818110347,-0.883326493,0.001975629,-1.74513E-05
45.7,1650,-0.000157805,-0.000430286,16.881528854370117,5.469290256500244,15331.59383,92.32997894,-0.690833211,-0.748221995,0.000228427,-1.70914E-06
45.8,1650,-5.70298E-05,-0.000330779,16.88142967224121,5.484403610229492,15332.160357807916,92.58457184,-0.531092346,-0.573629374,0.000107382,-6.16E-07
45.9,1650,0.001824099,-5.22717E-05,16.881805419921875,5.462144852,15330.058626638032,92.21086883544922,-0.083914839,-0.091003202,-0.021737507,1.97818E-05
46,1700,-0.000132415,-0.000314617,16.881540298461914,5.480750084,15328.776372457849,92.52350616455078,-0.505032063,-0.545841921,0.000262191,-1.43115E-06
46.1,1700,0.004340945,-0.016744874,16.857898712158203,7.210533618927002,15644.09549790683,121.5544434,-27.43222046,-22.56784737,-0.000158243,3.57119E-05
46.2,1700,0.001208264,-0.011479836,16.865018844604492,6.713538646697998,16079.02212759773,113.22395324707031,-19.32964706,-17.07204729,-6.25083E-05,1.06715E-05
46.3,1700,-0.000403514,-0.006739458,16.871599197387695,6.215234756469727,16339.099411593159,104.86094665527344,-11.53139019,-10.9968394,3.49926E-05,-3.84808E-06
46.4,1700,0.002104234,-0.003649082,16.87563133239746,5.9067559242248535,16478.886099574316,99.68023681640625,-6.297092438,-6.317292899,-0.00033416,2.11098E-05
46.5,1700,0.003611686,-0.00200569,16.877670288085938,5.752946376800537,16552.86983439968,97.09632873535156,-3.476688385,-3.580658883,-0.001038829,3.71969E-05
46.6,1700,0.00107486,-0.001197986,16.878637313842773,5.691235542297363,16593.53361151016,96.06030273,-2.081705093,-2.16708146,-0.000516337,1.11894E-05
46.7,1700,0.000158214,-0.000754474,16.879304885864258,5.638731479644775,16614.91694849315,95.17786407470703,-1.31271708,-1.379225124,-0.000120524,1.6623E-06
46.8,1700,0.002046325,-0.000530223,16.87957000732422,5.611693859100342,16624.894051700598,94.72297668457031,-0.923093915,-0.974519551,-0.002216811,2.16033E-05
46.9,1700,0.002624202,-0.000303945,16.879858016967773,5.607779502868652,16630.853036581597,94.65852355957031,-0.52934438,-0.559214689,-0.004957458,2.77228E-05
47,1700,2.7066562324762344e-7,-0.000301626,16.879947662353516,5.599462032318115,16634.443348286113,94.51862335205078,-0.525419533,-0.55588996,-5.15E-07,2.8636220061883932e-9
47.1,1700,-0.000656427,-0.000428414,16.879688262939453,5.613529205322266,16638.12924621133,94.75462341308594,-0.746442378,-0.787763577,0.000879407,-6.92765E-06
47.2,1700,0.002665112,-0.000355167,16.879796981811523,5.611474990844727,16639.462790558722,94.72055817,-0.618871868,-0.653365906,-0.004306403,2.81366E-05
47.3,1700,0.004083284,-0.000180233,16.879976272583008,5.588284015655518,16640.79167216364,94.33010101,-0.314076841,-0.332955061,-0.013000908,4.32872E-05
47.4,1700,2.05648E-05,-0.00021628,16.880008697509766,5.581530570983887,16639.326405341377,94.21628571,-0.376861215,-0.399995828,-5.45687E-05,2.1827250407113752e-7
47.5,1700,-0.000901691,-0.000354218,16.87982940673828,5.578858852386475,16638.05347664614,94.1701889,-0.617165267,-0.655372255,0.001461021,-9.57513E-06
47.6,1700,0.001831599,-0.000374874,16.87982177734375,5.597814083099365,16639.950047147195,94.49010467529297,-0.653229833,-0.691320887,-0.002803912,1.9384E-05
47.7,1700,0.000710586,-6.78669E-05,16.880172729492188,5.572743892669678,16640.116740190617,94.06887817382812,-0.118261389,-0.125717861,-0.006008605,7.55389E-06
47.8,1700,0.001445193,-0.000218265,16.880111694335938,5.558412075042725,16635.394547750686,93.82661437988281,-0.380229235,-0.405246671,-0.003800846,1.54028E-05
47.9,1700,-0.000755719,-0.000362189,16.879907608032227,5.561129570007324,16636.137089489574,93.87135314941406,-0.630981386,-0.672176713,0.001197689,-8.05058E-06
48,1700,0.002247816,-0.000328376,16.879777908325195,5.584769248962402,16639.22499069258,94.26966094970703,-0.572180331,-0.606961222,-0.00392851,2.38445E-05
48.1,1700,0.00295119,-0.000145374,16.879880905151367,5.586747169494629,16640.197172498283,94.30362701416016,-0.253323197,-0.268625072,-0.011649902,3.12946E-05
48.2,1700,0.001115561,-0.000298353,16.87979507446289,5.600661754608154,16639.045475107356,94.53802490234375,-0.519861937,-0.549897226,-0.00214588,1.18001E-05
48.3,1700,-0.001082594,-0.000329569,16.880054473876953,5.591923236846924,16640.907075039857,94.39196777,-0.574317157,-0.608438579,0.00188501,-1.14691E-05
48.4,1700,0.00227005,-0.000184284,16.87990951538086,5.602541923522949,16638.785527214462,94.57040405273438,-0.321098506,-0.339533831,-0.007069638,2.40038E-05
48.5,1700,0.002720119,-0.000141026,16.879989624023438,5.603384017944336,16636.06831403809,94.58506774902344,-0.24568522,-0.259750546,-0.011071562,2.87584E-05
48.6,1700,-0.000954897,-0.000333361,16.879663467407227,5.617507457733154,16636.645328419174,94.82163239,-0.580776095,-0.612493232,0.001644175,-1.00705E-05
48.7,1700,0.000672749,-0.000208724,16.87969207763672,5.607528209686279,16637.433331897177,94.65335083007812,-0.363652468,-0.384193985,-0.001849976,7.1075E-06
48.8,1700,0.004433279,-0.000174988,16.879547119140625,5.626169681549072,16636.984542934115,94.96719360351562,-0.304867327,-0.321023841,-0.014541666,4.66822E-05
48.9,1700,0.003101207,-0.000117328,16.879554748535156,5.622115135192871,16636.596369623203,94.89880371,-0.204407036,-0.215394748,-0.015171725,3.26791E-05
49,1700,0.00011045,-0.00032319,16.879491806030273,5.633986949920654,16634.529609021873,95.09883880615234,-0.562986135,-0.592001062,-0.000196186,1.16142E-06
49.1,1700,0.001230244,-0.000260292,16.879499435424805,5.628922462463379,16635.637010359304,95.01339721679688,-0.453449786,-0.477248291,-0.002713077,1.29481E-05
49.2,1700,0.003091377,-0.00024137,16.879440307617188,5.628461837768555,16635.93543,95.00528717041016,-0.420493752,-0.44260039,-0.007351779,3.2539E-05
49.3,1700,0.000670983,-0.000150867,16.879514694213867,5.617972373962402,16636.318936446038,94.82864379882812,-0.26283285,-0.277166092,-0.002552887,7.07574E-06
49.4,1700,-0.002538356,-0.000280718,16.879478454589844,5.605558395385742,16635.649832901105,94.61890411376953,-0.489034206,-0.516846217,0.005190549,-2.68272E-05
49.5,1700,-0.000516,-0.000248079,16.879484176635742,5.621916294,16635.46332320217,94.89505004882812,-0.432168633,-0.455417484,0.001193978,-5.43759E-06
49.6,1700,0.003862069,-0.000166675,16.879362106323242,5.637572288513184,16637.37621330188,95.15862274169922,-0.290390879,-0.305165071,-0.013299555,4.05856E-05
49.7,1700,0.000974953,-0.000171494,16.87946128845215,5.636546611785889,16638.67362,95.14186859,-0.298809916,-0.314067723,-0.003262787,1.02474E-05
49.8,1700,-0.001435219,-0.000226091,16.87952423095703,5.6304779052734375,16638.653804739588,95.03978729248047,-0.393940806,-0.414500944,0.003643236,-1.51012E-05
49.9,1700,0.001306347,-0.000176466,16.879697799682617,5.621204376220703,16638.64564494026,94.88423156738281,-0.307473391,-0.324051082,-0.00424865,1.37678E-05
50,1700,0.002999245,-0.000219524,16.879539489746094,5.628502368927002,16638.27962,95.00653076171875,-0.382489294,-0.402592635,-0.007841382,3.15688E-05
50.1,1700,0.001087766,-0.000222762,16.87943458557129,5.643001556396484,16639.348553368123,95.25067901611328,-0.388155788,-0.407509739,-0.002802395,1.142E-05
50.2,1700,-0.000907378,-0.000298781,16.879384994506836,5.639947891235352,16640.334723401247,95.19885254,-0.520647883,-0.546905631,0.001742786,-9.5314E-06
50.3,1700,0.002180797,-0.000140135,16.87948226928711,5.626887321472168,16638.731905676017,94.97894287109375,-0.244171754,-0.257079885,-0.008931406,2.29608E-05
50.4,1700,0.003078148,-0.000159013,16.87950325012207,5.636723041534424,16638.96853985654,95.14508819580078,-0.277068436,-0.291206245,-0.011109705,3.23522E-05
50.5,1700,0.002510722,-7.6275E-05,16.879426956176758,5.629798412322998,16637.794694438868,95.02777099609375,-0.132894352,-0.139847898,-0.018892622,2.64209E-05
50.6,1700,-0.001285572,-0.000226215,16.87943458557129,5.6314215660095215,16639.127073100637,95.05521392822266,-0.39416647,-0.414671097,0.003261496,-1.35245E-05
50.7,1700,0.00176476,-0.000156906,16.879453659057617,5.626984596252441,16637.967215910383,94.98042297363281,-0.273381323,-0.287829107,-0.006455305,1.85802E-05
50.8,1700,0.003077702,-0.000120086,16.879470825195312,5.634056568145752,16638.848474237853,95.09989166259766,-0.209239364,-0.220020604,-0.014709001,3.23628E-05
50.9,1700,0.000644974,-0.000281446,16.879425048828125,5.627889156341553,16638.481283268073,94.99553680419922,-0.490384787,-0.516218785,-0.00131524,6.78952E-06
51,1000,-0.001195,0.002271404,16.886579513549805,5.168795108795166,16631.362441196816,87.28327178955078,3.9559500217437744,4.532311856746674,-0.000302077,-1.36911E-05
51.1,1000,0.000912419,0.033130035,18.86961555480957,2.2469608783721924,16237.124068014384,42.399288177490234,56.332576751708984,132.86207914352417,1.6197E-05,2.15197E-05
51.2,1000,-0.004825692,0.16771802306175232,19.145183563232422,4.295413494110107,13848.31367247256,82.23648071289062,243.2233428955078,200,-1.98406E-05,-5.86807E-05
51.3,1000,-0.00392555,0.13456572592258453,10.57552719116211,8.271408081054688,9010.315612,87.47450256347656,126.97057342529297,145.15153169631958,-3.0917E-05,-4.48765E-05
51.4,1000,-0.002334667,0.085937157,5.658046722412109,10.375924110412598,5718.178129,58.707462310791016,51.45970535,87.65444755554199,-4.53688E-05,-3.97678E-05
51.5,1000,-0.001674335,0.056806002,3.018503427505493,11.497681617736816,3613.890027516778,34.70579147338867,21.49798583984375,61.94351315498352,-7.78833E-05,-4.82437E-05
51.6,1000,-0.002277091,0.037167176604270935,1.6103432178497314,12.087444305419922,3218.682678164092,19.464933395385742,12.527556419372559,64.35961127281189,-0.000181767,-0.000116984
51.7,1000,-0.001058828,0.024494616,0.8591017723083496,12.410560607910156,3218.682678164092,10.661934852600098,8.256147384643555,77.43573188781738,-0.000128247,-9.93091E-05
51.8,1000,0.0014182,0.013218543492257595,0.45832130312919617,12.585644721984863,3218.682678164092,5.768269062042236,4.455437660217285,77.24046111106873,0.000318308,0.000245862
51.9,1000,0.000828645,0.007180104,0.24450908601284027,12.684833526611328,3218.682678164092,3.1015570163726807,2.420123577,78.02931070327759,0.000342398,0.000267171
52,1000,-0.001269135,0.005371305,0.1972936987876892,12.701566696166992,3218.682678164092,2.505939007,1.8104503154754639,72.24637866020203,-0.000701005,-0.000506451
