Time;Input voltage [V];Input current [A];Motor revolutions [x100rpm];Controller temperature [°C];BEC voltage [V];BEC current [A];BEC temperature [°C];Input request [%];Incoming power [W];Cruising speed (car) [km/h];Motor temperature [°C];Battery temperature [°C];Output power [%];Automatic regulation;I*T fuse;Low voltage;High current;ESC overheated;Motor overheated;Battery overheated;HW current fuse;HW overvoltage/undervoltage;Pulse current [A];Capacity [%];Motor run time [s];Lowest cell [V];Highest cell [V];Lower cell index;Highest voltage cell index;
10:38:51.307;15.234;0;0;24;8.268;0;30;0;0;0;24;0;-27.451;0;0;0;0;0;0;0;0;0;0;100;0;0;0;0;0;
10:38:51.403;15.182;0.3;0;24;8.273;0;30;0;0;0;24;0;-27.451;0;0;0;0;0;0;0;0;0;0;100;0;0;0;0;0;
10:38:51.499;15.112;0.6;0;23;8.27;0;30;0;0;0;24;0;-27.451;0;0;0;0;0;0;0;0;0;0;100;0;0;0;0;0;
10:38:51.611;15.147;0;0;24;8.266;0;30;0;0;0;24;0;-27.451;0;0;0;0;0;0;0;0;0;0;100;0;0;0;0;0;
10:38:51.707;15.147;0.1;0;24;8.268;0;30;0;0;0;24;0;-27.451;0;0;0;0;0;0;0;0;0;0;100;0;0;0;0;0;
10:38:51.804;15.234;0;0;24;8.268;0.015;30;0;0;0;24;0;-27.451;0;0;0;0;0;0;0;0;0;0;100;0;0;0;0;0;
10:38:51.915;15.164;1.1;0;23;8.268;0;31;0;10;0;23;0;-27.451;0;0;0;0;0;0;0;0;0;0;100;0;0;0;0;0;
10:38:52.012;15.147;0;0;23;8.264;0;30;0;0;0;23;0;-27.451;0;0;0;0;0;0;0;0;0;0;100;0;0;0;0;0;
10:38:52.106;15.199;0;0;24;8.264;0;30;0;0;0;23;0;-27.451;0;0;0;0;0;0;0;0;0;0;100;0;0;0;0;0;
10:38:52.204;15.46;0.6;0;23;8.27;0;30;0;0;0;23;0;-27.451;0;0;0;0;0;0;0;0;0;0;100;0;0;0;0;0;
10:38:52.316;15.216;0;0;24;8.273;0.004;30;0;0;0;24;0;-27.451;0;0;0;0;0;0;0;0;0;0;100;0;0;0;0;0;
10:38:52.412;15.46;0.8;0;23;8.306;0;30;0;10;0;24;0;-27.451;0;0;0;0;0;0;0;0;0;0;100;0;0;0;0;0;
10:38:52.508;15.094;0.5;0;23;8.27;0;30;0;0;0;24;0;-27.451;0;0;0;0;0;0;0;0;0;0;100;0;0;0;0;0;
10:38:52.603;15.303;0;0;24;8.266;0.019;31;0;0;0;24;0;-27.451;0;0;0;0;0;0;0;0;0;0;100;0;0;0;0;0;
10:38:52.717;15.112;0.5;0;24;8.27;0;30;0;0;0;24;0;-27.451;0;0;0;0;0;0;0;0;0;0;100;0;0;0;0;0;
10:38:52.813;15.147;0;0;24;8.268;0;31;0;0;0;24;0;-27.451;0;0;0;0;0;0;0;0;0;0;100;0;0;0;0;0;
10:38:52.907;15.164;0.8;0;24;8.268;0;30;0;10;0;24;0;-27.451;0;0;0;0;0;0;0;0;0;0;100;0;0;0;0;0;
10:38:53.003;15.234;0;0;24;8.27;0;31;0;0;0;24;0;-27.451;0;0;0;0;0;0;0;0;0;0;100;0;0;0;0;0;
10:38:53.115;15.199;0;0;24;8.27;0;30;0;0;0;24;0;-27.451;0;0;0;0;0;0;0;0;0;0;100;0;0;0;0;0;
10:38:53.212;15.147;0;0;23;8.268;0;31;0;0;0;24;0;-27.451;0;0;0;0;0;0;0;0;0;0;100;0;0;0;0;0;
10:38:53.307;15.199;0.3;0;23;8.27;0;30;0;0;0;24;0;-27.451;0;0;0;0;0;0;0;0;0;0;100;0;0;0;0;0;
10:38:53.404;15.216;0;0;23;8.27;0;31;0;0;0;24;0;-27.451;0;0;0;0;0;0;0;0;0;0;100;0;0;0;0;0;
10:38:53.516;15.164;0.3;0;25;8.27;0;30;0;0;0;24;0;-27.451;0;0;0;0;0;0;0;0;0;0;100;0;0;0;0;0;
10:38:53.612;15.216;0.6;0;25;8.268;0;30;0;0;0;24;0;-27.451;0;0;0;0;0;0;0;0;0;0;100;0;0;0;0;0;
10:38:53.708;15.164;1.7;0;25;8.268;0;30;0;20;0;24;0;-27.451;0;0;0;0;0;0;0;0;0;0;100;0;0;0;0;0;
10:38:53.821;15.182;0.3;0;23;8.306;0.069;31;0;0;0;24;0;-27.451;0;0;0;0;0;0;0;0;0;0;100;0;0;0;0;0;
10:38:53.917;15.147;0.3;0;20;8.27;0;31;0;0;0;24;0;-27.451;0;0;0;0;0;0;0;0;0;0;100;0;0;0;0;0;
10:38:54.013;15.129;0;0;21;8.268;0;31;0;0;0;24;0;-27.451;0;0;0;0;0;0;0;0;0;0;100;0;0;0;0;0;
10:38:54.108;15.216;0.6;0;21;8.27;0;31;0;0;0;24;0;-27.451;0;0;0;0;0;0;0;0;0;0;100;0;0;0;0;0;
10:38:54.220;15.425;0.1;0;23;8.268;0;31;0;0;0;24;0;-27.451;0;0;0;0;0;0;0;0;0;0;100;0;0;0;0;0;
10:38:54.316;16.853;0.6;0;24;8.268;0;30;0;10;0;24;0;-27.451;0;0;0;0;0;0;0;0;0;0;100;0;0;0;0;0;
10:38:54.413;15.164;0;0;24;8.266;0;31;0;0;0;24;0;-27.451;0;0;0;0;0;0;0;0;0;0;100;0;0;0;0;0;
10:38:54.524;15.199;0.1;0;24;8.27;0;31;0;0;0;24;0;-27.451;0;0;0;0;0;0;0;0;0;0;100;0;0;0;0;0;
10:38:54.621;15.199;0;0;23;8.268;0;31;0;0;0;24;0;-27.451;0;0;0;0;0;0;0;0;0;0;100;0;0;0;0;0;
10:38:54.716;15.216;0;0;24;8.282;0;30;0;0;0;24;0;-27.451;0;0;0;0;0;0;0;0;0;0;100;0;0;0;0;0;
10:38:54.813;15.199;0;0;24;8.266;0;30;0;0;0;24;0;-27.451;0;0;0;0;0;0;0;0;0;0;100;0;0;0;0;0;
10:38:54.925;15.199;0;0;24;8.266;0;30;0;0;0;24;0;-27.451;0;0;0;0;0;0;0;0;0;0;100;0;0;0;0;0;
10:38:55.019;15.129;0.1;0;23;8.266;0;31;0;0;0;24;0;-27.451;0;0;0;0;0;0;0;0;0;0;100;0;0;0;0;0;
10:38:55.116;15.216;0.5;0;24;8.268;0;31;0;0;0;24;0;-27.451;0;0;0;0;0;0;0;0;0;0;100;0;0;0;0;0;
10:38:55.229;15.234;0.6;0;24;8.268;0;30;0;0;0;24;0;-27.451;0;0;0;0;0;0;0;0;0;0;100;0;0;0;0;0;
10:38:55.325;15.216;0.1;0;23;8.268;0.004;31;0;0;0;24;0;-27.451;0;0;0;0;0;0;0;0;0;0;100;0;0;0;0;0;
10:38:55.422;15.199;0.8;0;23;8.268;0;31;0;10;0;24;0;-27.451;0;0;0;0;0;0;0;0;0;0;100;0;0;0;0;0;
10:38:55.517;15.164;0.1;0;23;8.266;0;31;0;0;0;24;0;-27.451;0;0;0;0;0;0;0;0;0;0;100;0;0;0;0;0;
10:38:55.629;15.164;0;0;24;8.27;0.004;31;0;0;0;24;0;-27.451;0;0;0;0;0;0;0;0;0;0;100;0;0;0;0;0;
10:38:55.724;15.129;0.3;0;24;8.27;0;31;0;0;0;24;0;-27.451;0;0;0;0;0;0;0;0;0;0;100;0;0;0;0;0;
10:38:55.822;15.234;0.3;0;23;8.273;0;31;0;0;0;24;0;-27.451;0;0;0;0;0;0;0;0;0;0;100;0;0;0;0;0;
10:38:55.932;15.112;0.1;0;22;8.266;0;31;0;0;0;24;0;-27.451;0;0;0;0;0;0;0;0;0;0;100;0;0;0;0;0;
10:38:56.028;15.112;0.1;0;23;8.268;0;31;0;0;0;24;0;-27.451;0;0;0;0;0;0;0;0;0;0;100;0;0;0;0;0;
10:38:56.125;15.199;0;0;24;8.266;0;31;0;0;0;24;0;-27.451;0;0;0;0;0;0;0;0;0;0;100;0;0;0;0;0;
10:38:56.221;13.005;0.8;0;24;8.268;0;31;0;10;0;24;0;-27.451;0;0;0;0;0;0;0;0;0;0;100;0;0;0;0;0;
10:38:56.334;15.216;0;0;23;8.268;0;31;0;0;0;24;0;-27.451;0;0;0;0;0;0;0;0;0;0;100;0;0;0;0;0;
10:38:56.430;15.251;0;0;23;8.273;0;31;0;0;0;24;0;-27.451;0;0;0;0;0;0;0;0;0;0;100;0;0;0;0;0;
10:38:56.526;15.199;0;0;23;8.27;0;31;0;0;0;24;0;-27.451;0;0;0;0;0;0;0;0;0;0;100;0;0;0;0;0;
10:38:56.623;15.234;0;0;23;8.27;0.004;31;0;0;0;24;0;-27.451;0;0;0;0;0;0;0;0;0;0;100;0;0;0;0;0;
10:38:56.734;15.129;0.5;0;23;8.266;0;31;0;0;0;24;0;-27.451;0;0;0;0;0;0;0;0;0;0;100;0;0;0;0;0;
10:38:56.829;15.199;0;0;23;8.268;0.008;31;0;0;0;24;0;-27.451;0;0;0;0;0;0;0;0;0;0;100;0;0;0;0;0;
10:38:56.926;15.216;0.5;0;23;8.273;0;31;0;0;0;24;0;-27.451;0;0;0;0;0;0;0;0;0;0;100;0;0;0;0;0;
10:38:57.022;15.164;0;0;24;8.27;0;31;0;0;0;24;0;-27.451;0;0;0;0;0;0;0;0;0;0;100;0;0;0;0;0;
10:38:57.133;15.182;0.3;0;23;8.268;0;31;0;0;0;24;0;-27.451;0;0;0;0;0;0;0;0;0;0;100;0;0;0;0;0;
10:38:57.231;15.286;0;0;24;8.268;0;31;0;0;0;24;0;-27.451;0;0;0;0;0;0;0;0;0;0;100;0;0;0;0;0;
10:38:57.326;15.182;0.6;0;23;8.273;0;31;0;0;0;24;0;-27.451;0;0;0;0;0;0;0;0;0;0;100;0;0;0;0;0;
10:38:57.438;15.182;1;0;23;8.268;0;31;0;10;0;24;0;-27.451;0;0;0;0;0;0;0;0;0;0;100;0;0;0;0;0;
10:38:57.533;15.199;0;0;23;8.282;0.004;31;0;0;0;24;0;-27.451;0;0;0;0;0;0;0;0;0;0;100;0;0;0;0;0;
10:38:57.629;15.234;0;0;24;8.266;0;31;0;0;0;24;0;-27.451;0;0;0;0;0;0;0;0;0;0;100;0;0;0;0;0;
10:38:57.727;15.147;0.3;0;24;8.268;0;31;0;0;0;24;0;-27.451;0;0;0;0;0;0;0;0;0;0;100;0;0;0;0;0;
10:38:57.839;15.234;0.5;0;24;8.266;0;31;0;0;0;24;0;-27.451;0;0;0;0;0;0;0;0;0;0;100;0;0;0;0;0;
10:38:57.935;15.094;0.1;0;23;8.27;0;31;0;0;0;24;0;-27.451;0;0;0;0;0;0;0;0;0;0;100;0;0;0;0;0;
10:38:58.031;15.147;0.8;0;24;8.259;0;31;0;10;0;24;0;-27.451;0;0;0;0;0;0;0;0;0;0;100;0;0;0;0;0;
10:38:58.127;15.199;0.3;0;24;8.266;0;31;0;0;0;24;0;-27.451;0;0;0;0;0;0;0;0;0;0;100;0;0;0;0;0;
10:38:58.238;15.182;0;0;23;8.27;0;31;0;0;0;24;0;-27.451;0;0;0;0;0;0;0;0;0;0;100;0;0;0;0;0;
10:38:58.336;15.147;0.3;0;23;8.27;0;31;0;0;0;24;0;-27.451;0;0;0;0;0;0;0;0;0;0;100;0;0;0;0;0;
10:38:58.430;15.147;8.5;0;24;8.268;0;31;0;120;0;24;0;-27.451;0;0;0;0;0;0;0;0;0;0;100;0;0;0;0;0;
10:38:58.527;15.147;0.8;0;24;8.268;0;31;0;10;0;24;0;-27.451;0;0;0;0;0;0;0;0;0;0;100;0;0;0;0;0;
10:38:58.639;15.182;0.1;0;24;8.268;0;31;0;0;0;25;0;-27.451;0;0;0;0;0;0;0;0;0;0;100;0;0;0;0;0;
10:38:58.736;15.182;0.5;0;23;8.268;0;31;0;0;0;25;0;-27.451;0;0;0;0;0;0;0;0;0;0;100;0;0;0;0;0;
10:38:58.831;15.234;0.6;0;23;8.266;0;31;0;0;0;25;0;-27.451;0;0;0;0;0;0;0;0;0;0;100;0;0;0;0;0;
10:38:58.944;15.147;0;0;24;8.266;0;31;0;0;0;25;0;-27.451;0;0;0;0;0;0;0;0;0;0;100;0;0;0;0;0;
10:38:59.039;15.147;0.3;0;24;8.268;0;31;0;0;0;24;0;-27.451;0;0;0;0;0;0;0;0;0;0;100;0;0;0;0;0;
10:38:59.136;15.164;0.5;0;24;8.268;0;31;0;0;0;24;0;-27.451;0;0;0;0;0;0;0;0;0;0;100;0;0;0;0;0;
10:38:59.247;15.164;1.3;0;23;8.268;0;31;0;10;0;24;0;-27.451;0;0;0;0;0;0;0;0;0;0;100;0;0;0;0;0;
10:38:59.344;15.216;0;0;24;8.27;0;31;0;0;0;24;0;-27.451;0;0;0;0;0;0;0;0;0;0;100;0;0;0;0;0;
10:38:59.439;15.094;0.5;0;23;8.268;0.027;31;0;0;0;24;0;-27.451;0;0;0;0;0;0;0;0;0;0;100;0;0;0;0;0;
10:38:59.552;15.216;0.3;0;24;8.266;0.058;31;0;0;0;24;0;-27.451;0;0;0;0;0;0;0;0;0;0;100;0;0;0;0;0;
10:38:59.647;15.216;0.1;0;23;8.268;0.008;31;0;0;0;24;0;-27.451;0;0;0;0;0;0;0;0;0;0;100;0;0;0;0;0;
10:38:59.744;15.199;0.5;0;23;8.268;0;31;0;0;0;24;0;-27.451;0;0;0;0;0;0;0;0;0;0;100;0;0;0;0;0;
10:38:59.839;15.147;0.6;0;23;8.268;0;31;0;0;0;24;0;-27.451;0;0;0;0;0;0;0;0;0;0;100;0;0;0;0;0;
10:38:59.953;15.234;0;0;23;8.27;0;31;0;0;0;24;0;-27.451;0;0;0;0;0;0;0;0;0;0;100;0;0;0;0;0;
10:39:00.047;15.216;0.6;0;23;8.266;0;31;0;0;0;24;0;-27.451;0;0;0;0;0;0;0;0;0;0;100;0;0;0;0;0;
10:39:00.145;15.216;1.1;0;23;8.266;0;31;0;10;0;24;0;-27.451;0;0;0;0;0;0;0;0;0;0;100;0;0;0;0;0;
10:39:00.256;15.199;0;0;23;8.268;0;31;0;0;0;24;0;-27.451;0;0;0;0;0;0;0;0;0;0;100;0;0;0;0;0;
10:39:00.353;15.216;0.1;0;23;8.264;0.004;31;0;0;0;24;0;-27.451;0;0;0;0;0;0;0;0;0;0;100;0;0;0;0;0;
10:39:00.450;15.164;0.3;0;23;8.268;0;31;0;0;0;24;0;-27.451;0;0;0;0;0;0;0;0;0;0;100;0;0;0;0;0;
10:39:00.544;15.216;0;0;24;8.261;0;31;0;0;0;24;0;-27.451;0;0;0;0;0;0;0;0;0;0;100;0;0;0;0;0;
10:39:00.657;15.216;0;0;24;8.268;0;31;0;0;0;24;0;-27.451;0;0;0;0;0;0;0;0;0;0;100;0;0;0;0;0;
10:39:00.753;15.216;0.3;0;24;8.266;0;31;0;0;0;24;0;-27.451;0;0;0;0;0;0;0;0;0;0;100;0;0;0;0;0;
10:39:00.849;15.182;0.8;0;24;8.27;0;31;0;10;0;24;0;-27.451;0;0;0;0;0;0;0;0;0;0;100;0;0;0;0;0;
10:39:00.945;15.077;0;0;24;8.268;0;31;0;0;0;24;0;-27.451;0;0;0;0;0;0;0;0;0;0;100;0;0;0;0;0;
10:39:01.057;15.147;0.1;0;23;8.268;0;31;0;0;0;24;0;-27.451;0;0;0;0;0;0;0;0;0;0;100;0;0;0;0;0;
10:39:01.153;15.216;0.8;0;24;8.27;0;31;0;10;0;24;0;-27.451;0;0;0;0;0;0;0;0;0;0;100;0;0;0;0;0;
10:39:01.249;15.094;0.3;0;24;8.27;0;31;0;0;0;24;0;-27.451;0;0;0;0;0;0;0;0;0;0;100;0;0;0;0;0;
10:39:01.345;15.216;0.8;0;25;8.273;0;31;0;10;0;24;0;-27.451;0;0;0;0;0;0;0;0;0;0;100;0;0;0;0;0;
10:39:01.457;15.147;0;0;24;8.264;0;31;0;0;0;24;0;-27.451;0;0;0;0;0;0;0;0;0;0;100;0;0;0;0;0;
10:39:01.554;15.286;0.8;0;24;8.259;0;31;0;10;0;23;0;-27.451;0;0;0;0;0;0;0;0;0;0;100;0;0;0;0;0;
10:39:01.650;15.338;0;0;24;8.266;0;31;0;0;0;23;0;-27.451;0;0;0;0;0;0;0;0;0;0;100;0;0;0;0;0;
10:39:01.760;15.182;0;0;25;8.268;0;31;0;0;0;23;0;-27.451;0;0;0;0;0;0;0;0;0;0;100;0;0;0;0;0;
10:39:01.858;15.251;0;0;24;8.266;0;31;0;0;0;24;0;-27.451;0;0;0;0;0;0;0;0;0;0;100;0;0;0;0;0;
10:39:01.953;15.182;0.3;0;24;8.268;0.008;31;0;0;0;24;0;-27.451;0;0;0;0;0;0;0;0;0;0;100;0;0;0;0;0;
10:39:02.050;15.147;1.1;0;24;8.268;0;31;0;10;0;24;0;-27.451;0;0;0;0;0;0;0;0;0;0;100;0;0;0;0;0;
10:39:02.162;15.251;0.5;0;24;8.275;0;31;0;0;0;24;0;-27.451;0;0;0;0;0;0;0;0;0;0;100;0;0;0;0;0;
10:39:02.258;15.129;0.3;0;24;8.268;0.008;31;0;0;0;23;0;-27.451;0;0;0;0;0;0;0;0;0;0;100;0;0;0;0;0;
10:39:02.354;15.112;0.8;0;24;8.266;0;31;0;10;0;23;0;-27.451;0;0;0;0;0;0;0;0;0;0;100;0;0;0;0;0;
10:39:02.450;15.182;0;0;26;8.268;0;31;0;0;0;23;0;-27.451;0;0;0;0;0;0;0;0;0;0;100;0;0;0;0;0;
10:39:02.563;15.234;0.5;0;26;8.268;0;31;0;0;0;24;0;-27.451;0;0;0;0;0;0;0;0;0;0;100;0;0;0;0;0;
10:39:02.659;15.234;0.5;0;26;8.268;0;31;0;0;0;24;0;-27.451;0;0;0;0;0;0;0;0;0;0;100;0;0;0;0;0;
10:39:02.754;15.129;0.5;0;24;8.284;0;31;0;0;0;24;0;-27.451;0;0;0;0;0;0;0;0;0;0;100;0;0;0;0;0;
10:39:02.850;15.129;0.5;0;24;8.284;0;31;0;0;0;24;0;-27.451;0;0;0;0;0;0;0;0;0;0;100;0;0;0;0;0;
10:39:02.963;15.129;0.5;0;24;8.284;0;31;0;0;0;24;0;-27.451;0;0;0;0;0;0;0;0;0;0;100;0;0;0;0;0;
10:39:03.058;15.129;0.5;0;24;8.284;0;31;0;0;0;24;0;-27.451;0;0;0;0;0;0;0;0;0;0;100;0;0;0;0;0;
10:39:03.154;15.129;0.5;0;24;8.284;0;31;0;0;0;24;0;-27.451;0;0;0;0;0;0;0;0;0;0;100;0;0;0;0;0;
10:39:03.267;15.129;0.5;0;24;8.284;0;31;0;0;0;24;0;-27.451;0;0;0;0;0;0;0;0;0;0;100;0;0;0;0;0;
10:39:03.363;15.129;0.5;0;24;8.284;0;31;0;0;0;24;0;-27.451;0;0;0;0;0;0;0;0;0;0;100;0;0;0;0;0;
10:39:03.457;15.129;0.5;0;24;8.284;0;31;0;0;0;24;0;-27.451;0;0;0;0;0;0;0;0;0;0;100;0;0;0;0;0;
10:39:03.570;15.129;0.5;0;24;8.284;0;31;0;0;0;24;0;-27.451;0;0;0;0;0;0;0;0;0;0;100;0;0;0;0;0;
10:39:03.665;15.129;0.5;0;24;8.284;0;31;0;0;0;24;0;-27.451;0;0;0;0;0;0;0;0;0;0;100;0;0;0;0;0;
10:39:03.762;15.129;0.5;0;24;8.284;0;31;0;0;0;24;0;-27.451;0;0;0;0;0;0;0;0;0;0;100;0;0;0;0;0;
10:39:03.858;15.216;2;0;24;8.266;0;31;0;30;0;24;0;-27.451;0;0;0;0;0;0;0;0;0;0;100;0;0;0;0;0;
10:39:03.970;15.216;0.1;0;24;8.268;0;31;0;0;0;24;0;-27.451;0;0;0;0;0;0;0;0;0;0;100;0;0;0;0;0;
10:39:04.066;15.286;0.5;0;24;8.268;0;31;0;0;0;24;0;-27.451;0;0;0;0;0;0;0;0;0;0;100;0;0;0;0;0;
10:39:04.162;15.182;0;0;24;8.268;0;31;0;0;0;24;0;-27.451;0;0;0;0;0;0;0;0;0;0;100;0;0;0;0;0;
10:39:04.275;15.129;0;0;24;8.27;0;31;0;0;0;24;0;-27.451;0;0;0;0;0;0;0;0;0;0;100;0;0;0;0;0;
10:39:04.370;15.216;0.3;0;23;8.268;0.004;31;0;0;0;24;0;-27.451;0;0;0;0;0;0;0;0;0;0;100;0;0;0;0;0;
10:39:04.466;15.234;0.1;0;23;8.266;0;31;0;0;0;24;0;-27.451;0;0;0;0;0;0;0;0;0;0;100;0;0;0;0;0;
10:39:04.562;15.182;0.3;0;24;8.27;0;31;0;0;0;24;0;-27.451;0;0;0;0;0;0;0;0;0;0;100;0;0;0;0;0;
10:39:04.675;15.147;0.5;0;24;8.268;0;31;0;0;0;24;0;-27.451;0;0;0;0;0;0;0;0;0;0;100;0;0;0;0;0;
10:39:04.770;15.182;0;0;24;8.266;0;31;0;0;0;24;0;-27.451;0;0;0;0;0;0;0;0;0;0;100;0;0;0;0;0;
10:39:04.867;15.147;0;0;23;8.27;0;31;0;0;0;24;0;-27.451;0;0;0;0;0;0;0;0;0;0;100;0;0;0;0;0;
10:39:04.979;15.234;0.3;0;24;8.266;0.004;31;0;0;0;24;0;-27.451;0;0;0;0;0;0;0;0;0;0;100;0;0;0;0;0;
10:39:05.075;15.216;0.1;0;24;8.273;0;31;0;0;0;24;0;-27.451;0;0;0;0;0;0;0;0;0;0;100;0;0;0;0;0;
10:39:05.171;15.216;0.6;0;25;8.266;0;31;0;0;0;24;0;-27.451;0;0;0;0;0;0;0;0;0;0;100;0;0;0;0;0;
10:39:05.267;15.182;0.5;0;25;8.27;0.015;31;0;0;0;24;0;-27.451;0;0;0;0;0;0;0;0;0;0;100;0;0;0;0;0;
10:39:05.364;15.164;0.5;0;24;8.266;0;31;0;0;0;24;0;-27.451;0;0;0;0;0;0;0;0;0;0;100;0;0;0;0;0;
10:39:05.476;15.129;0;0;24;8.201;0;31;0;0;0;24;0;-27.451;0;0;0;0;0;0;0;0;0;0;100;0;0;0;0;0;
10:39:05.571;15.129;0.5;0;23;8.266;0;31;0;0;0;24;0;-27.451;0;0;0;0;0;0;0;0;0;0;100;0;0;0;0;0;
10:39:05.667;15.112;0;0;23;8.268;0;31;0;0;0;24;0;-27.451;0;0;0;0;0;0;0;0;0;0;100;0;0;0;0;0;
10:39:05.779;15.216;0;0;23;8.268;0;31;0;0;0;24;0;-27.451;0;0;0;0;0;0;0;0;0;0;100;0;0;0;0;0;
10:39:05.875;15.147;0.6;0;24;8.268;0;31;0;0;0;24;0;-27.451;0;0;0;0;0;0;0;0;0;0;100;0;0;0;0;0;
10:39:05.972;15.269;0.8;0;24;8.27;0;31;0;10;0;24;0;-27.451;0;0;0;0;0;0;0;0;0;0;100;0;0;0;0;0;
10:39:06.067;15.251;0;0;24;8.273;0;31;0;0;0;24;0;-27.451;0;0;0;0;0;0;0;0;0;0;100;0;0;0;0;0;
10:39:06.179;15.129;0;0;23;8.266;0;31;0;0;0;24;0;-27.451;0;0;0;0;0;0;0;0;0;0;100;0;0;0;0;0;
10:39:06.275;15.164;0.8;0;23;8.268;0;31;0;10;0;24;0;-27.451;0;0;0;0;0;0;0;0;0;0;100;0;0;0;0;0;
10:39:06.372;15.182;0;0;23;8.273;0.004;31;0;0;0;24;0;-27.451;0;0;0;0;0;0;0;0;0;0;100;0;0;0;0;0;
10:39:06.469;14.973;0.5;0;23;8.268;0;31;0;0;0;24;0;-27.451;0;0;0;0;0;0;0;0;0;0;100;0;0;0;0;0;
10:39:06.580;15.199;0.1;0;23;8.268;0;31;0;0;0;24;0;-27.451;0;0;0;0;0;0;0;0;0;0;100;0;0;0;0;0;
10:39:06.676;15.234;1.1;0;23;8.268;0;31;0;10;0;24;0;-27.451;0;0;0;0;0;0;0;0;0;0;100;0;0;0;0;0;
10:39:06.773;15.164;2.5;0;24;8.268;0;31;0;30;0;24;0;-27.451;0;0;0;0;0;0;0;0;0;0;100;0;0;0;0;0;
10:39:06.884;15.164;0.1;0;24;8.261;0;31;0;0;0;24;0;-27.451;0;0;0;0;0;0;0;0;0;0;100;0;0;0;0;0;
10:39:06.980;15.199;0.3;0;24;8.268;0;31;0;0;0;24;0;-27.451;0;0;0;0;0;0;0;0;0;0;100;0;0;0;0;0;
10:39:07.077;15.251;0.1;0;24;8.266;0;31;0;0;0;24;0;-27.451;0;0;0;0;0;0;0;0;0;0;100;0;0;0;0;0;
10:39:07.173;15.129;0.1;0;24;8.27;0;31;0;0;0;24;0;-27.451;0;0;0;0;0;0;0;0;0;0;100;0;0;0;0;0;
10:39:07.285;15.164;0;0;24;8.268;0;31;0;0;0;24;0;-27.451;0;0;0;0;0;0;0;0;0;0;100;0;0;0;0;0;
10:39:07.380;15.199;0;0;24;8.266;0;31;0;0;0;24;0;-27.451;0;0;0;0;0;0;0;0;0;0;100;0;0;0;0;0;
10:39:07.477;15.199;0.5;0;23;8.268;0;31;0;0;0;24;0;-27.451;0;0;0;0;0;0;0;0;0;0;100;0;0;0;0;0;
10:39:07.573;15.129;0.5;0;23;8.259;0;31;0;0;0;24;0;-27.451;0;0;0;0;0;0;0;0;0;0;100;0;0;0;0;0;
10:39:07.684;15.182;0.6;0;22;8.266;0;31;0;0;0;24;0;-27.451;0;0;0;0;0;0;0;0;0;0;100;0;0;0;0;0;
10:39:07.781;15.147;0.8;0;22;8.27;0;31;0;10;0;24;0;-27.451;0;0;0;0;0;0;0;0;0;0;100;0;0;0;0;0;
10:39:07.877;15.164;0;0;23;8.268;0.004;31;0;0;0;24;0;-27.451;0;0;0;0;0;0;0;0;0;0;100;0;0;0;0;0;
10:39:07.990;15.164;0;0;24;8.268;0;31;0;0;0;24;0;-27.451;0;0;0;0;0;0;0;0;0;0;100;0;0;0;0;0;
10:39:08.085;15.182;0.1;0;24;8.27;0;31;0;0;0;24;0;-27.451;0;0;0;0;0;0;0;0;0;0;100;0;0;0;0;0;
10:39:08.181;15.199;1.1;0;24;8.266;0;31;0;10;0;24;0;-27.451;0;0;0;0;0;0;0;0;0;0;100;0;0;0;0;0;
10:39:08.276;15.129;0.1;0;24;8.266;0;31;0;0;0;24;0;-27.451;0;0;0;0;0;0;0;0;0;0;100;0;0;0;0;0;
10:39:08.390;15.182;0.6;0;24;8.268;0;31;0;0;0;24;0;-27.451;0;0;0;0;0;0;0;0;0;0;100;0;0;0;0;0;
10:39:08.485;15.147;0.6;0;24;8.268;0;31;0;0;0;24;0;-27.451;0;0;0;0;0;0;0;0;0;0;100;0;0;0;0;0;
10:39:08.581;15.164;0;0;24;8.27;0;31;0;0;0;24;0;-27.451;0;0;0;0;0;0;0;0;0;0;100;0;0;0;0;0;
10:39:08.693;15.112;0;0;24;8.27;0;31;0;0;0;24;0;-27.451;0;0;0;0;0;0;0;0;0;0;100;0;0;0;0;0;
10:39:08.790;15.251;0.5;0;24;8.266;0;31;0;0;0;24;0;-27.451;0;0;0;0;0;0;0;0;0;0;100;0;0;0;0;0;
10:39:08.885;15.216;0.5;0;24;8.266;0;31;0;0;0;24;0;-27.451;0;0;0;0;0;0;0;0;0;0;100;0;0;0;0;0;
10:39:08.982;15.164;0;0;24;8.394;0;31;0;0;0;24;0;-27.451;0;0;0;0;0;0;0;0;0;0;100;0;0;0;0;0;
10:39:09.094;15.182;0.1;0;24;8.266;0;31;0;0;0;24;0;-27.451;0;0;0;0;0;0;0;0;0;0;100;0;0;0;0;0;
10:39:09.190;15.216;0.6;0;24;8.27;0;31;0;0;0;24;0;-27.451;0;0;0;0;0;0;0;0;0;0;100;0;0;0;0;0;
10:39:09.285;15.147;0;0;24;8.266;0;31;0;0;0;24;0;-27.451;0;0;0;0;0;0;0;0;0;0;100;0;0;0;0;0;
10:39:09.399;15.164;0.5;0;23;8.266;0;31;0;0;0;24;0;-27.451;0;0;0;0;0;0;0;0;0;0;100;0;0;0;0;0;
10:39:09.494;15.147;0.6;0;23;8.268;0;31;0;0;0;24;0;-27.451;0;0;0;0;0;0;0;0;0;0;100;0;0;0;0;0;
10:39:09.589;15.182;0.1;0;25;8.266;0;31;0;0;0;24;0;-27.451;0;0;0;0;0;0;0;0;0;0;100;0;0;0;0;0;
10:39:09.702;15.147;0.6;0;25;8.266;0;31;0;0;0;24;0;-27.451;0;0;0;0;0;0;0;0;0;0;100;0;0;0;0;0;
10:39:09.800;15.164;0;0;25;8.266;0;31;0;0;0;24;0;-27.451;0;0;0;0;0;0;0;0;0;0;100;0;0;0;0;0;
10:39:09.894;15.164;0;0;24;8.266;0;31;0;0;0;24;0;-27.451;0;0;0;0;0;0;0;0;0;0;100;0;0;0;0;0;
10:39:09.990;15.216;0.6;0;23;8.268;0.066;32;0;0;0;24;0;-27.451;0;0;0;0;0;0;0;0;0;0;100;0;0;0;0;0;
10:39:10.103;15.164;0.1;0;23;8.27;0;31;0;0;0;24;0;-27.451;0;0;0;0;0;0;0;0;0;0;100;0;0;0;0;0;
10:39:10.198;15.112;0;0;27;8.266;0;31;0;0;0;24;0;-27.451;0;0;0;0;0;0;0;0;0;0;100;0;0;0;0;0;
10:39:10.296;15.234;0;0;27;8.268;0.004;31;0;0;0;24;0;-27.451;0;0;0;0;0;0;0;0;0;0;100;0;0;0;0;0;
10:39:10.405;15.234;0;0;26;8.266;0;31;0;0;0;24;0;-27.451;0;0;0;0;0;0;0;0;0;0;100;0;0;0;0;0;
10:39:10.502;15.199;0;0;23;8.27;0.008;31;0;0;0;24;0;-27.451;0;0;0;0;0;0;0;0;0;0;100;0;0;0;0;0;
10:39:10.599;15.216;0.6;0;23;8.268;0;31;0;0;0;24;0;-27.451;0;0;0;0;0;0;0;0;0;0;100;0;0;0;0;0;
10:39:10.694;15.182;0.5;0;24;8.275;0;31;0;0;0;24;0;-27.451;0;0;0;0;0;0;0;0;0;0;100;0;0;0;0;0;
10:39:10.806;14.955;0.8;0;24;8.268;0;31;0;10;0;24;0;-27.451;0;0;0;0;0;0;0;0;0;0;100;0;0;0;0;0;
10:39:10.904;15.112;0;0;24;8.266;0;31;0;0;0;24;0;-27.451;0;0;0;0;0;0;0;0;0;0;100;0;0;0;0;0;
10:39:10.999;15.164;0.6;0;24;8.268;0.004;31;0;0;0;24;0;-27.451;0;0;0;0;0;0;0;0;0;0;100;0;0;0;0;0;
10:39:11.111;16.592;0.1;0;24;8.264;0.004;31;0;0;0;24;0;-27.451;0;0;0;0;0;0;0;0;0;0;100;0;0;0;0;0;
10:39:11.208;15.182;0.5;0;24;8.266;0.019;31;0;0;0;24;0;-27.451;0;0;0;0;0;0;0;0;0;0;100;0;0;0;0;0;
10:39:11.303;15.112;4;0;24;8.27;0;32;0;60;0;24;0;-27.451;0;0;0;0;0;0;0;0;0;0;100;0;0;0;0;0;
10:39:11.417;15.182;0.1;0;24;8.264;0;31;0;0;0;24;0;-27.451;0;0;0;0;0;0;0;0;0;0;100;0;0;0;0;0;
10:39:11.511;15.46;0;0;24;8.252;0;32;0;0;0;24;0;-27.451;0;0;0;0;0;0;0;0;0;0;100;0;0;0;0;0;
10:39:11.607;15.216;0;0;24;8.266;0;31;0;0;0;24;0;-27.451;0;0;0;0;0;0;0;0;0;0;100;0;0;0;0;0;
10:39:11.704;15.234;0.3;0;24;8.268;0;31;0;0;0;24;0;-27.451;0;0;0;0;0;0;0;0;0;0;100;0;0;0;0;0;
10:39:11.816;15.164;0;0;24;8.268;0;31;0;0;0;24;0;-27.451;0;0;0;0;0;0;0;0;0;0;100;0;0;0;0;0;
10:39:11.912;15.182;0;0;24;8.268;0;31;0;0;0;25;0;-27.451;0;0;0;0;0;0;0;0;0;0;100;0;0;0;0;0;
10:39:12.009;15.164;0.1;0;24;8.201;0;31;0;0;0;25;0;-27.451;0;0;0;0;0;0;0;0;0;0;100;0;0;0;0;0;
10:39:12.119;15.182;0.5;0;25;8.266;0;32;0;0;0;25;0;-27.451;0;0;0;0;0;0;0;0;0;0;100;0;0;0;0;0;
10:39:12.215;15.164;0;0;25;8.268;0.004;30;0;0;0;25;0;-27.451;0;0;0;0;0;0;0;0;0;0;100;0;0;0;0;0;
10:39:12.313;14.868;0.1;0;25;8.268;0;32;0;0;0;24;0;-27.451;0;0;0;0;0;0;0;0;0;0;100;0;0;0;0;0;
10:39:12.408;15.042;0;0;24;8.266;0;32;0;0;0;24;0;-27.451;0;0;0;0;0;0;0;0;0;0;100;0;0;0;0;0;
10:39:12.521;15.234;0;0;24;8.266;0;31;0;0;0;24;0;-27.451;0;0;0;0;0;0;0;0;0;0;100;0;0;0;0;0;
10:39:12.616;15.216;0;0;24;8.266;0;32;0;0;0;24;0;-27.451;0;0;0;0;0;0;0;0;0;0;100;0;0;0;0;0;
10:39:12.713;15.182;0.6;0;24;8.266;0;32;0;0;0;24;0;-27.451;0;0;0;0;0;0;0;0;0;0;100;0;0;0;0;0;
10:39:12.824;15.182;1;0;24;8.268;0;31;0;10;0;24;0;-27.451;0;0;0;0;0;0;0;0;0;0;100;0;0;0;0;0;
10:39:12.919;15.182;1.1;0;24;8.268;0.004;31;0;10;0;24;0;-27.451;0;0;0;0;0;0;0;0;0;0;100;0;0;0;0;0;
10:39:13.018;15.182;0;0;24;8.268;0;32;0;0;0;24;0;-27.451;0;0;0;0;0;0;0;0;0;0;100;0;0;0;0;0;
10:39:13.129;15.251;0.1;0;24;8.264;0;32;0;0;0;24;0;-27.451;0;0;0;0;0;0;0;0;0;0;100;0;0;0;0;0;
10:39:13.224;15.164;0.5;0;25;8.268;0;32;0;0;0;24;0;-27.451;0;0;0;0;0;0;0;0;0;0;100;0;0;0;0;0;
10:39:13.319;15.269;0;0;25;8.268;0;31;0;0;0;24;0;-27.451;0;0;0;0;0;0;0;0;0;0;100;0;0;0;0;0;
10:39:13.417;15.182;0.1;0;24;8.268;0;32;0;0;0;24;0;-27.451;0;0;0;0;0;0;0;0;0;0;100;0;0;0;0;0;
10:39:13.529;15.234;0;0;24;8.268;0;31;0;0;0;24;0;-27.451;0;0;0;0;0;0;0;0;0;0;100;0;0;0;0;0;
10:39:13.625;15.216;0.8;0;25;8.268;0;31;0;10;0;24;0;-27.451;0;0;0;0;0;0;0;0;0;0;100;0;0;0;0;0;
10:39:13.720;15.216;0;0;24;8.27;0;32;0;0;0;25;0;-27.451;0;0;0;0;0;0;0;0;0;0;100;0;0;0;0;0;
10:39:13.833;15.164;0;0;24;8.268;0;31;0;0;0;25;0;-27.451;0;0;0;0;0;0;0;0;0;0;100;0;0;0;0;0;
10:39:13.930;13.057;0.6;0;26;8.266;0;31;0;0;0;25;0;-27.451;0;0;0;0;0;0;0;0;0;0;100;0;0;0;0;0;
10:39:14.025;15.164;0;0;26;8.27;0;30;0;0;0;25;0;-27.451;0;0;0;0;0;0;0;0;0;0;100;0;0;0;0;0;
10:39:14.122;14.241;0.8;0;25;8.268;0;32;0;10;0;24;0;-27.451;0;0;0;0;0;0;0;0;0;0;100;0;0;0;0;0;
10:39:14.233;15.234;0.1;0;23;8.268;0;32;0;0;0;24;0;-27.451;0;0;0;0;0;0;0;0;0;0;100;0;0;0;0;0;
10:39:14.328;15.147;0;0;25;8.268;0;32;0;0;0;24;0;-27.451;0;0;0;0;0;0;0;0;0;0;100;0;0;0;0;0;
10:39:14.425;15.234;0;0;24;8.268;0;31;0;0;0;24;0;-27.451;0;0;0;0;0;0;0;0;0;0;100;0;0;0;0;0;
10:39:14.537;15.251;0.6;0;24;8.268;0;32;0;0;0;24;0;-27.451;0;0;0;0;0;0;0;0;0;0;100;0;0;0;0;0;
10:39:14.633;15.234;0.1;0;24;8.38;0;32;0;0;0;24;0;-27.451;0;0;0;0;0;0;0;0;0;0;100;0;0;0;0;0;
10:39:14.729;15.199;0.3;0;24;8.266;0;32;0;0;0;24;0;-27.451;0;0;0;0;0;0;0;0;0;0;100;0;0;0;0;0;
10:39:14.825;15.199;0.6;0;25;8.266;0;32;0;0;0;24;0;-27.451;0;0;0;0;0;0;0;0;0;0;100;0;0;0;0;0;
10:39:14.937;15.234;0;0;24;8.266;0;31;0;0;0;24;0;-27.451;0;0;0;0;0;0;0;0;0;0;100;0;0;0;0;0;
10:39:15.033;15.129;0.5;0;24;8.268;0;32;0;0;0;24;0;-27.451;0;0;0;0;0;0;0;0;0;0;100;0;0;0;0;0;
10:39:15.130;15.147;0.3;0;23;8.266;0;31;0;0;0;24;0;-27.451;0;0;0;0;0;0;0;0;0;0;100;0;0;0;0;0;
10:39:15.225;15.182;0.5;0;23;8.268;0;32;0;0;0;24;0;-27.451;0;0;0;0;0;0;0;0;0;0;100;0;0;0;0;0;
10:39:15.338;15.216;0.6;0;25;8.264;0;32;0;0;0;24;0;-27.451;0;0;0;0;0;0;0;0;0;0;100;0;0;0;0;0;
10:39:15.434;15.112;0.1;0;25;8.268;0;32;0;0;0;24;0;-27.451;0;0;0;0;0;0;0;0;0;0;100;0;0;0;0;0;
10:39:15.529;15.112;0.5;0;26;8.273;0;32;0;0;0;24;0;-27.451;0;0;0;0;0;0;0;0;0;0;100;0;0;0;0;0;
10:39:15.627;15.199;0;0;24;8.268;0;32;0;0;0;24;0;-27.451;0;0;0;0;0;0;0;0;0;0;100;0;0;0;0;0;
10:39:15.739;15.129;0;0;24;8.205;0;32;0;0;0;24;0;-27.451;0;0;0;0;0;0;0;0;0;0;100;0;0;0;0;0;
10:39:15.834;15.634;0.3;0;24;8.266;0;32;0;0;0;24;0;-27.451;0;0;0;0;0;0;0;0;0;0;100;0;0;0;0;0;
10:39:15.930;15.164;0;0;23;8.268;0;32;0;0;0;24;0;-27.451;0;0;0;0;0;0;0;0;0;0;100;0;0;0;0;0;
10:39:16.042;15.147;0;0;23;8.27;0;32;0;0;0;24;0;-27.451;0;0;0;0;0;0;0;0;0;0;100;0;0;0;0;0;
10:39:16.138;15.129;0;0;23;8.268;0;32;0;0;0;24;0;-27.451;0;0;0;0;0;0;0;0;0;0;100;0;0;0;0;0;
10:39:16.235;15.199;0.1;0;23;8.268;0;32;0;0;0;24;0;-27.451;0;0;0;0;0;0;0;0;0;0;100;0;0;0;0;0;
10:39:16.330;15.234;0;0;24;8.268;0.062;32;0;0;0;24;0;-27.451;0;0;0;0;0;0;0;0;0;0;100;0;0;0;0;0;
10:39:16.443;15.147;0.3;0;23;8.268;0;32;0;0;0;24;0;-27.451;0;0;0;0;0;0;0;0;0;0;100;0;0;0;0;0;
10:39:16.538;15.129;1;0;23;8.268;0;32;0;10;0;24;0;-27.451;0;0;0;0;0;0;0;0;0;0;100;0;0;0;0;0;
10:39:16.635;15.234;0;0;24;8.266;0;32;0;0;0;24;0;-27.451;0;0;0;0;0;0;0;0;0;0;100;0;0;0;0;0;
10:39:16.747;15.182;0;0;24;8.266;0;32;0;0;0;24;0;-27.451;0;0;0;0;0;0;0;0;0;0;100;0;0;0;0;0;
10:39:16.844;14.938;0.3;0;24;8.241;0;32;0;0;0;24;0;-27.451;0;0;0;0;0;0;0;0;0;0;100;0;0;0;0;0;
10:39:16.940;15.251;0;0;24;8.266;0;32;0;0;0;24;0;-27.451;0;0;0;0;0;0;0;0;0;0;100;0;0;0;0;0;
10:39:17.035;15.286;0.6;0;24;8.266;0;32;0;0;0;24;0;-27.451;0;0;0;0;0;0;0;0;0;0;100;0;0;0;0;0;
10:39:17.147;15.164;0;0;23;8.264;0.05;32;0;0;0;24;0;-27.451;0;0;0;0;0;0;0;0;0;0;100;0;0;0;0;0;
10:39:17.243;15.129;0;0;23;8.266;0.054;32;0;0;0;24;0;-27.451;0;0;0;0;0;0;0;0;0;0;100;0;0;0;0;0;
10:39:17.341;15.216;0;0;23;8.241;0;31;0;0;0;24;0;-27.451;0;0;0;0;0;0;0;0;0;0;100;0;0;0;0;0;
10:39:17.436;15.234;0.5;0;23;8.268;0;32;0;0;0;24;0;-27.451;0;0;0;0;0;0;0;0;0;0;100;0;0;0;0;0;
10:39:17.548;15.147;0;0;24;8.282;0;32;0;0;0;24;0;-27.451;0;0;0;0;0;0;0;0;0;0;100;0;0;0;0;0;
10:39:17.643;15.164;0.8;0;24;8.264;0;32;0;10;0;24;0;-27.451;0;0;0;0;0;0;0;0;0;0;100;0;0;0;0;0;
10:39:17.741;15.234;0;0;24;8.273;0;32;0;0;0;24;0;-27.451;0;0;0;0;0;0;0;0;0;0;100;0;0;0;0;0;
10:39:17.852;15.234;0.5;0;25;8.268;0;32;0;0;0;24;0;-27.451;0;0;0;0;0;0;0;0;0;0;100;0;0;0;0;0;
10:39:17.948;15.129;0.1;0;26;8.268;0;32;0;0;0;24;0;-27.451;0;0;0;0;0;0;0;0;0;0;100;0;0;0;0;0;
10:39:18.045;15.147;0;0;25;8.27;0;32;0;0;0;24;0;-27.451;0;0;0;0;0;0;0;0;0;0;100;0;0;0;0;0;
10:39:18.141;15.147;0;0;25;8.27;0;32;0;0;0;24;0;-27.451;0;0;0;0;0;0;0;0;0;0;100;0;0;0;0;0;
10:39:18.252;15.147;0;0;25;8.27;0;32;0;0;0;24;0;-27.451;0;0;0;0;0;0;0;0;0;0;100;0;0;0;0;0;
10:39:18.348;15.147;0;0;25;8.27;0;32;0;0;0;24;0;-27.451;0;0;0;0;0;0;0;0;0;0;100;0;0;0;0;0;
10:39:18.452;15.147;0;0;25;8.27;0;32;0;0;0;24;0;-27.451;0;0;0;0;0;0;0;0;0;0;100;0;0;0;0;0;
10:39:18.557;15.147;0;0;25;8.27;0;32;0;0;0;24;0;-27.451;0;0;0;0;0;0;0;0;0;0;100;0;0;0;0;0;
10:39:18.654;15.147;0;0;25;8.27;0;32;0;0;0;24;0;-27.451;0;0;0;0;0;0;0;0;0;0;100;0;0;0;0;0;
10:39:18.749;15.147;0;0;25;8.27;0;32;0;0;0;24;0;-27.451;0;0;0;0;0;0;0;0;0;0;100;0;0;0;0;0;
10:39:18.845;15.147;0;0;25;8.27;0;32;0;0;0;24;0;-27.451;0;0;0;0;0;0;0;0;0;0;100;0;0;0;0;0;
10:39:18.957;15.216;0.6;0;22;8.266;0;32;0;0;0;24;0;-27.451;0;0;0;0;0;0;0;0;0;0;100;0;0;0;0;0;
10:39:19.052;15.182;0.6;0;22;8.268;0.004;32;0;0;0;24;0;-27.451;0;0;0;0;0;0;0;0;0;0;100;0;0;0;0;0;
10:39:19.148;15.216;1.1;0;24;8.261;0;32;0;10;0;24;0;-27.451;0;0;0;0;0;0;0;0;0;0;100;0;0;0;0;0;
10:39:19.244;15.216;0;0;24;8.266;0;32;0;0;0;24;0;-27.451;0;0;0;0;0;0;0;0;0;0;100;0;0;0;0;0;
10:39:19.357;15.216;0.6;0;24;8.268;0;32;0;0;0;24;0;-27.451;0;0;0;0;0;0;0;0;0;0;100;0;0;0;0;0;
10:39:19.454;15.199;0;0;24;8.268;0;32;0;0;0;24;0;-27.451;0;0;0;0;0;0;0;0;0;0;100;0;0;0;0;0;
10:39:19.548;15.216;0.1;0;24;8.266;0;32;0;0;0;24;0;-27.451;0;0;0;0;0;0;0;0;0;0;100;0;0;0;0;0;
10:39:19.646;15.251;0.8;0;22;8.268;0;32;0;10;0;24;0;-27.451;0;0;0;0;0;0;0;0;0;0;100;0;0;0;0;0;
10:39:19.758;15.164;0.3;0;21;8.266;0;32;0;0;0;24;0;-27.451;0;0;0;0;0;0;0;0;0;0;100;0;0;0;0;0;
10:39:19.853;15.199;0;0;21;8.264;0;32;0;0;0;23;0;-27.451;0;0;0;0;0;0;0;0;0;0;100;0;0;0;0;0;
10:39:19.950;15.251;0.5;0;23;8.268;0;32;0;0;0;23;0;-27.451;0;0;0;0;0;0;0;0;0;0;100;0;0;0;0;0;
10:39:20.062;15.216;0.6;0;24;8.268;0;32;0;0;0;23;0;-27.451;0;0;0;0;0;0;0;0;0;0;100;0;0;0;0;0;
10:39:20.158;15.234;0;0;24;8.266;0;32;0;0;0;23;0;-27.451;0;0;0;0;0;0;0;0;0;0;100;0;0;0;0;0;
10:39:20.255;15.164;0;0;25;8.266;0;32;0;0;0;24;0;-27.451;0;0;0;0;0;0;0;0;0;0;100;0;0;0;0;0;
10:39:20.365;15.443;0.5;0;24;8.266;0;32;0;0;0;24;0;-27.451;0;0;0;0;0;0;0;0;0;0;100;0;0;0;0;0;
10:39:20.462;15.182;0.5;0;24;8.266;0;32;0;0;0;24;0;-27.451;0;0;0;0;0;0;0;0;0;0;100;0;0;0;0;0;
10:39:20.558;15.251;0.6;0;24;8.268;0;32;0;0;0;24;0;-27.451;0;0;0;0;0;0;0;0;0;0;100;0;0;0;0;0;
10:39:20.654;15.112;0.1;0;25;8.266;0;32;0;0;0;24;0;-27.451;0;0;0;0;0;0;0;0;0;0;100;0;0;0;0;0;
10:39:20.765;15.234;0;0;25;8.268;0;32;0;0;0;24;0;-27.451;0;0;0;0;0;0;0;0;0;0;100;0;0;0;0;0;
10:39:20.862;15.147;0;0;24;8.268;0;32;0;0;0;24;0;-27.451;0;0;0;0;0;0;0;0;0;0;100;0;0;0;0;0;
10:39:20.958;15.199;0;0;24;8.268;0.015;32;0;0;0;24;0;-27.451;0;0;0;0;0;0;0;0;0;0;100;0;0;0;0;0;
10:39:21.055;15.129;0.3;0;25;8.264;0;32;0;0;0;24;0;-27.451;0;0;0;0;0;0;0;0;0;0;100;0;0;0;0;0;
10:39:21.168;15.042;0.8;0;25;8.27;0.066;32;0;10;0;24;0;-27.451;0;0;0;0;0;0;0;0;0;0;100;0;0;0;0;0;
10:39:21.261;15.147;1.1;0;24;8.268;0;32;0;10;0;24;0;-27.451;0;0;0;0;0;0;0;0;0;0;100;0;0;0;0;0;
10:39:21.359;15.251;0.8;0;23;8.268;0;32;0;10;0;24;0;-27.451;0;0;0;0;0;0;0;0;0;0;100;0;0;0;0;0;
10:39:21.454;15.147;0;0;23;8.268;0;32;0;0;0;24;0;-27.451;0;0;0;0;0;0;0;0;0;0;100;0;0;0;0;0;
10:39:21.568;15.251;0.3;0;23;8.268;0;32;0;0;0;24;0;-27.451;0;0;0;0;0;0;0;0;0;0;100;0;0;0;0;0;
10:39:21.662;15.182;3.5;0;23;8.268;0;32;0;50;0;24;0;-27.451;0;0;0;0;0;0;0;0;0;0;100;0;0;0;0;0;
10:39:21.758;15.199;0.6;0;23;8.268;0;32;0;0;0;24;0;-27.451;0;0;0;0;0;0;0;0;0;0;100;0;0;0;0;0;
10:39:21.856;15.338;0;0;23;8.27;0;32;0;0;0;24;0;-27.451;0;0;0;0;0;0;0;0;0;0;100;0;0;0;0;0;
10:39:21.966;15.129;0;0;24;8.266;0;32;0;0;0;24;0;-27.451;0;0;0;0;0;0;0;0;0;0;100;0;0;0;0;0;
10:39:22.062;15.182;0.8;0;24;8.27;0;32;0;10;0;24;0;-27.451;0;0;0;0;0;0;0;0;0;0;100;0;0;0;0;0;
10:39:22.160;15.182;0;0;24;8.268;0;32;0;0;0;24;0;-27.451;0;0;0;0;0;0;0;0;0;0;100;0;0;0;0;0;
10:39:22.256;15.112;0.3;0;24;8.266;0.019;32;0;0;0;24;0;-27.451;0;0;0;0;0;0;0;0;0;0;100;0;0;0;0;0;
10:39:22.368;15.234;0.5;0;24;8.266;0;32;0;0;0;24;0;-27.451;0;0;0;0;0;0;0;0;0;0;100;0;0;0;0;0;
10:39:22.463;15.39;0.8;0;25;8.266;0;32;0;10;0;24;0;-27.451;0;0;0;0;0;0;0;0;0;0;100;0;0;0;0;0;
10:39:22.558;15.129;0.6;0;26;8.264;0.004;32;0;0;0;24;0;-27.451;0;0;0;0;0;0;0;0;0;0;100;0;0;0;0;0;
10:39:22.670;14.624;0.5;0;26;8.264;0;32;0;0;0;24;0;-27.451;0;0;0;0;0;0;0;0;0;0;100;0;0;0;0;0;
10:39:22.767;15.129;0.1;0;25;8.264;0;32;0;0;0;24;0;-27.451;0;0;0;0;0;0;0;0;0;0;100;0;0;0;0;0;
10:39:22.863;15.164;0.6;0;24;8.268;0;32;0;0;0;24;0;-27.451;0;0;0;0;0;0;0;0;0;0;100;0;0;0;0;0;
10:39:22.959;15.199;0;0;24;8.27;0;32;0;0;0;24;0;-27.451;0;0;0;0;0;0;0;0;0;0;100;0;0;0;0;0;
10:39:23.072;15.129;0.6;0;24;8.27;0;32;0;0;0;24;0;-27.451;0;0;0;0;0;0;0;0;0;0;100;0;0;0;0;0;
10:39:23.167;15.182;0.8;0;24;8.266;0;32;0;10;0;24;0;-27.451;0;0;0;0;0;0;0;0;0;0;100;0;0;0;0;0;
10:39:23.263;15.112;0.5;0;24;8.266;0;32;0;0;0;24;0;-27.451;0;0;0;0;0;0;0;0;0;0;100;0;0;0;0;0;
10:39:23.374;15.147;0.3;0;24;8.268;0;32;0;0;0;24;0;-27.451;0;0;0;0;0;0;0;0;0;0;100;0;0;0;0;0;
10:39:23.472;15.164;0.6;0;24;8.264;0.035;32;0;0;0;24;0;-27.451;0;0;0;0;0;0;0;0;0;0;100;0;0;0;0;0;
10:39:23.567;15.234;0.6;0;24;8.266;0;32;0;0;0;24;0;-27.451;0;0;0;0;0;0;0;0;0;0;100;0;0;0;0;0;
10:39:23.663;15.147;0;0;24;8.252;0;32;0;0;0;24;0;-27.451;0;0;0;0;0;0;0;0;0;0;100;0;0;0;0;0;
10:39:23.775;15.234;0;0;24;8.266;0;32;0;0;0;24;0;-27.451;0;0;0;0;0;0;0;0;0;0;100;0;0;0;0;0;
10:39:23.872;15.234;0.1;0;24;8.266;0;32;0;0;0;24;0;-27.451;0;0;0;0;0;0;0;0;0;0;100;0;0;0;0;0;
10:39:23.968;15.112;0.8;0;24;8.266;0;32;0;10;0;24;0;-27.451;0;0;0;0;0;0;0;0;0;0;100;0;0;0;0;0;
10:39:24.064;15.164;0.8;0;24;8.27;0;32;0;10;0;24;0;-27.451;0;0;0;0;0;0;0;0;0;0;100;0;0;0;0;0;
10:39:24.176;15.147;0;0;24;8.266;0;32;0;0;0;24;0;-27.451;0;0;0;0;0;0;0;0;0;0;100;0;0;0;0;0;
10:39:24.272;15.164;1;0;24;8.266;0;32;0;10;0;24;0;-27.451;0;0;0;0;0;0;0;0;0;0;100;0;0;0;0;0;
10:39:24.367;15.129;0;0;24;8.264;0;32;0;0;0;24;0;-27.451;0;0;0;0;0;0;0;0;0;0;100;0;0;0;0;0;
10:39:24.479;15.112;1;0;24;8.268;0;32;0;10;0;24;0;-27.451;0;0;0;0;0;0;0;0;0;0;100;0;0;0;0;0;
10:39:24.576;15.129;0;0;24;8.264;0;32;0;0;0;24;0;-27.451;0;0;0;0;0;0;0;0;0;0;100;0;0;0;0;0;
10:39:24.671;15.129;0;0;24;8.277;0;32;0;0;0;24;0;-27.451;0;0;0;0;0;0;0;0;0;0;100;0;0;0;0;0;
10:39:24.769;15.269;0;0;24;8.264;0;32;0;0;0;24;0;-27.451;0;0;0;0;0;0;0;0;0;0;100;0;0;0;0;0;
10:39:24.880;15.112;0.3;0;24;8.266;0;32;0;0;0;24;0;-27.451;0;0;0;0;0;0;0;0;0;0;100;0;0;0;0;0;
10:39:24.977;15.164;0;0;25;8.266;0;32;0;0;0;24;0;-27.451;0;0;0;0;0;0;0;0;0;0;100;0;0;0;0;0;
10:39:25.073;15.164;2.2;0;24;8.268;0;32;0;30;0;24;0;-27.451;0;0;0;0;0;0;0;0;0;0;100;0;0;0;0;0;
10:39:25.168;15.216;0;0;24;8.266;0;32;0;0;0;24;0;-27.451;0;0;0;0;0;0;0;0;0;0;100;0;0;0;0;0;
10:39:25.280;15.112;0;0;25;8.266;0;32;0;0;0;24;0;-27.451;0;0;0;0;0;0;0;0;0;0;100;0;0;0;0;0;
10:39:25.376;15.182;0;0;24;8.266;0;32;0;0;0;24;0;-27.451;0;0;0;0;0;0;0;0;0;0;100;0;0;0;0;0;
10:39:25.473;15.112;0.5;0;25;8.268;0;32;0;0;0;24;0;-27.451;0;0;0;0;0;0;0;0;0;0;100;0;0;0;0;0;
10:39:25.569;15.182;0.3;0;25;8.27;0;32;0;0;0;24;0;-27.451;0;0;0;0;0;0;0;0;0;0;100;0;0;0;0;0;
10:39:25.680;15.112;0;0;25;8.237;0;32;0;0;0;24;0;-27.451;0;0;0;0;0;0;0;0;0;0;100;0;0;0;0;0;
10:39:25.778;15.216;0.1;0;24;8.266;0;32;0;0;0;24;0;-27.451;0;0;0;0;0;0;0;0;0;0;100;0;0;0;0;0;
10:39:25.872;15.129;0.5;0;24;8.266;0;32;0;0;0;24;0;-27.451;0;0;0;0;0;0;0;0;0;0;100;0;0;0;0;0;
10:39:25.984;15.199;1;0;24;8.268;0.004;32;0;10;0;24;0;-27.451;0;0;0;0;0;0;0;0;0;0;100;0;0;0;0;0;
10:39:26.080;15.182;0.6;0;24;8.266;0;34;0;0;0;24;0;-27.451;0;0;0;0;0;0;0;0;0;0;100;0;0;0;0;0;
10:39:26.178;15.129;0.5;0;24;8.264;0;32;0;0;0;24;0;-27.451;0;0;0;0;0;0;0;0;0;0;100;0;0;0;0;0;
10:39:26.273;15.164;0.1;0;24;8.264;0;32;0;0;0;24;0;-27.451;0;0;0;0;0;0;0;0;0;0;100;0;0;0;0;0;
10:39:26.386;15.338;0.5;0;24;8.248;0;32;0;0;0;24;0;-27.451;0;0;0;0;0;0;0;0;0;0;100;0;0;0;0;0;
10:39:26.481;15.164;0.3;0;24;8.277;0.058;32;0;0;0;24;0;-27.451;0;0;0;0;0;0;0;0;0;0;100;0;0;0;0;0;
10:39:26.577;15.216;0;0;24;8.264;0;32;0;0;0;24;0;-27.451;0;0;0;0;0;0;0;0;0;0;100;0;0;0;0;0;
10:39:26.672;15.251;0;0;24;8.27;0;32;0;0;0;24;0;-27.451;0;0;0;0;0;0;0;0;0;0;100;0;0;0;0;0;
10:39:26.786;15.164;0.5;0;24;8.266;0;32;0;0;0;24;0;-27.451;0;0;0;0;0;0;0;0;0;0;100;0;0;0;0;0;
10:39:26.881;15.182;0;0;25;8.27;0;32;0;0;0;24;0;-27.451;0;0;0;0;0;0;0;0;0;0;100;0;0;0;0;0;
10:39:26.977;15.147;0;0;24;8.27;0;32;0;0;0;24;0;-27.451;0;0;0;0;0;0;0;0;0;0;100;0;0;0;0;0;
10:39:27.090;15.199;0;0;24;8.266;0;32;0;0;0;24;0;-27.451;0;0;0;0;0;0;0;0;0;0;100;0;0;0;0;0;
10:39:27.186;15.234;0.5;0;24;8.268;0;32;0;0;0;24;0;-27.451;0;0;0;0;0;0;0;0;0;0;100;0;0;0;0;0;
10:39:27.281;15.182;0.1;0;24;8.257;0.004;32;0;0;0;24;0;-27.451;0;0;0;0;0;0;0;0;0;0;100;0;0;0;0;0;
10:39:27.388;15.182;0;0;24;8.264;0;32;0;0;0;24;0;-27.451;0;0;0;0;0;0;0;0;0;0;100;0;0;0;0;0;
10:39:27.491;15.129;1;0;24;8.268;0;32;0;10;0;24;0;-27.451;0;0;0;0;0;0;0;0;0;0;100;0;0;0;0;0;
10:39:27.587;15.147;0.5;0;24;8.268;0;32;0;0;0;24;0;-27.451;0;0;0;0;0;0;0;0;0;0;100;0;0;0;0;0;
10:39:27.683;15.269;0.5;0;24;8.268;0;32;0;0;0;25;0;-27.451;0;0;0;0;0;0;0;0;0;0;100;0;0;0;0;0;
10:39:27.779;15.234;0;0;23;8.264;0;32;0;0;0;25;0;-27.451;0;0;0;0;0;0;0;0;0;0;100;0;0;0;0;0;
10:39:27.889;15.234;0.6;0;23;8.268;0;32;0;0;0;25;0;-27.451;0;0;0;0;0;0;0;0;0;0;100;0;0;0;0;0;
10:39:27.986;14.99;0;0;24;8.266;0;32;0;0;0;25;0;-27.451;0;0;0;0;0;0;0;0;0;0;100;0;0;0;0;0;
10:39:28.081;15.234;3.7;0;24;8.266;0;32;0;50;0;24;0;-27.451;0;0;0;0;0;0;0;0;0;0;100;0;0;0;0;0;
10:39:28.194;15.147;0.5;0;24;8.304;0;32;0;0;0;24;0;-27.451;0;0;0;0;0;0;0;0;0;0;100;0;0;0;0;0;
10:39:28.290;15.129;0.8;0;24;8.268;0;32;0;10;0;24;0;-27.451;0;0;0;0;0;0;0;0;0;0;100;0;0;0;0;0;
10:39:28.386;15.182;0.1;0;24;8.268;0;32;0;0;0;24;0;-27.451;0;0;0;0;0;0;0;0;0;0;100;0;0;0;0;0;
10:39:28.483;15.216;0;0;25;8.268;0;32;0;0;0;24;0;-27.451;0;0;0;0;0;0;0;0;0;0;100;0;0;0;0;0;
10:39:28.594;15.286;0.1;0;25;8.268;0;32;0;0;0;24;0;-27.451;0;0;0;0;0;0;0;0;0;0;100;0;0;0;0;0;
10:39:28.691;15.216;0;0;25;8.266;0;32;0;0;0;24;0;-27.451;0;0;0;0;0;0;0;0;0;0;100;0;0;0;0;0;
10:39:28.786;15.182;0;0;24;8.264;0;32;0;0;0;24;0;-27.451;0;0;0;0;0;0;0;0;0;0;100;0;0;0;0;0;
10:39:28.884;15.147;0.3;0;24;8.266;0;32;0;0;0;24;0;-27.451;0;0;0;0;0;0;0;0;0;0;100;0;0;0;0;0;
10:39:28.994;15.182;1;0;24;8.266;0.004;32;0;10;0;24;0;-27.451;0;0;0;0;0;0;0;0;0;0;100;0;0;0;0;0;
10:39:29.091;15.495;0.3;0;25;8.264;0;32;0;0;0;24;0;-27.451;0;0;0;0;0;0;0;0;0;0;100;0;0;0;0;0;
10:39:29.188;15.234;0;0;25;8.266;0;32;0;0;0;24;0;-27.451;0;0;0;0;0;0;0;0;0;0;100;0;0;0;0;0;
10:39:29.298;15.182;0;0;25;8.268;0;32;0;0;0;24;0;-27.451;0;0;0;0;0;0;0;0;0;0;100;0;0;0;0;0;
10:39:29.396;15.164;0.1;0;24;8.268;0;32;0;0;0;24;0;-27.451;0;0;0;0;0;0;0;0;0;0;100;0;0;0;0;0;
10:39:29.492;15.216;0.5;0;23;8.174;0;32;0;0;0;24;0;-27.451;0;0;0;0;0;0;0;0;0;0;100;0;0;0;0;0;
10:39:29.587;15.182;0.3;0;24;8.266;0;32;0;0;0;24;0;-27.451;0;0;0;0;0;0;0;0;0;0;100;0;0;0;0;0;
10:39:29.698;15.234;0;0;25;8.268;0;32;0;0;0;24;0;-27.451;0;0;0;0;0;0;0;0;0;0;100;0;0;0;0;0;
10:39:29.795;15.234;0;0;24;8.268;0;32;0;0;0;24;0;-27.451;0;0;0;0;0;0;0;0;0;0;100;0;0;0;0;0;
10:39:29.892;15.234;0;0;24;8.268;0;32;0;0;0;24;0;-27.451;0;0;0;0;0;0;0;0;0;0;100;0;0;0;0;0;
10:39:30.004;15.808;0;0;24;8.268;0;32;0;0;0;24;0;-27.451;0;0;0;0;0;0;0;0;0;0;100;0;0;0;0;0;
10:39:30.099;15.164;0.3;0;24;8.268;0;32;0;0;0;24;0;-27.451;0;0;0;0;0;0;0;0;0;0;100;0;0;0;0;0;
10:39:30.196;15.234;0.5;0;24;8.264;0;32;0;0;0;24;0;-27.451;0;0;0;0;0;0;0;0;0;0;100;0;0;0;0;0;
10:39:30.304;15.112;0;0;23;8.259;0;32;0;0;0;24;0;-27.451;0;0;0;0;0;0;0;0;0;0;100;0;0;0;0;0;
10:39:30.404;15.164;0;0;23;8.264;0;32;0;0;0;24;0;-27.451;0;0;0;0;0;0;0;0;0;0;100;0;0;0;0;0;
10:39:30.498;15.147;0.3;0;23;8.266;0;32;0;0;0;24;0;-27.451;0;0;0;0;0;0;0;0;0;0;100;0;0;0;0;0;
10:39:30.594;15.147;0.3;0;23;8.266;0;32;0;0;0;24;0;-27.451;0;0;0;0;0;0;0;0;0;0;100;0;0;0;0;0;
10:39:30.691;15.147;0.3;0;23;8.266;0;32;0;0;0;24;0;-27.451;0;0;0;0;0;0;0;0;0;0;100;0;0;0;0;0;
10:39:30.803;15.147;0.3;0;23;8.266;0;32;0;0;0;24;0;-27.451;0;0;0;0;0;0;0;0;0;0;100;0;0;0;0;0;
10:39:30.900;15.147;0.3;0;23;8.266;0;32;0;0;0;24;0;-27.451;0;0;0;0;0;0;0;0;0;0;100;0;0;0;0;0;
10:39:30.996;15.147;0.3;0;23;8.266;0;32;0;0;0;24;0;-27.451;0;0;0;0;0;0;0;0;0;0;100;0;0;0;0;0;
10:39:31.092;15.182;0.5;0;24;8.268;0;32;0;0;0;24;0;-27.451;0;0;0;0;0;0;0;0;0;0;100;0;0;0;0;0;
10:39:31.204;15.251;0.8;0;24;8.266;0;32;0;10;0;24;0;-27.451;0;0;0;0;0;0;0;0;0;0;100;0;0;0;0;0;
10:39:31.300;15.164;0.5;0;24;8.27;0;32;0;0;0;24;0;-27.451;0;0;0;0;0;0;0;0;0;0;100;0;0;0;0;0;
10:39:31.397;15.164;0;0;24;8.268;0;32;0;0;0;24;0;-27.451;0;0;0;0;0;0;0;0;0;0;100;0;0;0;0;0;
10:39:31.492;15.147;0;0;23;8.268;0;32;0;0;0;24;0;-27.451;0;0;0;0;0;0;0;0;0;0;100;0;0;0;0;0;
10:39:31.604;15.112;0.8;0;24;8.27;0;32;0;10;0;24;0;-27.451;0;0;0;0;0;0;0;0;0;0;100;0;0;0;0;0;
10:39:31.701;15.164;0.1;0;24;8.261;0;32;0;0;0;24;0;-27.451;0;0;0;0;0;0;0;0;0;0;100;0;0;0;0;0;
10:39:31.796;15.147;0.6;0;23;8.266;0;32;0;0;0;24;0;-27.451;0;0;0;0;0;0;0;0;0;0;100;0;0;0;0;0;
10:39:31.908;15.269;0;0;23;8.268;0;32;0;0;0;24;0;-27.451;0;0;0;0;0;0;0;0;0;0;100;0;0;0;0;0;
10:39:32.003;15.164;0;0;24;8.266;0;32;0;0;0;24;0;-27.451;0;0;0;0;0;0;0;0;0;0;100;0;0;0;0;0;
10:39:32.099;15.164;0;0;24;8.268;0;32;0;0;0;24;0;-27.451;0;0;0;0;0;0;0;0;0;0;100;0;0;0;0;0;
10:39:32.196;15.182;0;0;24;8.261;0;32;0;0;0;24;0;-27.451;0;0;0;0;0;0;0;0;0;0;100;0;0;0;0;0;
10:39:32.307;15.112;0.1;0;24;8.266;0;32;0;0;0;24;0;-27.451;0;0;0;0;0;0;0;0;0;0;100;0;0;0;0;0;
10:39:32.403;15.112;1.1;0;24;8.266;0;32;0;10;0;24;0;-27.451;0;0;0;0;0;0;0;0;0;0;100;0;0;0;0;0;
10:39:32.500;15.199;0.5;0;25;8.268;0;32;0;0;0;24;0;-27.451;0;0;0;0;0;0;0;0;0;0;100;0;0;0;0;0;
10:39:32.612;15.129;0.8;0;24;8.228;0;32;0;10;0;24;0;-27.451;0;0;0;0;0;0;0;0;0;0;100;0;0;0;0;0;
10:39:32.707;15.216;0;0;23;8.266;0;32;0;0;0;24;0;-27.451;0;0;0;0;0;0;0;0;0;0;100;0;0;0;0;0;
10:39:32.803;15.06;0.6;0;22;8.266;0;32;0;0;0;24;0;-27.451;0;0;0;0;0;0;0;0;0;0;100;0;0;0;0;0;
10:39:32.899;15.234;0.8;0;22;8.268;0;32;0;10;0;24;0;-27.451;0;0;0;0;0;0;0;0;0;0;100;0;0;0;0;0;
10:39:33.013;15.216;0.5;0;24;8.226;0;32;0;0;0;24;0;-27.451;0;0;0;0;0;0;0;0;0;0;100;0;0;0;0;0;
10:39:33.108;15.756;0.3;0;24;8.266;0;32;0;0;0;24;0;-27.451;0;0;0;0;0;0;0;0;0;0;100;0;0;0;0;0;
10:39:33.204;15.199;0.6;0;24;8.268;0;32;0;0;0;24;0;-27.451;0;0;0;0;0;0;0;0;0;0;100;0;0;0;0;0;
10:39:33.317;15.234;0.5;0;24;8.266;0;32;0;0;0;24;0;-27.451;0;0;0;0;0;0;0;0;0;0;100;0;0;0;0;0;
10:39:33.413;15.112;0.6;0;24;8.268;0;32;0;0;0;24;0;-27.451;0;0;0;0;0;0;0;0;0;0;100;0;0;0;0;0;
10:39:33.508;15.356;0.5;0;24;8.266;0;32;0;0;0;24;0;-27.451;0;0;0;0;0;0;0;0;0;0;100;0;0;0;0;0;
10:39:33.604;15.147;0.8;0;25;8.266;0;32;0;10;0;24;0;-27.451;0;0;0;0;0;0;0;0;0;0;100;0;0;0;0;0;
10:39:33.716;15.112;0.5;0;25;8.268;0;32;0;0;0;24;0;-27.451;0;0;0;0;0;0;0;0;0;0;100;0;0;0;0;0;
10:39:33.811;15.129;0.5;0;25;8.264;0;32;0;0;0;24;0;-27.451;0;0;0;0;0;0;0;0;0;0;100;0;0;0;0;0;
10:39:33.921;15.129;0.5;0;24;8.259;0;32;0;0;0;24;0;-27.451;0;0;0;0;0;0;0;0;0;0;100;0;0;0;0;0;
10:39:34.022;15.129;0;0;24;8.266;0;32;0;0;0;24;0;-27.451;0;0;0;0;0;0;0;0;0;0;100;0;0;0;0;0;
10:39:34.117;15.269;0.5;0;24;8.268;0;32;0;0;0;24;0;-27.451;0;0;0;0;0;0;0;0;0;0;100;0;0;0;0;0;
10:39:34.214;15.112;0.5;0;24;8.268;0;32;0;0;0;24;0;-27.451;0;0;0;0;0;0;0;0;0;0;100;0;0;0;0;0;
10:39:34.325;15.129;0.3;0;24;8.268;0.054;32;0;0;0;24;0;-27.451;0;0;0;0;0;0;0;0;0;0;100;0;0;0;0;0;
10:39:34.420;15.129;2.7;0;24;8.266;0.004;32;0;40;0;24;0;-27.451;0;0;0;0;0;0;0;0;0;0;100;0;0;0;0;0;
10:39:34.515;15.164;0;0;24;8.266;0;32;0;0;0;24;0;-27.451;0;0;0;0;0;0;0;0;0;0;100;0;0;0;0;0;
10:39:34.612;15.216;0.1;0;25;8.266;0;32;0;0;0;24;0;-27.451;0;0;0;0;0;0;0;0;0;0;100;0;0;0;0;0;
10:39:34.724;15.129;0;0;24;8.273;0;32;0;0;0;24;0;-27.451;0;0;0;0;0;0;0;0;0;0;100;0;0;0;0;0;
10:39:34.821;15.129;0;0;24;8.273;0;32;0;0;0;24;0;-27.451;0;0;0;0;0;0;0;0;0;0;100;0;0;0;0;0;
10:39:34.917;15.147;0.1;0;26;8.266;0;32;0;0;0;23;0;-27.451;0;0;0;0;0;0;0;0;0;0;100;0;0;0;0;0;
10:39:35.012;15.129;0.6;0;27;8.266;0;32;0;0;0;23;0;-27.451;0;0;0;0;0;0;0;0;0;0;100;0;0;0;0;0;
10:39:35.124;15.234;0.6;0;27;8.266;0;32;0;0;0;23;0;-27.451;0;0;0;0;0;0;0;0;0;0;100;0;0;0;0;0;
10:39:35.221;15.234;0.6;0;25;8.261;0;32;0;0;0;23;0;-27.451;0;0;0;0;0;0;0;0;0;0;100;0;0;0;0;0;
10:39:35.316;15.199;0.3;0;25;8.27;0;32;0;0;0;24;0;-27.451;0;0;0;0;0;0;0;0;0;0;100;0;0;0;0;0;
10:39:35.413;15.182;0.3;0;24;8.277;0;32;0;0;0;24;0;-27.451;0;0;0;0;0;0;0;0;0;0;100;0;0;0;0;0;
10:39:35.524;15.199;0.6;0;24;8.266;0;32;0;0;0;24;0;-27.451;0;0;0;0;0;0;0;0;0;0;100;0;0;0;0;0;
10:39:35.622;15.164;0;0;24;8.273;0;32;0;0;0;24;0;-27.451;0;0;0;0;0;0;0;0;0;0;100;0;0;0;0;0;
10:39:35.717;15.112;0.8;0;24;8.266;0;32;0;10;0;24;0;-27.451;0;0;0;0;0;0;0;0;0;0;100;0;0;0;0;0;
10:39:35.829;15.147;0;0;24;8.266;0;32;0;0;0;24;0;-27.451;0;0;0;0;0;0;0;0;0;0;100;0;0;0;0;0;
10:39:35.924;15.234;0.5;0;25;8.266;0;32;0;0;0;24;0;-27.451;0;0;0;0;0;0;0;0;0;0;100;0;0;0;0;0;
10:39:36.022;15.182;0;0;24;8.268;0;32;0;0;0;24;0;-27.451;0;0;0;0;0;0;0;0;0;0;100;0;0;0;0;0;
10:39:36.117;15.112;0.3;0;24;8.27;0;32;0;0;0;24;0;-27.451;0;0;0;0;0;0;0;0;0;0;100;0;0;0;0;0;
10:39:36.230;15.164;0;0;24;8.273;0;32;0;0;0;24;0;-27.451;0;0;0;0;0;0;0;0;0;0;100;0;0;0;0;0;
10:39:36.325;15.147;0.5;0;24;8.27;0;32;0;0;0;24;0;-27.451;0;0;0;0;0;0;0;0;0;0;100;0;0;0;0;0;
10:39:36.422;15.234;0.1;0;24;8.268;0;32;0;0;0;24;0;-27.451;0;0;0;0;0;0;0;0;0;0;100;0;0;0;0;0;
10:39:36.534;15.164;0.1;0;24;8.261;0;32;0;0;0;24;0;-27.451;0;0;0;0;0;0;0;0;0;0;100;0;0;0;0;0;
10:39:36.629;15.164;0.5;0;24;8.266;0;32;0;0;0;24;0;-27.451;0;0;0;0;0;0;0;0;0;0;100;0;0;0;0;0;
10:39:36.727;15.164;0;0;24;8.27;0;32;0;0;0;24;0;-27.451;0;0;0;0;0;0;0;0;0;0;100;0;0;0;0;0;
10:39:36.823;15.164;0.8;0;24;8.266;0;32;0;10;0;24;0;-27.451;0;0;0;0;0;0;0;0;0;0;100;0;0;0;0;0;
10:39:36.933;15.234;0.6;0;25;8.268;0;32;0;0;0;24;0;-27.451;0;0;0;0;0;0;0;0;0;0;100;0;0;0;0;0;
10:39:37.030;15.164;0.6;0;25;8.27;0;32;0;0;0;24;0;-27.451;0;0;0;0;0;0;0;0;0;0;100;0;0;0;0;0;
10:39:37.125;15.234;0.5;0;27;8.266;0;32;0;0;0;24;0;-27.451;0;0;0;0;0;0;0;0;0;0;100;0;0;0;0;0;
10:39:37.239;15.164;0;0;26;8.268;0;32;0;0;0;24;0;-27.451;0;0;0;0;0;0;0;0;0;0;100;0;0;0;0;0;
10:39:37.335;15.251;1.7;0;25;8.268;0;32;0;20;0;24;0;-27.451;0;0;0;0;0;0;0;0;0;0;100;0;0;0;0;0;
10:39:37.429;15.164;0;0;24;8.268;0;32;0;0;0;24;0;-27.451;0;0;0;0;0;0;0;0;0;0;100;0;0;0;0;0;
10:39:37.527;15.147;0.5;0;23;8.266;0;32;0;0;0;24;0;-27.451;0;0;0;0;0;0;0;0;0;0;100;0;0;0;0;0;
10:39:37.639;15.234;0;0;24;8.268;0;32;0;0;0;24;0;-27.451;0;0;0;0;0;0;0;0;0;0;100;0;0;0;0;0;
10:39:37.735;15.129;0;0;24;8.268;0;32;0;0;0;24;0;-27.451;0;0;0;0;0;0;0;0;0;0;100;0;0;0;0;0;
10:39:37.831;15.216;0.5;0;25;8.273;0;32;0;0;0;24;0;-27.451;0;0;0;0;0;0;0;0;0;0;100;0;0;0;0;0;
10:39:37.942;15.234;0.1;0;24;8.264;0;32;0;0;0;24;0;-27.451;0;0;0;0;0;0;0;0;0;0;100;0;0;0;0;0;
10:39:38.039;15.164;0.6;0;24;8.273;0;32;0;0;0;24;0;-27.451;0;0;0;0;0;0;0;0;0;0;100;0;0;0;0;0;
10:39:38.136;15.112;1.1;0;24;8.268;0;32;0;10;0;24;0;-27.451;0;0;0;0;0;0;0;0;0;0;100;0;0;0;0;0;
10:39:38.248;15.164;0;0;24;8.264;0.012;32;0;0;0;24;0;-27.451;0;0;0;0;0;0;0;0;0;0;100;0;0;0;0;0;
10:39:38.342;15.129;0.8;0;24;8.268;0;32;0;10;0;24;0;-27.451;0;0;0;0;0;0;0;0;0;0;100;0;0;0;0;0;
10:39:38.438;15.112;0.6;0;24;8.266;0;32;0;0;0;24;0;-27.451;0;0;0;0;0;0;0;0;0;0;100;0;0;0;0;0;
10:39:38.534;15.129;0.5;0;23;8.266;0;32;0;0;0;24;0;-27.451;0;0;0;0;0;0;0;0;0;0;100;0;0;0;0;0;
10:39:38.646;15.599;0;0;24;8.27;0;32;0;0;0;24;0;-27.451;0;0;0;0;0;0;0;0;0;0;100;0;0;0;0;0;
10:39:38.744;15.164;0.5;0;24;8.268;0;32;0;0;0;24;0;-27.451;0;0;0;0;0;0;0;0;0;0;100;0;0;0;0;0;
10:39:38.839;15.112;0;0;24;8.266;0;32;0;0;0;24;0;-27.451;0;0;0;0;0;0;0;0;0;0;100;0;0;0;0;0;
10:39:38.952;15.234;0;0;24;8.268;0;32;0;0;0;24;0;-27.451;0;0;0;0;0;0;0;0;0;0;100;0;0;0;0;0;
10:39:39.048;15.112;0.3;0;24;8.268;0.004;32;0;0;0;24;0;-27.451;0;0;0;0;0;0;0;0;0;0;100;0;0;0;0;0;
10:39:39.144;15.303;0.6;0;25;8.268;0;32;0;0;0;24;0;-27.451;0;0;0;0;0;0;0;0;0;0;100;0;0;0;0;0;
10:39:39.255;14.781;0.5;0;25;8.266;0;32;0;0;0;24;0;-27.451;0;0;0;0;0;0;0;0;0;0;100;0;0;0;0;0;
10:39:39.351;15.234;0;0;25;8.268;0;32;0;0;0;24;0;-27.451;0;0;0;0;0;0;0;0;0;0;100;0;0;0;0;0;
10:39:39.448;15.234;0;0;24;8.241;0;32;0;0;0;24;0;-27.451;0;0;0;0;0;0;0;0;0;0;100;0;0;0;0;0;
10:39:39.543;15.234;0;0;24;8.266;0;32;0;0;0;24;0;-27.451;0;0;0;0;0;0;0;0;0;0;100;0;0;0;0;0;
10:39:39.655;15.112;0.8;0;24;8.264;0;32;0;10;0;24;0;-27.451;0;0;0;0;0;0;0;0;0;0;100;0;0;0;0;0;
10:39:39.752;15.234;0.1;0;24;8.268;0;32;0;0;0;24;0;-27.451;0;0;0;0;0;0;0;0;0;0;100;0;0;0;0;0;
10:39:39.849;15.164;0;0;24;8.268;0;32;0;0;0;24;0;-27.451;0;0;0;0;0;0;0;0;0;0;100;0;0;0;0;0;
10:39:39.944;15.216;0;0;25;8.255;0;32;0;0;0;24;0;-27.451;0;0;0;0;0;0;0;0;0;0;100;0;0;0;0;0;
10:39:40.055;15.303;1;0;25;8.266;0;32;0;10;0;24;0;-27.451;0;0;0;0;0;0;0;0;0;0;100;0;0;0;0;0;
10:39:40.152;15.164;0.8;0;25;8.268;0;32;0;10;0;24;0;-27.451;0;0;0;0;0;0;0;0;0;0;100;0;0;0;0;0;
10:39:40.248;15.216;0.6;0;24;8.268;0.004;32;0;0;0;24;0;-27.451;0;0;0;0;0;0;0;0;0;0;100;0;0;0;0;0;
10:39:40.360;15.182;0.5;0;24;8.268;0;32;0;0;0;24;0;-27.451;0;0;0;0;0;0;0;0;0;0;100;0;0;0;0;0;
10:39:40.456;15.199;0.8;0;25;8.27;0;32;0;10;0;24;0;-27.451;0;0;0;0;0;0;0;0;0;0;100;0;0;0;0;0;
10:39:40.551;15.216;0.8;0;25;8.266;0;32;0;10;0;24;0;-27.451;0;0;0;0;0;0;0;0;0;0;100;0;0;0;0;0;
10:39:40.648;15.164;0;0;24;8.268;0;32;0;0;0;24;0;-27.451;0;0;0;0;0;0;0;0;0;0;100;0;0;0;0;0;
10:39:40.761;15.112;0.1;0;24;8.266;0;32;0;0;0;24;0;-27.451;0;0;0;0;0;0;0;0;0;0;100;0;0;0;0;0;
10:39:40.858;15.164;0.8;0;24;8.268;0;32;0;10;0;24;0;-27.451;0;0;0;0;0;0;0;0;0;0;100;0;0;0;0;0;
10:39:40.954;15.199;0;0;24;8.266;0;32;0;0;0;24;0;-27.451;0;0;0;0;0;0;0;0;0;0;100;0;0;0;0;0;
10:39:41.050;15.234;0.6;0;24;8.268;0;32;0;0;0;24;0;-27.451;0;0;0;0;0;0;0;0;0;0;100;0;0;0;0;0;
10:39:41.161;15.182;0.8;0;24;8.266;0;32;0;10;0;24;0;-27.451;0;0;0;0;0;0;0;0;0;0;100;0;0;0;0;0;
10:39:41.256;15.234;0.3;0;24;8.266;0;32;0;0;0;24;0;-27.451;0;0;0;0;0;0;0;0;0;0;100;0;0;0;0;0;
10:39:41.352;15.147;0.6;0;24;8.266;0;32;0;0;0;24;0;-27.451;0;0;0;0;0;0;0;0;0;0;100;0;0;0;0;0;
10:39:41.449;15.234;6.9;0;24;8.279;0;32;19.608;100;0;24;0;0.98;0;0;0;0;0;0;0;0;0;710.7;100;0;0;0;0;0;
10:39:41.561;7.19;6.1;0;24;6.154;0;32;19.608;40;0;24;0;14.706;0;0;0;0;0;0;0;0;10.5;41.8;100;0;0;0;0;0;
10:39:41.656;6.146;5.7;12.3;24;5.943;0;32;19.608;30;11.5;24;0;16.667;0;0;0;0;0;0;0;0;10.5;34.5;100;0;0;0;0;0;
10:39:41.755;6.128;5.7;14.4;24;6.075;0;32;19.608;30;13.5;23;0;19.608;0;0;0;0;0;0;0;0;10.5;29.3;100;0;0;0;0;0;
10:39:41.865;6.059;5.4;14.9;24;6.087;0;32;19.608;30;14;23;0;19.608;0;0;0;0;0;0;0;0;10.5;27.8;100;0;0;0;0;0;
10:39:41.961;6.024;5.6;14.9;24;6.001;0;32;19.608;30;14;23;0;19.608;0;0;0;0;0;0;0;0;10.5;28.8;100;0;0;0;0;0;
10:39:42.057;6.076;5.4;14.7;24;6.015;0;32;19.608;30;13.8;24;0;18.627;0;0;0;0;0;0;0;0;10.5;29.2;100;0;0;0;0;0;
10:39:42.153;5.989;5.4;14.6;24;6.026;0;32;19.608;30;13.7;24;0;19.608;0;0;0;0;0;0;0;0;10.5;27.8;100;0;0;0;0;0;
10:39:42.265;6.076;5.6;14.4;24;5.954;0;32;19.608;30;13.5;24;0;19.608;0;0;0;0;0;0;0;0;10.5;28.8;100;0;0;0;0;0;
10:39:42.362;5.989;5.2;14.3;24;5.853;0;32;19.608;30;13.4;24;0;17.647;0;0;0;0;0;0;0;0;10.5;29.7;100;1;0;0;0;0;
10:39:42.458;6.024;5.2;14.2;24;5.997;0;32;19.608;30;13.3;24;0;18.627;0;0;0;0;0;0;0;0;10.5;28.1;100;1;0;0;0;0;
10:39:42.569;6.093;5.1;14;24;6.221;0;32;19.608;30;13.1;24;0;18.627;0;0;0;0;0;0;0;0;10.5;27.6;100;1;0;0;0;0;
10:39:42.664;6.076;5.6;13.9;24;6.082;0;32;19.608;30;13;24;0;17.647;0;0;0;0;0;0;0;0;10.5;32;100;1;0;0;0;0;
10:39:42.762;6.041;5.6;13.8;24;5.885;0;32;19.608;30;12.9;24;0;17.647;0;0;0;0;0;0;0;0;10.5;32;100;1;0;0;0;0;
10:39:42.859;6.076;5.4;13.8;24;6.116;0;32;19.608;30;12.9;24;0;18.627;0;0;0;0;0;0;0;0;10.5;29.2;100;1;0;0;0;0;
10:39:42.970;6.111;5.2;13.8;24;6.06;0;32;19.608;30;12.9;24;0;17.647;0;0;0;0;0;0;0;0;10.5;29.7;100;1;0;0;0;0;
10:39:43.065;6.076;5.4;13.7;24;6.282;0;32;19.608;30;12.8;24;0;17.647;0;0;0;0;0;0;0;0;10.5;30.9;100;1;0;0;0;0;
10:39:43.162;6.093;5.2;13.6;24;6.291;0;32;19.608;30;12.7;24;0;17.647;0;0;0;0;0;0;0;0;10.5;29.7;100;1;0;0;0;0;
10:39:43.257;6.024;5.2;13.6;24;5.97;0;32;19.608;30;12.7;24;0;17.647;0;0;0;0;0;0;0;0;10.5;29.7;100;1;0;0;0;0;
10:39:43.369;6.093;5.2;13.6;24;6.024;0;32;19.608;30;12.7;24;0;18.627;0;0;0;0;0;0;0;0;10.5;28.1;100;2;0;0;0;0;
10:39:43.465;6.093;5.4;13.5;24;5.977;0;32;19.608;30;12.6;24;0;16.667;0;0;0;0;0;0;0;0;10.5;32.7;100;2;0;0;0;0;
10:39:43.561;6.041;5.2;13.5;24;6.15;0;32;19.608;30;12.6;24;0;17.647;0;0;0;0;0;0;0;0;10.5;29.7;100;2;0;0;0;0;
10:39:43.675;6.076;5.2;13.4;24;5.88;0;32;19.608;30;12.5;24;0;18.627;0;0;0;0;0;0;0;0;10.5;28.1;100;2;0;0;0;0;
10:39:43.770;5.989;5.2;13.4;24;6.215;0;32;19.608;30;12.5;24;0;16.667;0;0;0;0;0;0;0;0;10.5;31.5;100;2;0;0;0;0;
10:39:43.866;6.024;5.4;13.4;24;6.138;0;32;19.608;30;12.5;24;0;16.667;0;0;0;0;0;0;0;0;10.5;32.7;100;2;0;0;0;0;
10:39:43.961;6.076;5.4;13.3;24;6.201;0;32;19.608;30;12.5;24;0;16.667;0;0;0;0;0;0;0;0;10.5;32.7;100;2;0;0;0;0;
10:39:44.074;6.024;5.4;13.3;24;6.154;0;32;19.608;30;12.5;24;0;16.667;0;0;0;0;0;0;0;0;10.5;32.7;100;2;0;0;0;0;
10:39:44.170;6.076;5.2;13.3;24;6.024;0;32;19.608;30;12.5;24;0;17.647;0;0;0;0;0;0;0;0;10.5;29.7;100;2;0;0;0;0;
10:39:44.267;6.076;5.2;13.3;24;5.835;0;32;19.608;30;12.5;24;0;16.667;0;0;0;0;0;0;0;0;10.5;31.5;100;2;0;0;0;0;
10:39:44.362;6.111;5.9;13.2;24;6.392;0;32;19.608;30;12.4;24;0;17.647;0;0;0;0;0;0;0;0;10.5;33.7;100;3;0;0;0;0;
10:39:44.474;6.041;5.4;13.2;24;6.158;0;32;19.608;30;12.4;24;0;16.667;0;0;0;0;0;0;0;0;10.5;32.7;100;3;0;0;0;0;
10:39:44.570;6.024;5.4;13.2;25;5.99;0;32;19.608;30;12.4;24;0;15.686;0;0;0;0;0;0;0;0;10.5;34.7;100;3;0;0;0;0;
10:39:44.667;6.006;5.6;13.2;24;6.033;0;32;19.608;30;12.4;24;0;17.647;0;0;0;0;0;0;0;0;10.5;32;100;3;0;0;0;0;
10:39:44.779;6.163;5.2;13.2;24;6.311;0;32;19.608;30;12.4;24;0;16.667;0;0;0;0;0;0;0;0;10.5;31.5;100;3;0;0;0;0;
10:39:44.874;6.163;5.2;13.2;24;6.311;0;32;19.608;30;12.4;24;0;16.667;0;0;0;0;0;0;0;0;10.5;31.5;100;3;0;0;0;0;
10:39:44.970;6.163;5.2;13.2;24;6.311;0;32;19.608;30;12.4;24;0;16.667;0;0;0;0;0;0;0;0;10.5;31.5;100;3;0;0;0;0;
10:39:45.067;6.163;5.2;13.2;24;6.311;0;32;19.608;30;12.4;24;0;16.667;0;0;0;0;0;0;0;0;10.5;31.5;100;3;0;0;0;0;
10:39:45.179;6.163;5.2;13.2;24;6.311;0;32;19.608;30;12.4;24;0;16.667;0;0;0;0;0;0;0;0;10.5;31.5;100;3;0;0;0;0;
10:39:45.275;6.163;5.2;13.2;24;6.311;0;32;19.608;30;12.4;24;0;16.667;0;0;0;0;0;0;0;0;10.5;31.5;100;3;0;0;0;0;
10:39:45.371;6.163;5.2;13.2;24;6.311;0;32;19.608;30;12.4;24;0;16.667;0;0;0;0;0;0;0;0;10.5;31.5;100;3;0;0;0;0;
10:39:45.484;6.093;5.4;13.1;24;6.486;0;31;19.608;30;12.3;24;0;15.686;0;0;0;0;0;0;0;0;10.5;34.7;100;3;0;0;0;0;
10:39:45.579;6.076;5.1;13.1;24;5.856;0;31;19.608;30;12.3;24;0;15.686;0;0;0;0;0;0;0;0;10.5;32.8;100;3;0;0;0;0;
10:39:45.674;6.006;5.4;13.1;24;6.233;0;31;19.608;30;12.3;24;0;16.667;0;0;0;0;0;0;0;0;10.5;32.7;100;3;0;0;0;0;
10:39:45.788;6.006;5.4;13.2;24;5.755;0;31;19.608;30;12.4;24;0;15.686;0;0;0;0;0;0;0;0;10.5;34.7;100;3;0;0;0;0;
10:39:45.883;6.041;5.2;13.2;25;6.033;0;31;19.608;30;12.4;24;0;16.667;0;0;0;0;0;0;0;0;10.5;31.5;100;3;0;0;0;0;
10:39:45.979;6.059;5.2;13.1;24;6.017;0;31;19.608;30;12.3;24;0;17.647;0;0;0;0;0;0;0;0;10.5;29.7;100;4;0;0;0;0;
10:39:46.074;6.059;5.1;13.1;24;6.082;0;31;19.608;30;12.3;24;0;17.647;0;0;0;0;0;0;0;0;10.5;29.1;100;4;0;0;0;0;
10:39:46.187;6.076;5.4;13.1;24;6.325;0;31;19.608;30;12.3;24;0;16.667;0;0;0;0;0;0;0;0;10.5;32.7;100;4;0;0;0;0;
10:39:46.284;6.076;5.1;13.1;24;6.179;0;31;19.608;30;12.3;24;0;17.647;0;0;0;0;0;0;0;0;10.5;29.1;100;4;0;0;0;0;
10:39:46.379;6.041;5.2;13.1;24;5.952;0;31;19.608;30;12.3;24;0;17.647;0;0;0;0;0;0;0;0;10.5;29.7;100;4;0;0;0;0;
10:39:46.477;6.093;5.4;13.1;24;6.004;0;31;19.608;30;12.3;24;0;17.647;0;0;0;0;0;0;0;0;10.5;30.9;100;4;0;0;0;0;
10:39:46.586;6.059;5.2;13.1;24;6.134;0;31;19.608;30;12.3;24;0;17.647;0;0;0;0;0;0;0;0;10.5;29.7;100;4;0;0;0;0;
10:39:46.683;6.093;5.2;13.1;24;5.936;0;31;19.608;30;12.3;24;0;17.647;0;0;0;0;0;0;0;0;10.5;29.7;100;4;0;0;0;0;
10:39:46.781;6.233;5.2;13.1;24;6.271;0;31;19.608;30;12.3;24;0;16.667;0;0;0;0;0;0;0;0;10.5;31.5;100;4;0;0;0;0;
10:39:46.894;6.146;5.1;13.1;24;6.015;0;31;19.608;30;12.3;24;0;17.647;0;0;0;0;0;0;0;0;10.5;29.1;100;4;0;0;0;0;
10:39:46.988;6.215;5.2;13.1;24;6.084;0;31;19.608;30;12.3;24;0;17.647;0;0;0;0;0;0;0;0;10.5;29.7;100;5;0;0;0;0;
10:39:47.084;6.041;5.2;13.1;24;5.945;0;31;19.608;30;12.3;24;0;17.647;0;0;0;0;0;0;0;0;10.5;29.7;100;5;0;0;0;0;
10:39:47.180;6.041;5.2;13.1;24;6.3;0;31;19.608;30;12.3;24;0;16.667;0;0;0;0;0;0;0;0;10.5;31.5;100;5;0;0;0;0;
10:39:47.293;6.163;5.2;13.1;24;5.983;0;31;19.608;30;12.3;24;0;16.667;0;0;0;0;0;0;0;0;10.5;31.5;100;5;0;0;0;0;
10:39:47.388;6.041;5.4;13.1;24;5.912;0;31;19.608;30;12.3;24;0;16.667;0;0;0;0;0;0;0;0;10.5;32.7;100;5;0;0;0;0;
10:39:47.485;6.093;5.2;13.1;24;5.732;0;31;19.608;30;12.3;24;0;16.667;0;0;0;0;0;0;0;0;10.5;31.5;100;5;0;0;0;0;
10:39:47.596;6.006;5.4;13.2;24;6.176;0;31;19.608;30;12.4;24;0;16.667;0;0;0;0;0;0;0;0;10.5;32.7;100;5;0;0;0;0;
10:39:47.693;6.128;5.1;13.1;24;6.129;0;31;19.608;30;12.3;24;0;17.647;0;0;0;0;0;0;0;0;10.5;29.1;100;5;0;0;0;0;
10:39:47.788;6.076;5.2;13.2;24;5.844;0;31;19.608;30;12.4;24;0;17.647;0;0;0;0;0;0;0;0;10.5;29.7;100;5;0;0;0;0;
10:39:47.884;6.024;5.2;13.2;24;6.102;0;31;19.608;30;12.4;24;0;16.667;0;0;0;0;0;0;0;0;10.5;31.5;100;5;0;0;0;0;
10:39:47.998;6.041;5.2;13.2;24;6.08;0;31;24.51;30;12.4;24;0;16.667;0;0;0;0;0;0;0;0;10.5;31.5;100;6;0;0;0;0;
10:39:48.093;6.041;5.4;13.2;25;5.916;0;31;24.51;30;12.4;24;0;17.647;0;0;0;0;0;0;0;0;10.5;30.9;100;6;0;0;0;0;
10:39:48.190;6.041;5.4;13.2;24;5.948;0;31;24.51;30;12.4;24;0;17.647;0;0;0;0;0;0;0;0;10.5;30.9;100;6;0;0;0;0;
10:39:48.285;6.111;5.2;13.2;24;5.826;0;31;24.51;30;12.4;24;0;16.667;0;0;0;0;0;0;0;0;10.5;31.5;100;6;0;0;0;0;
10:39:48.397;6.181;5.4;13.2;24;6.302;0;31;24.51;30;12.4;24;0;17.647;0;0;0;0;0;0;0;0;10.5;30.9;100;6;0;0;0;0;
10:39:48.493;6.059;5.4;13.2;24;6.255;0;31;24.51;30;12.4;24;0;16.667;0;0;0;0;0;0;0;0;10.5;32.7;100;6;0;0;0;0;
10:39:48.589;6.128;5.2;13.2;24;5.766;0;31;24.51;30;12.4;24;0;15.686;0;0;0;0;0;0;0;0;10.5;33.4;100;6;0;0;0;0;
10:39:48.685;6.128;5.2;13.2;24;5.959;0;31;24.51;30;12.4;24;0;17.647;0;0;0;0;0;0;0;0;10.5;29.7;100;6;0;0;0;0;
10:39:48.798;6.076;5.4;13.2;24;6.107;0;31;24.51;30;12.4;24;0;17.647;0;0;0;0;0;0;0;0;10.5;30.9;100;6;0;0;0;0;
10:39:48.894;6.111;5.4;13.2;24;5.867;0;31;24.51;30;12.4;24;0;18.627;0;0;0;0;0;0;0;0;10.5;29.2;100;6;0;0;0;0;
10:39:48.990;6.111;5.2;13.2;24;6.334;0;31;24.51;30;12.4;24;0;16.667;0;0;0;0;0;0;0;0;10.5;31.5;100;7;0;0;0;0;
10:39:49.087;6.041;5.2;13.2;24;6.136;0;31;24.51;30;12.4;24;0;16.667;0;0;0;0;0;0;0;0;10.5;31.5;100;7;0;0;0;0;
10:39:49.198;6.024;5.4;13.3;24;5.912;0;31;24.51;30;12.5;24;0;17.647;0;0;0;0;0;0;0;0;10.5;30.9;100;7;0;0;0;0;
10:39:49.293;6.059;5.4;13.3;24;5.898;0;31;24.51;30;12.5;24;0;18.627;0;0;0;0;0;0;0;0;10.5;29.2;100;7;0;0;0;0;
10:39:49.389;6.041;5.2;13.3;24;6.082;0;31;24.51;30;12.5;24;0;17.647;0;0;0;0;0;0;0;0;10.5;29.7;100;7;0;0;0;0;
10:39:49.503;6.076;5.4;13.3;24;6.031;0;31;24.51;30;12.5;24;0;17.647;0;0;0;0;0;0;0;0;10.5;30.9;100;7;0;0;0;0;
10:39:49.597;6.076;5.4;13.3;24;6.1;0;31;24.51;30;12.5;24;0;17.647;0;0;0;0;0;0;0;0;10.5;30.9;100;7;0;0;0;0;
10:39:49.695;6.059;5.6;13.3;24;5.847;0;31;24.51;30;12.5;24;0;16.667;0;0;0;0;0;0;0;0;10.5;33.9;100;7;0;0;0;0;
10:39:49.791;5.972;5.4;13.3;24;5.815;0;31;24.51;30;12.5;24;0;17.647;0;0;0;0;0;0;0;0;10.5;30.9;100;7;0;0;0;0;
10:39:49.901;6.111;5.1;13.3;24;5.961;0;31;24.51;30;12.5;24;0;17.647;0;0;0;0;0;0;0;0;10.5;29.1;100;7;0;0;0;0;
10:39:49.997;6.163;5.4;13.3;24;6.453;0;31;24.51;30;12.5;24;0;16.667;0;0;0;0;0;0;0;0;10.5;32.7;100;8;0;0;0;0;
10:39:50.094;6.076;5.6;13.3;24;5.784;0;30;24.51;30;12.5;24;0;16.667;0;0;0;0;0;0;0;0;10.5;33.9;100;8;0;0;0;0;
10:39:50.191;6.093;5.2;13.3;24;6.194;0;31;24.51;30;12.5;24;0;17.647;0;0;0;0;0;0;0;0;10.5;29.7;100;8;0;0;0;0;
10:39:50.303;6.093;5.2;13.3;24;6.017;0;31;24.51;30;12.5;24;0;17.647;0;0;0;0;0;0;0;0;10.5;29.7;100;8;0;0;0;0;
10:39:50.398;6.093;5.4;13.3;24;5.804;0;31;24.51;30;12.5;24;0;16.667;0;0;0;0;0;0;0;0;10.5;32.7;100;8;0;0;0;0;
10:39:50.495;6.041;5.2;13.4;24;6.123;0;31;24.51;30;12.5;24;0;17.647;0;0;0;0;0;0;0;0;10.5;29.7;100;8;0;0;0;0;
10:39:50.607;6.093;5.4;13.4;24;6.071;0;30;24.51;30;12.5;24;0;17.647;0;0;0;0;0;0;0;0;10.5;30.9;100;8;0;0;0;0;
10:39:50.703;6.076;5.6;13.4;24;6.04;0;31;24.51;30;12.5;24;0;17.647;0;0;0;0;0;0;0;0;10.5;32;100;8;0;0;0;0;
10:39:50.798;6.076;5.4;13.4;24;6.109;0;31;24.51;30;12.5;24;0;17.647;0;0;0;0;0;0;0;0;10.5;30.9;100;8;0;0;0;0;
10:39:50.894;6.024;5.4;13.4;24;6.235;0;31;24.51;30;12.5;24;0;16.667;0;0;0;0;0;0;0;0;10.5;32.7;100;8;0;0;0;0;
10:39:51.006;6.128;5.2;13.4;24;6.412;0;31;24.51;30;12.5;24;0;17.647;0;0;0;0;0;0;0;0;10.5;29.7;100;9;0;0;0;0;
10:39:51.102;6.076;5.6;13.4;24;6.244;0;31;24.51;30;12.5;24;0;17.647;0;0;0;0;0;0;0;0;10.5;32;100;9;0;0;0;0;
10:39:51.200;6.111;5.4;13.4;24;6.051;0;31;24.51;30;12.5;24;0;17.647;0;0;0;0;0;0;0;0;10.5;30.9;100;9;0;0;0;0;
10:39:51.311;6.111;5.6;13.4;24;6.257;0;31;24.51;30;12.5;24;0;17.647;0;0;0;0;0;0;0;0;10.5;32;100;9;0;0;0;0;
10:39:51.408;5.919;5.4;13.4;25;6.192;0;31;24.51;30;12.5;24;0;16.667;0;0;0;0;0;0;0;0;10.5;32.7;100;9;0;0;0;0;
10:39:51.503;6.076;5.6;13.5;24;6.053;0;31;24.51;30;12.6;24;0;16.667;0;0;0;0;0;0;0;0;10.5;33.9;100;9;0;0;0;0;
10:39:51.599;6.093;5.1;13.4;24;6.044;0;31;24.51;30;12.5;24;0;17.647;0;0;0;0;0;0;0;0;10.5;29.1;100;9;0;0;0;0;
10:39:51.712;6.093;5.4;13.4;24;6.111;0;31;24.51;30;12.5;24;0;17.647;0;0;0;0;0;0;0;0;10.5;30.9;100;9;0;0;0;0;
10:39:51.808;6.093;5.4;13.4;24;6.376;0;31;24.51;30;12.5;24;0;16.667;0;0;0;0;0;0;0;0;10.5;32.7;100;9;0;0;0;0;
10:39:51.903;11.63;2.2;13.1;24;8.246;0;30;0;20;12.3;24;0;-27.451;0;0;0;0;0;0;0;0;10.5;0;100;9;0;0;0;0;
10:39:52.015;14.398;0;7.7;24;8.257;0.069;30;0;0;7.2;24;0;-27.451;0;0;0;0;0;0;0;0;0;0;100;9;0;0;0;0;
10:39:52.111;14.59;0;0;24;8.264;0.019;31;0;0;0;24;0;-27.451;0;0;0;0;0;0;0;0;0;0;100;9;0;0;0;0;
10:39:52.209;14.624;0.1;0;24;8.257;0.097;30;0;0;0;24;0;-27.451;0;0;0;0;0;0;0;0;0;0;100;9;0;0;0;0;
10:39:52.304;14.746;0.3;0;25;8.259;0.027;30;0;0;0;24;0;-27.451;0;0;0;0;0;0;0;0;0;0;100;9;0;0;0;0;
10:39:52.416;14.555;0;0;25;8.264;0;31;0;0;0;24;0;-27.451;0;0;0;0;0;0;0;0;0;0;100;9;0;0;0;0;
10:39:52.511;14.624;0;0;25;8.259;0;31;0;0;0;24;0;-27.451;0;0;0;0;0;0;0;0;0;0;100;9;0;0;0;0;
10:39:52.608;14.624;0;0;24;8.257;0;31;0;0;0;24;0;-27.451;0;0;0;0;0;0;0;0;0;0;100;9;0;0;0;0;
10:39:52.705;14.694;0.6;0;24;8.259;0.008;31;0;0;0;24;0;-27.451;0;0;0;0;0;0;0;0;0;0;100;9;0;0;0;0;
10:39:52.817;14.677;0;0;25;8.261;0;31;0;0;0;24;0;-27.451;0;0;0;0;0;0;0;0;0;0;100;9;0;0;0;0;
10:39:52.913;14.729;0;0;25;8.259;0;31;0;0;0;24;0;-27.451;0;0;0;0;0;0;0;0;0;0;100;9;0;0;0;0;
10:39:53.009;14.711;0;0;25;8.259;0;31;0;0;0;24;0;-27.451;0;0;0;0;0;0;0;0;0;0;100;9;0;0;0;0;
10:39:53.121;14.59;0.1;0;24;8.257;0;31;0;0;0;24;0;-27.451;0;0;0;0;0;0;0;0;0;0;100;9;0;0;0;0;
10:39:53.216;14.694;0.1;0;24;8.259;0.004;31;0;0;0;24;0;-27.451;0;0;0;0;0;0;0;0;0;0;100;9;0;0;0;0;
10:39:53.312;14.659;0.8;0;25;8.264;0.004;31;0;10;0;24;0;-27.451;0;0;0;0;0;0;0;0;0;0;100;9;0;0;0;0;
10:39:53.409;14.607;0.1;0;26;8.261;0;31;0;0;0;24;0;-27.451;0;0;0;0;0;0;0;0;0;0;100;9;0;0;0;0;
10:39:53.521;14.642;0.5;0;26;8.261;0;31;0;0;0;24;0;-27.451;0;0;0;0;0;0;0;0;0;0;100;9;0;0;0;0;
10:39:53.617;14.642;0.5;0;25;8.261;0;31;0;0;0;24;0;-27.451;0;0;0;0;0;0;0;0;0;0;100;9;0;0;0;0;
10:39:53.712;13.841;17.1;0;24;8.257;0;31;0;230;0;24;0;-27.451;0;0;0;0;0;0;0;0;0;0;100;9;0;0;0;0;
10:39:53.825;14.694;0.5;0;24;8.261;0;31;0;0;0;24;0;-27.451;0;0;0;0;0;0;0;0;0;0;100;9;0;0;0;0;
10:39:53.921;14.642;0.5;0;24;8.261;0.143;31;0;0;0;24;0;-27.451;0;0;0;0;0;0;0;0;0;0;100;9;0;0;0;0;
10:39:54.017;14.711;0.3;0;25;8.268;0.004;32;0;0;0;24;0;-27.451;0;0;0;0;0;0;0;0;0;0;100;9;0;0;0;0;
10:39:54.130;14.973;0;0;24;8.259;0;31;0;0;0;24;0;-27.451;0;0;0;0;0;0;0;0;0;0;100;9;0;0;0;0;
10:39:54.224;14.694;0.6;0;24;8.261;0;31;0;0;0;24;0;-27.451;0;0;0;0;0;0;0;0;0;0;100;9;0;0;0;0;
10:39:54.321;14.677;0;0;24;8.259;0;30;25.49;0;0;24;0;5.882;0;0;0;0;0;0;0;0;0;0;100;9;0;0;0;0;
10:39:54.416;6.651;5.2;0;24;5.654;0;31;25.49;30;0;24;0;9.804;0;0;0;0;0;0;0;0;10.5;53.5;100;10;0;0;0;0;
10:39:54.529;6.076;5.2;10.3;24;6.132;0;31;25.49;30;9.6;24;0;15.686;0;0;0;0;0;0;0;0;10.5;33.4;100;10;0;0;0;0;
10:39:54.624;6.076;5.4;12.7;24;6.228;0;31;25.49;30;11.9;24;0;16.667;0;0;0;0;0;0;0;0;10.5;32.7;100;10;0;0;0;0;
10:39:54.721;6.128;5.1;13.1;24;6.34;0;31;25.49;30;12.3;24;0;16.667;0;0;0;0;0;0;0;0;10.5;30.9;100;10;0;0;0;0;
10:39:54.834;6.059;5.1;13.1;24;6.176;0;31;25.49;30;12.3;24;0;16.667;0;0;0;0;0;0;0;0;10.5;30.9;100;10;0;0;0;0;
10:39:54.929;6.076;5.4;13.1;24;6.244;0;31;25.49;30;12.3;24;0;16.667;0;0;0;0;0;0;0;0;10.5;32.7;100;10;0;0;0;0;
10:39:55.026;6.006;5.4;13.1;24;6.266;0;31;25.49;30;12.3;24;0;16.667;0;0;0;0;0;0;0;0;10.5;32.7;100;10;0;0;0;0;
10:39:55.120;6.093;5.4;13;24;5.891;0;31;25.49;30;12.2;24;0;16.667;0;0;0;0;0;0;0;0;10.5;32.7;100;10;0;0;0;0;
10:39:55.233;6.059;5.2;13;24;6.197;0;31;25.49;30;12.2;24;0;16.667;0;0;0;0;0;0;0;0;10.5;31.5;100;10;0;0;0;0;
10:39:55.329;6.041;5.2;12.9;24;6.004;0;31;25.49;30;12.1;24;0;17.647;0;0;0;0;0;0;0;0;10.5;29.7;100;10;0;0;0;0;
10:39:55.425;6.024;5.1;12.9;24;5.948;0;31;25.49;30;12.1;24;0;16.667;0;0;0;0;0;0;0;0;10.5;30.9;100;11;0;0;0;0;
10:39:55.521;6.059;5.2;12.8;24;5.941;0;31;25.49;30;12;24;0;17.647;0;0;0;0;0;0;0;0;10.5;29.7;100;11;0;0;0;0;
10:39:55.633;6.059;5.4;12.9;24;5.914;0;31;25.49;30;12.1;24;0;17.647;0;0;0;0;0;0;0;0;10.5;30.9;100;11;0;0;0;0;
10:39:55.729;6.041;5.2;12.8;24;5.968;0;31;25.49;30;12;24;0;17.647;0;0;0;0;0;0;0;0;10.5;29.7;100;11;0;0;0;0;
10:39:55.825;6.093;5.4;12.8;24;5.797;0;31;25.49;30;12;24;0;15.686;0;0;0;0;0;0;0;0;10.5;34.7;100;11;0;0;0;0;
10:39:55.937;6.111;5.4;12.8;24;6.129;0;31;25.49;30;12;24;0;16.667;0;0;0;0;0;0;0;0;10.5;32.7;100;11;0;0;0;0;
10:39:56.032;6.076;5.1;12.7;24;6.284;0;31;25.49;30;11.9;24;0;16.667;0;0;0;0;0;0;0;0;10.5;30.9;100;11;0;0;0;0;
10:39:56.129;6.076;5.4;12.7;24;6.176;0;31;25.49;30;11.9;24;0;16.667;0;0;0;0;0;0;0;0;10.5;32.7;100;11;0;0;0;0;
10:39:56.242;6.111;5.2;12.7;24;6.199;0;31;25.49;30;11.9;24;0;16.667;0;0;0;0;0;0;0;0;10.5;31.5;100;11;0;0;0;0;
10:39:56.338;6.093;5.6;12.7;24;5.936;0;31;25.49;30;11.9;24;0;15.686;0;0;0;0;0;0;0;0;10.5;36;100;11;0;0;0;0;
10:39:56.434;6.059;5.1;12.7;24;5.943;0;31;25.49;30;11.9;24;0;16.667;0;0;0;0;0;0;0;0;10.5;30.9;100;12;0;0;0;0;
10:39:56.529;6.093;5.2;12.7;24;5.862;0;31;25.49;30;11.9;24;0;15.686;0;0;0;0;0;0;0;0;10.5;33.4;100;12;0;0;0;0;
10:39:56.626;6.059;5.2;12.7;25;6.089;0;31;25.49;30;11.9;24;0;17.647;0;0;0;0;0;0;0;0;10.5;29.7;100;12;0;0;0;0;
10:39:56.739;6.041;5.1;12.7;25;6.154;0;31;25.49;30;11.9;24;0;16.667;0;0;0;0;0;0;0;0;10.5;30.9;100;12;0;0;0;0;
10:39:56.834;6.006;5.2;12.7;24;5.918;0;31;25.49;30;11.9;24;0;15.686;0;0;0;0;0;0;0;0;10.5;33.4;100;12;0;0;0;0;
10:39:56.930;6.093;5.6;12.7;25;6.36;0;31;25.49;30;11.9;24;0;15.686;0;0;0;0;0;0;0;0;10.5;36;100;12;0;0;0;0;
10:39:57.042;6.059;5.4;12.7;25;6.145;0;31;25.49;30;11.9;24;0;16.667;0;0;0;0;0;0;0;0;10.5;32.7;100;12;0;0;0;0;
10:39:57.138;6.059;5.4;12.6;24;6.109;0;31;25.49;30;11.8;24;0;16.667;0;0;0;0;0;0;0;0;10.5;32.7;100;12;0;0;0;0;
10:39:57.234;11.908;0;12.3;24;8.248;0;30;0;0;11.5;24;0;-27.451;0;0;0;0;0;0;0;0;10.5;0;100;12;0;0;0;0;
10:39:57.330;14.398;0;6.3;24;8.255;0;30;0;0;5.9;24;0;-27.451;0;0;0;0;0;0;0;0;0;0;100;12;0;0;0;0;
10:39:57.443;14.415;0;0;25;8.257;0;30;0;0;0;24;0;-27.451;0;0;0;0;0;0;0;0;0;0;100;12;0;0;0;0;
10:39:57.539;14.468;0;0;24;8.259;0.008;31;0;0;0;24;0;-27.451;0;0;0;0;0;0;0;0;0;0;100;12;0;0;0;0;
10:39:57.636;14.468;0;0;23;8.255;0;31;0;0;0;24;0;-27.451;0;0;0;0;0;0;0;0;0;0;100;12;0;0;0;0;
10:39:57.746;14.59;0.1;0;23;8.259;0.015;30;0;0;0;24;0;-27.451;0;0;0;0;0;0;0;0;0;0;100;12;0;0;0;0;
10:39:57.843;14.59;0.1;0;24;8.268;0.004;30;0;0;0;24;0;-27.451;0;0;0;0;0;0;0;0;0;0;100;12;0;0;0;0;
10:39:57.939;14.642;0.5;0;25;8.259;0;30;0;0;0;24;0;-27.451;0;0;0;0;0;0;0;0;0;0;100;12;0;0;0;0;
10:39:58.049;14.642;0.6;0;25;8.257;0;31;0;0;0;24;0;-27.451;0;0;0;0;0;0;0;0;0;0;100;12;0;0;0;0;
10:39:58.156;14.59;0.1;0;25;8.261;0;31;0;0;0;24;0;-27.451;0;0;0;0;0;0;0;0;0;0;100;12;0;0;0;0;
10:39:58.241;14.642;0;0;24;8.259;0;31;0;0;0;24;0;-27.451;0;0;0;0;0;0;0;0;0;0;100;12;0;0;0;0;
10:39:58.337;14.659;0.5;0;24;8.259;0;31;0;0;0;24;0;-27.451;0;0;0;0;0;0;0;0;0;0;100;12;0;0;0;0;
10:39:58.450;14.624;0.5;0;24;8.257;0;31;0;0;0;24;0;-27.451;0;0;0;0;0;0;0;0;0;0;100;12;0;0;0;0;
10:39:58.547;14.624;0.5;0;25;8.261;0.008;31;0;0;0;24;0;-27.451;0;0;0;0;0;0;0;0;0;0;100;12;0;0;0;0;
10:39:58.642;14.694;0;0;25;8.259;0.008;31;0;0;0;24;0;-27.451;0;0;0;0;0;0;0;0;0;0;100;12;0;0;0;0;
10:39:58.738;14.694;0;0;25;8.259;0.008;31;0;0;0;24;0;-27.451;0;0;0;0;0;0;0;0;0;0;100;12;0;0;0;0;
10:39:58.849;14.694;0;0;25;8.259;0.008;31;0;0;0;24;0;-27.451;0;0;0;0;0;0;0;0;0;0;100;12;0;0;0;0;
10:39:58.947;14.694;0;0;25;8.259;0.008;31;0;0;0;24;0;-27.451;0;0;0;0;0;0;0;0;0;0;100;12;0;0;0;0;
10:39:59.043;14.694;0;0;25;8.259;0.008;31;0;0;0;24;0;-27.451;0;0;0;0;0;0;0;0;0;0;100;12;0;0;0;0;
10:39:59.137;14.694;0;0;25;8.259;0.008;31;0;0;0;24;0;-27.451;0;0;0;0;0;0;0;0;0;0;100;12;0;0;0;0;
10:39:59.250;14.694;0;0;25;8.259;0.008;31;0;0;0;24;0;-27.451;0;0;0;0;0;0;0;0;0;0;100;12;0;0;0;0;
10:39:59.346;14.694;0;0;25;8.259;0.008;31;0;0;0;24;0;-27.451;0;0;0;0;0;0;0;0;0;0;100;12;0;0;0;0;
10:39:59.443;14.694;0;0;25;8.259;0.008;31;0;0;0;24;0;-27.451;0;0;0;0;0;0;0;0;0;0;100;12;0;0;0;0;
10:39:59.555;14.694;0;0;25;8.259;0.008;31;0;0;0;24;0;-27.451;0;0;0;0;0;0;0;0;0;0;100;12;0;0;0;0;
10:39:59.650;14.694;0;0;25;8.259;0.008;31;0;0;0;24;0;-27.451;0;0;0;0;0;0;0;0;0;0;100;12;0;0;0;0;
10:39:59.746;14.851;0.1;0;25;8.257;0;31;0;0;0;24;0;-27.451;0;0;0;0;0;0;0;0;0;0;100;12;0;0;0;0;
10:39:59.859;14.694;0.3;0;25;8.286;0;31;0;0;0;23;0;-27.451;0;0;0;0;0;0;0;0;0;0;100;12;0;0;0;0;
10:39:59.954;14.694;0.6;0;25;8.257;0;31;0;0;0;23;0;-27.451;0;0;0;0;0;0;0;0;0;0;100;12;0;0;0;0;
10:40:00.051;14.711;0.3;0;24;8.259;0;31;0;0;0;23;0;-27.451;0;0;0;0;0;0;0;0;0;0;100;12;0;0;0;0;
10:40:00.147;14.694;0.3;0;24;8.261;0;31;0;0;0;24;0;-27.451;0;0;0;0;0;0;0;0;0;0;100;12;0;0;0;0;
10:40:00.258;14.764;0.8;0;24;8.259;0;31;0;10;0;24;0;-27.451;0;0;0;0;0;0;0;0;0;0;100;12;0;0;0;0;
10:40:00.356;14.764;0.3;0;24;8.259;0;31;0;0;0;24;0;-27.451;0;0;0;0;0;0;0;0;0;0;100;12;0;0;0;0;
10:40:00.452;14.711;0;0;25;8.261;0.004;31;0;0;0;24;0;-27.451;0;0;0;0;0;0;0;0;0;0;100;12;0;0;0;0;
10:40:00.564;14.711;0.1;0;25;8.315;0;31;0;0;0;24;0;-27.451;0;0;0;0;0;0;0;0;0;0;100;12;0;0;0;0;
10:40:00.659;14.677;0.5;0;25;8.261;0;31;0;0;0;24;0;-27.451;0;0;0;0;0;0;0;0;0;0;100;12;0;0;0;0;
10:40:00.755;14.764;0;0;24;8.259;0;31;0;0;0;24;0;-27.451;0;0;0;0;0;0;0;0;0;0;100;12;0;0;0;0;
10:40:00.851;14.694;0.3;0;24;8.261;0;31;0;0;0;24;0;-27.451;0;0;0;0;0;0;0;0;0;0;100;12;0;0;0;0;
10:40:00.963;14.764;0;0;25;8.257;0;31;0;0;0;24;0;-27.451;0;0;0;0;0;0;0;0;0;0;100;12;0;0;0;0;
10:40:01.059;14.798;0.6;0;26;8.261;0;31;0;0;0;24;0;-27.451;0;0;0;0;0;0;0;0;0;0;100;12;0;0;0;0;
10:40:01.155;14.694;0.6;0;25;8.259;0;31;0;0;0;24;0;-27.451;0;0;0;0;0;0;0;0;0;0;100;12;0;0;0;0;
10:40:01.267;14.711;0.1;0;24;8.264;0;31;0;0;0;24;0;-27.451;0;0;0;0;0;0;0;0;0;0;100;12;0;0;0;0;
10:40:01.362;15.077;0.6;0;24;8.259;0;31;0;0;0;24;0;-27.451;0;0;0;0;0;0;0;0;0;0;100;12;0;0;0;0;
10:40:01.458;14.816;3.2;0;23;8.259;0;31;0;40;0;24;0;-27.451;0;0;0;0;0;0;0;0;0;0;100;12;0;0;0;0;
10:40:01.554;14.764;0;0;24;8.259;0;31;0;0;0;24;0;-27.451;0;0;0;0;0;0;0;0;0;0;100;12;0;0;0;0;
10:40:01.667;14.851;0.6;0;21;8.261;0;31;0;0;0;24;0;-27.451;0;0;0;0;0;0;0;0;0;0;100;12;0;0;0;0;
10:40:01.763;14.711;0.5;0;21;8.261;0.004;31;0;0;0;24;0;-27.451;0;0;0;0;0;0;0;0;0;0;100;12;0;0;0;0;
10:40:01.859;14.781;0.5;0;24;8.261;0;31;0;0;0;24;0;-27.451;0;0;0;0;0;0;0;0;0;0;100;12;0;0;0;0;
10:40:01.972;14.798;0.3;0;25;8.261;0;31;0;0;0;24;0;-27.451;0;0;0;0;0;0;0;0;0;0;100;12;0;0;0;0;
10:40:02.068;14.764;0;0;25;8.264;0.004;31;0;0;0;24;0;-27.451;0;0;0;0;0;0;0;0;0;0;100;12;0;0;0;0;
10:40:02.163;14.833;0;0;25;8.257;0;31;0;0;0;24;0;-27.451;0;0;0;0;0;0;0;0;0;0;100;12;0;0;0;0;
10:40:02.260;14.781;0.8;0;25;8.261;0;31;0;10;0;24;0;-27.451;0;0;0;0;0;0;0;0;0;0;100;12;0;0;0;0;
10:40:02.355;14.798;0.3;0;24;8.261;0;31;0;0;0;24;0;-27.451;0;0;0;0;0;0;0;0;0;0;100;12;0;0;0;0;
10:40:02.468;14.746;0;0;25;8.259;0;31;0;0;0;24;0;-27.451;0;0;0;0;0;0;0;0;0;0;100;12;0;0;0;0;
10:40:02.564;14.833;0;0;25;8.261;0;31;0;0;0;24;0;-27.451;0;0;0;0;0;0;0;0;0;0;100;12;0;0;0;0;
10:40:02.660;14.833;0;0;25;8.264;0;31;0;0;0;24;0;-27.451;0;0;0;0;0;0;0;0;0;0;100;12;0;0;0;0;
10:40:02.772;14.746;0.6;0;25;8.264;0;31;0;0;0;24;0;-27.451;0;0;0;0;0;0;0;0;0;0;100;12;0;0;0;0;
10:40:02.868;14.833;0.6;0;25;8.228;0;31;0;0;0;24;0;-27.451;0;0;0;0;0;0;0;0;0;0;100;12;0;0;0;0;
10:40:02.964;14.816;0.3;0;26;8.268;0;31;0;0;0;24;0;-27.451;0;0;0;0;0;0;0;0;0;0;100;12;0;0;0;0;
10:40:03.076;14.729;0.5;0;26;8.261;0;31;0;0;0;24;0;-27.451;0;0;0;0;0;0;0;0;0;0;100;12;0;0;0;0;
10:40:03.172;14.816;0.8;0;25;8.261;0;31;0;10;0;24;0;-27.451;0;0;0;0;0;0;0;0;0;0;100;12;0;0;0;0;
